execution_id,experiment,AOI,sensor,train_years,target_year,processing_hash,source_manifest_hash,AOI_geometry_hash,block_manifest_hash,code_version,timestamp,rolling_id,history_length,target_n,target_block_n,RMSE,MAE,Bias,R2,Pearson_r,n,history_length_rank_by_global_RMSE,run_id
rolling_origin-c24cf32cd0b4030fa5a4,rolling_origin,AOI-00,sentinel2,2023,2024,3fab57b81623045f745beeaa0c1615c51b0d44344beaa74a1025ee4450b699c7,9abcfb4ecbe4b063ec61cc922755009544dc617843ae27ba909a649bab41a3d6,1546767a1ff01463f1bf4ea81cd86b44fbf42ba20f48c2d45d50120a3bab3ca5,da07a6bbac9293f09a6effffcf5dbea99b553c25f0c77c183163cdcec9ea4121,4f4edd63727cab87abbe3961a2b2203656f8bcd1d1ef5702a3c6764ff611f672,2026-08-29T05:02:46.001853+00:00,R2024-H1,1,15819,39,0.0619587970420514,0.0483820572791955,0.001209594369721,0.5533298137635385,0.7591731831827759,15819,2.0,rolling_origin--AOI-00--sentinel2--R2024-H1
rolling_origin-e272caf0b3629f8ea204,rolling_origin,AOI-00,sentinel2,2022;2023,2024,3fab57b81623045f745beeaa0c1615c51b0d44344beaa74a1025ee4450b699c7,9abcfb4ecbe4b063ec61cc922755009544dc617843ae27ba909a649bab41a3d6,1546767a1ff01463f1bf4ea81cd86b44fbf42ba20f48c2d45d50120a3bab3ca5,da07a6bbac9293f09a6effffcf5dbea99b553c25f0c77c183163cdcec9ea4121,4f4edd63727cab87abbe3961a2b2203656f8bcd1d1ef5702a3c6764ff611f672,2026-08-29T05:02:46.033241+00:00,R2024-H2,2,15819,39,0.0616251519768803,0.0482686752266148,0.0021346058500921,0.5581274551887887,0.7591706043119126,15819,1.0,rolling_origin--AOI-00--sentinel2--R2024-H2
rolling_origin-5f8ac5fb97abaced1244,rolling_origin,AOI-00,sentinel2,2021;2022;2023,2024,3fab57b81623045f745beeaa0c1615c51b0d44344beaa74a1025ee4450b699c7,9abcfb4ecbe4b063ec61cc922755009544dc617843ae27ba909a649bab41a3d6,1546767a1ff01463f1bf4ea81cd86b44fbf42ba20f48c2d45d50120a3bab3ca5,da07a6bbac9293f09a6effffcf5dbea99b553c25f0c77c183163cdcec9ea4121,4f4edd63727cab87abbe3961a2b2203656f8bcd1d1ef5702a3c6764ff611f672,2026-08-29T05:02:46.067455+00:00,R2024-H3,3,15819,39,0.0624077720657041,0.0492384458724026,0.011376970264674,0.5468329038170205,0.759163345054446,15819,3.0,rolling_origin--AOI-00--sentinel2--R2024-H3
rolling_origin-ede872fd9ca5576b6ebe,rolling_origin,AOI-00,sentinel2,2024,2025,3fab57b81623045f745beeaa0c1615c51b0d44344beaa74a1025ee4450b699c7,9abcfb4ecbe4b063ec61cc922755009544dc617843ae27ba909a649bab41a3d6,1546767a1ff01463f1bf4ea81cd86b44fbf42ba20f48c2d45d50120a3bab3ca5,da07a6bbac9293f09a6effffcf5dbea99b553c25f0c77c183163cdcec9ea4121,4f4edd63727cab87abbe3961a2b2203656f8bcd1d1ef5702a3c6764ff611f672,2026-08-29T05:02:46.092618+00:00,R2025-H1,1,19233,39,0.0657804286961394,0.0536638642768462,-0.0301752875949149,0.5492768605473173,0.8066261669952048,19233,3.0,rolling_origin--AOI-00--sentinel2--R2025-H1
rolling_origin-ccfcb37fbe7da4fb1594,rolling_origin,AOI-00,sentinel2,2023;2024,2025,3fab57b81623045f745beeaa0c1615c51b0d44344beaa74a1025ee4450b699c7,9abcfb4ecbe4b063ec61cc922755009544dc617843ae27ba909a649bab41a3d6,1546767a1ff01463f1bf4ea81cd86b44fbf42ba20f48c2d45d50120a3bab3ca5,da07a6bbac9293f09a6effffcf5dbea99b553c25f0c77c183163cdcec9ea4121,4f4edd63727cab87abbe3961a2b2203656f8bcd1d1ef5702a3c6764ff611f672,2026-08-29T05:02:46.120760+00:00,R2025-H2,2,19233,39,0.0636924625340405,0.0517376722639086,-0.0265058849489071,0.5774359597685467,0.8066261669952032,19233,2.0,rolling_origin--AOI-00--sentinel2--R2025-H2
rolling_origin-bab0b4eb26800afe0cd2,rolling_origin,AOI-00,sentinel2,2022;2023;2024,2025,3fab57b81623045f745beeaa0c1615c51b0d44344beaa74a1025ee4450b699c7,9abcfb4ecbe4b063ec61cc922755009544dc617843ae27ba909a649bab41a3d6,1546767a1ff01463f1bf4ea81cd86b44fbf42ba20f48c2d45d50120a3bab3ca5,da07a6bbac9293f09a6effffcf5dbea99b553c25f0c77c183163cdcec9ea4121,4f4edd63727cab87abbe3961a2b2203656f8bcd1d1ef5702a3c6764ff611f672,2026-08-29T05:02:46.152827+00:00,R2025-H3,3,19233,39,0.0635190706274575,0.0515710545134839,-0.0260677225284827,0.5797335457065202,0.8066261669952041,19233,1.0,rolling_origin--AOI-00--sentinel2--R2025-H3
rolling_origin-4c3f1ea4a5623c0976d8,rolling_origin,AOI-00,landsat,2023,2024,3fab57b81623045f745beeaa0c1615c51b0d44344beaa74a1025ee4450b699c7,9abcfb4ecbe4b063ec61cc922755009544dc617843ae27ba909a649bab41a3d6,1546767a1ff01463f1bf4ea81cd86b44fbf42ba20f48c2d45d50120a3bab3ca5,da07a6bbac9293f09a6effffcf5dbea99b553c25f0c77c183163cdcec9ea4121,4f4edd63727cab87abbe3961a2b2203656f8bcd1d1ef5702a3c6764ff611f672,2026-08-29T05:02:46.224882+00:00,R2024-H1,1,20186,39,0.0533728216406001,0.0434115904109187,0.0227985451994742,0.667898639718175,0.8542145165039157,20186,3.0,rolling_origin--AOI-00--landsat--R2024-H1
rolling_origin-c831d1003c1c1ae1a639,rolling_origin,AOI-00,landsat,2022;2023,2024,3fab57b81623045f745beeaa0c1615c51b0d44344beaa74a1025ee4450b699c7,9abcfb4ecbe4b063ec61cc922755009544dc617843ae27ba909a649bab41a3d6,1546767a1ff01463f1bf4ea81cd86b44fbf42ba20f48c2d45d50120a3bab3ca5,da07a6bbac9293f09a6effffcf5dbea99b553c25f0c77c183163cdcec9ea4121,4f4edd63727cab87abbe3961a2b2203656f8bcd1d1ef5702a3c6764ff611f672,2026-08-29T05:02:46.254868+00:00,R2024-H2,2,20186,39,0.052239991013891,0.0424381717845947,0.0192725112100116,0.6818466390847546,0.8542145165039182,20186,2.0,rolling_origin--AOI-00--landsat--R2024-H2
rolling_origin-7a0f9ecb938966029535,rolling_origin,AOI-00,landsat,2021;2022;2023,2024,3fab57b81623045f745beeaa0c1615c51b0d44344beaa74a1025ee4450b699c7,9abcfb4ecbe4b063ec61cc922755009544dc617843ae27ba909a649bab41a3d6,1546767a1ff01463f1bf4ea81cd86b44fbf42ba20f48c2d45d50120a3bab3ca5,da07a6bbac9293f09a6effffcf5dbea99b553c25f0c77c183163cdcec9ea4121,4f4edd63727cab87abbe3961a2b2203656f8bcd1d1ef5702a3c6764ff611f672,2026-08-29T05:02:46.287303+00:00,R2024-H3,3,20186,39,0.0519406826048345,0.042224999406104,0.0191439408199023,0.6854819068708957,0.8542145165039171,20186,1.0,rolling_origin--AOI-00--landsat--R2024-H3
rolling_origin-2a05c85d513f9483cae8,rolling_origin,AOI-00,landsat,2024,2025,3fab57b81623045f745beeaa0c1615c51b0d44344beaa74a1025ee4450b699c7,9abcfb4ecbe4b063ec61cc922755009544dc617843ae27ba909a649bab41a3d6,1546767a1ff01463f1bf4ea81cd86b44fbf42ba20f48c2d45d50120a3bab3ca5,da07a6bbac9293f09a6effffcf5dbea99b553c25f0c77c183163cdcec9ea4121,4f4edd63727cab87abbe3961a2b2203656f8bcd1d1ef5702a3c6764ff611f672,2026-08-29T05:02:46.313852+00:00,R2025-H1,1,20251,39,0.0545914869893199,0.0434553527861851,-0.0266209590273057,0.6913419838552175,0.8753008071620639,20251,3.0,rolling_origin--AOI-00--landsat--R2025-H1
rolling_origin-ce58854ce20207e5069d,rolling_origin,AOI-00,landsat,2023;2024,2025,3fab57b81623045f745beeaa0c1615c51b0d44344beaa74a1025ee4450b699c7,9abcfb4ecbe4b063ec61cc922755009544dc617843ae27ba909a649bab41a3d6,1546767a1ff01463f1bf4ea81cd86b44fbf42ba20f48c2d45d50120a3bab3ca5,da07a6bbac9293f09a6effffcf5dbea99b553c25f0c77c183163cdcec9ea4121,4f4edd63727cab87abbe3961a2b2203656f8bcd1d1ef5702a3c6764ff611f672,2026-08-29T05:02:46.343661+00:00,R2025-H2,2,20251,39,0.0499264728445752,0.0402435700837246,-0.015152883361565,0.7418396842401008,0.8753008071620672,20251,2.0,rolling_origin--AOI-00--landsat--R2025-H2
rolling_origin-2181f6b6e0bb0f057e2d,rolling_origin,AOI-00,landsat,2022;2023;2024,2025,3fab57b81623045f745beeaa0c1615c51b0d44344beaa74a1025ee4450b699c7,9abcfb4ecbe4b063ec61cc922755009544dc617843ae27ba909a649bab41a3d6,1546767a1ff01463f1bf4ea81cd86b44fbf42ba20f48c2d45d50120a3bab3ca5,da07a6bbac9293f09a6effffcf5dbea99b553c25f0c77c183163cdcec9ea4121,4f4edd63727cab87abbe3961a2b2203656f8bcd1d1ef5702a3c6764ff611f672,2026-08-29T05:02:46.376024+00:00,R2025-H3,3,20251,39,0.0494157986509318,0.0398007839971875,-0.0135648317347084,0.7470938734763888,0.875300807162066,20251,1.0,rolling_origin--AOI-00--landsat--R2025-H3
rolling_origin-11f50937d0c846a20e4e,rolling_origin,AOI-00,modis,2023,2024,3fab57b81623045f745beeaa0c1615c51b0d44344beaa74a1025ee4450b699c7,9abcfb4ecbe4b063ec61cc922755009544dc617843ae27ba909a649bab41a3d6,1546767a1ff01463f1bf4ea81cd86b44fbf42ba20f48c2d45d50120a3bab3ca5,da07a6bbac9293f09a6effffcf5dbea99b553c25f0c77c183163cdcec9ea4121,4f4edd63727cab87abbe3961a2b2203656f8bcd1d1ef5702a3c6764ff611f672,2026-08-29T05:02:46.450241+00:00,R2024-H1,1,20256,39,0.0456391266530219,0.0373710501344231,0.0173481737040432,0.7595941942574856,0.8921070756870437,20256,3.0,rolling_origin--AOI-00--modis--R2024-H1
rolling_origin-290191cac79a90db9b7f,rolling_origin,AOI-00,modis,2022;2023,2024,3fab57b81623045f745beeaa0c1615c51b0d44344beaa74a1025ee4450b699c7,9abcfb4ecbe4b063ec61cc922755009544dc617843ae27ba909a649bab41a3d6,1546767a1ff01463f1bf4ea81cd86b44fbf42ba20f48c2d45d50120a3bab3ca5,da07a6bbac9293f09a6effffcf5dbea99b553c25f0c77c183163cdcec9ea4121,4f4edd63727cab87abbe3961a2b2203656f8bcd1d1ef5702a3c6764ff611f672,2026-08-29T05:02:46.478921+00:00,R2024-H2,2,20256,39,0.045186915379023,0.0369211011553686,0.0155957800970631,0.7643346716066601,0.8921236198273842,20256,2.0,rolling_origin--AOI-00--modis--R2024-H2
rolling_origin-3447a23284ae6c531bc3,rolling_origin,AOI-00,modis,2021;2022;2023,2024,3fab57b81623045f745beeaa0c1615c51b0d44344beaa74a1025ee4450b699c7,9abcfb4ecbe4b063ec61cc922755009544dc617843ae27ba909a649bab41a3d6,1546767a1ff01463f1bf4ea81cd86b44fbf42ba20f48c2d45d50120a3bab3ca5,da07a6bbac9293f09a6effffcf5dbea99b553c25f0c77c183163cdcec9ea4121,4f4edd63727cab87abbe3961a2b2203656f8bcd1d1ef5702a3c6764ff611f672,2026-08-29T05:02:46.512236+00:00,R2024-H3,3,20256,39,0.0443342892075996,0.0361862643317419,0.0135706108512772,0.7731442449939067,0.8921089734613143,20256,1.0,rolling_origin--AOI-00--modis--R2024-H3
rolling_origin-1e37c4924fd51893ef96,rolling_origin,AOI-00,modis,2024,2025,3fab57b81623045f745beeaa0c1615c51b0d44344beaa74a1025ee4450b699c7,9abcfb4ecbe4b063ec61cc922755009544dc617843ae27ba909a649bab41a3d6,1546767a1ff01463f1bf4ea81cd86b44fbf42ba20f48c2d45d50120a3bab3ca5,da07a6bbac9293f09a6effffcf5dbea99b553c25f0c77c183163cdcec9ea4121,4f4edd63727cab87abbe3961a2b2203656f8bcd1d1ef5702a3c6764ff611f672,2026-08-29T05:02:46.538416+00:00,R2025-H1,1,20256,39,0.0432278793099662,0.0336620010550069,-0.0178830782652511,0.8074946500900887,0.918938144275343,20256,3.0,rolling_origin--AOI-00--modis--R2025-H1
rolling_origin-dc5f01a0a517946b1599,rolling_origin,AOI-00,modis,2023;2024,2025,3fab57b81623045f745beeaa0c1615c51b0d44344beaa74a1025ee4450b699c7,9abcfb4ecbe4b063ec61cc922755009544dc617843ae27ba909a649bab41a3d6,1546767a1ff01463f1bf4ea81cd86b44fbf42ba20f48c2d45d50120a3bab3ca5,da07a6bbac9293f09a6effffcf5dbea99b553c25f0c77c183163cdcec9ea4121,4f4edd63727cab87abbe3961a2b2203656f8bcd1d1ef5702a3c6764ff611f672,2026-08-29T05:02:46.567566+00:00,R2025-H2,2,20256,39,0.0400221940366738,0.0314987315064868,-0.0085921556943929,0.8349875435965004,0.9189381442753424,20256,2.0,rolling_origin--AOI-00--modis--R2025-H2
rolling_origin-e6c3d366eda005cb8ab1,rolling_origin,AOI-00,modis,2022;2023;2024,2025,3fab57b81623045f745beeaa0c1615c51b0d44344beaa74a1025ee4450b699c7,9abcfb4ecbe4b063ec61cc922755009544dc617843ae27ba909a649bab41a3d6,1546767a1ff01463f1bf4ea81cd86b44fbf42ba20f48c2d45d50120a3bab3ca5,da07a6bbac9293f09a6effffcf5dbea99b553c25f0c77c183163cdcec9ea4121,4f4edd63727cab87abbe3961a2b2203656f8bcd1d1ef5702a3c6764ff611f672,2026-08-29T05:02:46.600876+00:00,R2025-H3,3,20256,39,0.0395079324646098,0.0311795790203667,-0.0065798299092691,0.8392009241772134,0.9189381442753416,20256,1.0,rolling_origin--AOI-00--modis--R2025-H3
rolling_origin-6c5bd88a424b22f1b463,rolling_origin,AOI-01,sentinel2,2023,2024,3fab57b81623045f745beeaa0c1615c51b0d44344beaa74a1025ee4450b699c7,9abcfb4ecbe4b063ec61cc922755009544dc617843ae27ba909a649bab41a3d6,18ae788e0cf1ef68015dfee09e2ef7a0a1af4676e0b5d436994b707dfe92dec3,a8f53f162d19c589361001b4f38cd05f828cb16b4c645292c65e266e42c873ff,4f4edd63727cab87abbe3961a2b2203656f8bcd1d1ef5702a3c6764ff611f672,2026-08-29T05:02:46.672400+00:00,R2024-H1,1,19878,35,0.0012625326885275,0.0003825189658106,0.000115875116678,0.3566886020710126,0.721618340955829,19878,2.0,rolling_origin--AOI-01--sentinel2--R2024-H1
rolling_origin-8b841fba2567db142124,rolling_origin,AOI-01,sentinel2,2022;2023,2024,3fab57b81623045f745beeaa0c1615c51b0d44344beaa74a1025ee4450b699c7,9abcfb4ecbe4b063ec61cc922755009544dc617843ae27ba909a649bab41a3d6,18ae788e0cf1ef68015dfee09e2ef7a0a1af4676e0b5d436994b707dfe92dec3,a8f53f162d19c589361001b4f38cd05f828cb16b4c645292c65e266e42c873ff,4f4edd63727cab87abbe3961a2b2203656f8bcd1d1ef5702a3c6764ff611f672,2026-08-29T05:02:46.702112+00:00,R2024-H2,2,19878,35,0.0012830108280189,0.000440144195759,0.0001757124296805,0.3356504782832469,0.6966180048661349,19878,3.0,rolling_origin--AOI-01--sentinel2--R2024-H2
rolling_origin-ffc88af5bfa3b14e1e8c,rolling_origin,AOI-01,sentinel2,2021;2022;2023,2024,3fab57b81623045f745beeaa0c1615c51b0d44344beaa74a1025ee4450b699c7,9abcfb4ecbe4b063ec61cc922755009544dc617843ae27ba909a649bab41a3d6,18ae788e0cf1ef68015dfee09e2ef7a0a1af4676e0b5d436994b707dfe92dec3,a8f53f162d19c589361001b4f38cd05f828cb16b4c645292c65e266e42c873ff,4f4edd63727cab87abbe3961a2b2203656f8bcd1d1ef5702a3c6764ff611f672,2026-08-29T05:02:46.735416+00:00,R2024-H3,3,19878,35,0.0012558276218619,0.0003945561781271,0.0001318545960316,0.3635034622502969,0.7195757572646169,19878,1.0,rolling_origin--AOI-01--sentinel2--R2024-H3
rolling_origin-b6c52692cf48be1ae45e,rolling_origin,AOI-01,sentinel2,2024,2025,3fab57b81623045f745beeaa0c1615c51b0d44344beaa74a1025ee4450b699c7,9abcfb4ecbe4b063ec61cc922755009544dc617843ae27ba909a649bab41a3d6,18ae788e0cf1ef68015dfee09e2ef7a0a1af4676e0b5d436994b707dfe92dec3,a8f53f162d19c589361001b4f38cd05f828cb16b4c645292c65e266e42c873ff,4f4edd63727cab87abbe3961a2b2203656f8bcd1d1ef5702a3c6764ff611f672,2026-08-29T05:02:46.761755+00:00,R2025-H1,1,19878,35,0.0013951338201383,0.0003259507115386,-0.0002328025825148,0.3590953121375849,0.8470703341120515,19878,3.0,rolling_origin--AOI-01--sentinel2--R2025-H1
rolling_origin-f5bd6d07f7976de0dbbf,rolling_origin,AOI-01,sentinel2,2023;2024,2025,3fab57b81623045f745beeaa0c1615c51b0d44344beaa74a1025ee4450b699c7,9abcfb4ecbe4b063ec61cc922755009544dc617843ae27ba909a649bab41a3d6,18ae788e0cf1ef68015dfee09e2ef7a0a1af4676e0b5d436994b707dfe92dec3,a8f53f162d19c589361001b4f38cd05f828cb16b4c645292c65e266e42c873ff,4f4edd63727cab87abbe3961a2b2203656f8bcd1d1ef5702a3c6764ff611f672,2026-08-29T05:02:46.790269+00:00,R2025-H2,2,19878,35,0.0013658898120329,0.000320746589372,-0.0002287273757756,0.3856822753170371,0.8475791954719489,19878,2.0,rolling_origin--AOI-01--sentinel2--R2025-H2
rolling_origin-cd3a82bce60aaa0c1512,rolling_origin,AOI-01,sentinel2,2022;2023;2024,2025,3fab57b81623045f745beeaa0c1615c51b0d44344beaa74a1025ee4450b699c7,9abcfb4ecbe4b063ec61cc922755009544dc617843ae27ba909a649bab41a3d6,18ae788e0cf1ef68015dfee09e2ef7a0a1af4676e0b5d436994b707dfe92dec3,a8f53f162d19c589361001b4f38cd05f828cb16b4c645292c65e266e42c873ff,4f4edd63727cab87abbe3961a2b2203656f8bcd1d1ef5702a3c6764ff611f672,2026-08-29T05:02:46.822916+00:00,R2025-H3,3,19878,35,0.0013568861977573,0.0003287746715037,-0.0002134852983773,0.3937544492492609,0.8460051752069516,19878,1.0,rolling_origin--AOI-01--sentinel2--R2025-H3
rolling_origin-dcae383708c42d8c5e33,rolling_origin,AOI-01,landsat,2023,2024,3fab57b81623045f745beeaa0c1615c51b0d44344beaa74a1025ee4450b699c7,9abcfb4ecbe4b063ec61cc922755009544dc617843ae27ba909a649bab41a3d6,18ae788e0cf1ef68015dfee09e2ef7a0a1af4676e0b5d436994b707dfe92dec3,a8f53f162d19c589361001b4f38cd05f828cb16b4c645292c65e266e42c873ff,4f4edd63727cab87abbe3961a2b2203656f8bcd1d1ef5702a3c6764ff611f672,2026-08-29T05:02:46.892953+00:00,R2024-H1,1,19872,35,0.0011672634524432,0.000433293938395,0.0002254226880718,0.4502763445266329,0.7349565179115117,19872,1.0,rolling_origin--AOI-01--landsat--R2024-H1
rolling_origin-bde86f10613872b2c966,rolling_origin,AOI-01,landsat,2022;2023,2024,3fab57b81623045f745beeaa0c1615c51b0d44344beaa74a1025ee4450b699c7,9abcfb4ecbe4b063ec61cc922755009544dc617843ae27ba909a649bab41a3d6,18ae788e0cf1ef68015dfee09e2ef7a0a1af4676e0b5d436994b707dfe92dec3,a8f53f162d19c589361001b4f38cd05f828cb16b4c645292c65e266e42c873ff,4f4edd63727cab87abbe3961a2b2203656f8bcd1d1ef5702a3c6764ff611f672,2026-08-29T05:02:46.921512+00:00,R2024-H2,2,19872,35,0.0011817737260908,0.0003813881692805,0.0001546346218398,0.4365241456741199,0.7452122277692741,19872,3.0,rolling_origin--AOI-01--landsat--R2024-H2
rolling_origin-0229cb90eed163fe1754,rolling_origin,AOI-01,landsat,2021;2022;2023,2024,3fab57b81623045f745beeaa0c1615c51b0d44344beaa74a1025ee4450b699c7,9abcfb4ecbe4b063ec61cc922755009544dc617843ae27ba909a649bab41a3d6,18ae788e0cf1ef68015dfee09e2ef7a0a1af4676e0b5d436994b707dfe92dec3,a8f53f162d19c589361001b4f38cd05f828cb16b4c645292c65e266e42c873ff,4f4edd63727cab87abbe3961a2b2203656f8bcd1d1ef5702a3c6764ff611f672,2026-08-29T05:02:46.953310+00:00,R2024-H3,3,19872,35,0.0011809444966472,0.0003591872555819,0.0001280057962282,0.4373146300589745,0.7532417502327515,19872,2.0,rolling_origin--AOI-01--landsat--R2024-H3
rolling_origin-8dba7896042634100b38,rolling_origin,AOI-01,landsat,2024,2025,3fab57b81623045f745beeaa0c1615c51b0d44344beaa74a1025ee4450b699c7,9abcfb4ecbe4b063ec61cc922755009544dc617843ae27ba909a649bab41a3d6,18ae788e0cf1ef68015dfee09e2ef7a0a1af4676e0b5d436994b707dfe92dec3,a8f53f162d19c589361001b4f38cd05f828cb16b4c645292c65e266e42c873ff,4f4edd63727cab87abbe3961a2b2203656f8bcd1d1ef5702a3c6764ff611f672,2026-08-29T05:02:46.979362+00:00,R2025-H1,1,14738,35,0.0013752216480642,0.0006170496079467,0.0001349960854972,0.3524528514911028,0.6404183852649107,14738,3.0,rolling_origin--AOI-01--landsat--R2025-H1
rolling_origin-ba6abeab42dffea2ea57,rolling_origin,AOI-01,landsat,2023;2024,2025,3fab57b81623045f745beeaa0c1615c51b0d44344beaa74a1025ee4450b699c7,9abcfb4ecbe4b063ec61cc922755009544dc617843ae27ba909a649bab41a3d6,18ae788e0cf1ef68015dfee09e2ef7a0a1af4676e0b5d436994b707dfe92dec3,a8f53f162d19c589361001b4f38cd05f828cb16b4c645292c65e266e42c873ff,4f4edd63727cab87abbe3961a2b2203656f8bcd1d1ef5702a3c6764ff611f672,2026-08-29T05:02:47.007954+00:00,R2025-H2,2,14738,35,0.0013650952252453,0.000609735217302,0.0001351132243413,0.3619541472415132,0.6447416215787831,14738,1.0,rolling_origin--AOI-01--landsat--R2025-H2
rolling_origin-5432cebe5b4fb27e3d62,rolling_origin,AOI-01,landsat,2022;2023;2024,2025,3fab57b81623045f745beeaa0c1615c51b0d44344beaa74a1025ee4450b699c7,9abcfb4ecbe4b063ec61cc922755009544dc617843ae27ba909a649bab41a3d6,18ae788e0cf1ef68015dfee09e2ef7a0a1af4676e0b5d436994b707dfe92dec3,a8f53f162d19c589361001b4f38cd05f828cb16b4c645292c65e266e42c873ff,4f4edd63727cab87abbe3961a2b2203656f8bcd1d1ef5702a3c6764ff611f672,2026-08-29T05:02:47.039428+00:00,R2025-H3,3,14738,35,0.0013724223382514,0.0005738149403587,7.480297583573888e-05,0.3550863763471589,0.6505171709492424,14738,2.0,rolling_origin--AOI-01--landsat--R2025-H3
rolling_origin-e1502f87eb93875bfe49,rolling_origin,AOI-01,modis,2023,2024,3fab57b81623045f745beeaa0c1615c51b0d44344beaa74a1025ee4450b699c7,9abcfb4ecbe4b063ec61cc922755009544dc617843ae27ba909a649bab41a3d6,18ae788e0cf1ef68015dfee09e2ef7a0a1af4676e0b5d436994b707dfe92dec3,a8f53f162d19c589361001b4f38cd05f828cb16b4c645292c65e266e42c873ff,4f4edd63727cab87abbe3961a2b2203656f8bcd1d1ef5702a3c6764ff611f672,2026-08-29T05:02:47.111429+00:00,R2024-H1,1,19878,35,0.0013786732482322,0.0004609123575446,0.0002006826151935,0.2328881693017269,0.5602291444857145,19878,2.0,rolling_origin--AOI-01--modis--R2024-H1
rolling_origin-9eccf2ccb8bb98c8fe91,rolling_origin,AOI-01,modis,2022;2023,2024,3fab57b81623045f745beeaa0c1615c51b0d44344beaa74a1025ee4450b699c7,9abcfb4ecbe4b063ec61cc922755009544dc617843ae27ba909a649bab41a3d6,18ae788e0cf1ef68015dfee09e2ef7a0a1af4676e0b5d436994b707dfe92dec3,a8f53f162d19c589361001b4f38cd05f828cb16b4c645292c65e266e42c873ff,4f4edd63727cab87abbe3961a2b2203656f8bcd1d1ef5702a3c6764ff611f672,2026-08-29T05:02:47.141017+00:00,R2024-H2,2,19878,35,0.0013800483780977,0.0004921620121813,0.0002387746811696,0.2313571256356295,0.5529276202179613,19878,3.0,rolling_origin--AOI-01--modis--R2024-H2
rolling_origin-c6c133b2a6ed266271a7,rolling_origin,AOI-01,modis,2021;2022;2023,2024,3fab57b81623045f745beeaa0c1615c51b0d44344beaa74a1025ee4450b699c7,9abcfb4ecbe4b063ec61cc922755009544dc617843ae27ba909a649bab41a3d6,18ae788e0cf1ef68015dfee09e2ef7a0a1af4676e0b5d436994b707dfe92dec3,a8f53f162d19c589361001b4f38cd05f828cb16b4c645292c65e266e42c873ff,4f4edd63727cab87abbe3961a2b2203656f8bcd1d1ef5702a3c6764ff611f672,2026-08-29T05:02:47.174108+00:00,R2024-H3,3,19878,35,0.0013713851121106,0.0004408871812431,0.0001798392207932,0.2409771606170251,0.5712188417264286,19878,1.0,rolling_origin--AOI-01--modis--R2024-H3
rolling_origin-1edf8a914ae58a0804f2,rolling_origin,AOI-01,modis,2024,2025,3fab57b81623045f745beeaa0c1615c51b0d44344beaa74a1025ee4450b699c7,9abcfb4ecbe4b063ec61cc922755009544dc617843ae27ba909a649bab41a3d6,18ae788e0cf1ef68015dfee09e2ef7a0a1af4676e0b5d436994b707dfe92dec3,a8f53f162d19c589361001b4f38cd05f828cb16b4c645292c65e266e42c873ff,4f4edd63727cab87abbe3961a2b2203656f8bcd1d1ef5702a3c6764ff611f672,2026-08-29T05:02:47.201048+00:00,R2025-H1,1,19878,35,0.0015301914218663,0.0004728336436292,-7.073827276235444e-05,0.2290020191971791,0.6684975744159392,19878,3.0,rolling_origin--AOI-01--modis--R2025-H1
rolling_origin-bc599ffbebeb4084ffac,rolling_origin,AOI-01,modis,2023;2024,2025,3fab57b81623045f745beeaa0c1615c51b0d44344beaa74a1025ee4450b699c7,9abcfb4ecbe4b063ec61cc922755009544dc617843ae27ba909a649bab41a3d6,18ae788e0cf1ef68015dfee09e2ef7a0a1af4676e0b5d436994b707dfe92dec3,a8f53f162d19c589361001b4f38cd05f828cb16b4c645292c65e266e42c873ff,4f4edd63727cab87abbe3961a2b2203656f8bcd1d1ef5702a3c6764ff611f672,2026-08-29T05:02:47.230341+00:00,R2025-H2,2,19878,35,0.0014734826564928,0.0004930812955601,-1.0024037016673304e-05,0.2850893423852669,0.6778159407140044,19878,2.0,rolling_origin--AOI-01--modis--R2025-H2
rolling_origin-75eccc56a024e5e0f497,rolling_origin,AOI-01,modis,2022;2023;2024,2025,3fab57b81623045f745beeaa0c1615c51b0d44344beaa74a1025ee4450b699c7,9abcfb4ecbe4b063ec61cc922755009544dc617843ae27ba909a649bab41a3d6,18ae788e0cf1ef68015dfee09e2ef7a0a1af4676e0b5d436994b707dfe92dec3,a8f53f162d19c589361001b4f38cd05f828cb16b4c645292c65e266e42c873ff,4f4edd63727cab87abbe3961a2b2203656f8bcd1d1ef5702a3c6764ff611f672,2026-08-29T05:02:47.263220+00:00,R2025-H3,3,19878,35,0.0014507230444003,0.0005119764291834,2.9472812236953387e-05,0.3070039899124258,0.6763311041706928,19878,1.0,rolling_origin--AOI-01--modis--R2025-H3
rolling_origin-f28f528a7092c8c229f2,rolling_origin,AOI-02,sentinel2,2023,2024,3fab57b81623045f745beeaa0c1615c51b0d44344beaa74a1025ee4450b699c7,9abcfb4ecbe4b063ec61cc922755009544dc617843ae27ba909a649bab41a3d6,ffcd445586dcd3b933d48bcc1cbd5c7c04e40be18f8c37915aa1d54e8887a72f,9ac861fd948e2b129a3e4cc00e21d44adea6f28f0b8d629d25a9593d4edc1922,4f4edd63727cab87abbe3961a2b2203656f8bcd1d1ef5702a3c6764ff611f672,2026-08-29T05:02:47.334227+00:00,R2024-H1,1,18284,38,0.0587296483657514,0.0452364359569345,0.0112377634456201,0.883868713481342,0.942721191904112,18284,2.0,rolling_origin--AOI-02--sentinel2--R2024-H1
rolling_origin-c3ed6da7870f0686a434,rolling_origin,AOI-02,sentinel2,2022;2023,2024,3fab57b81623045f745beeaa0c1615c51b0d44344beaa74a1025ee4450b699c7,9abcfb4ecbe4b063ec61cc922755009544dc617843ae27ba909a649bab41a3d6,ffcd445586dcd3b933d48bcc1cbd5c7c04e40be18f8c37915aa1d54e8887a72f,9ac861fd948e2b129a3e4cc00e21d44adea6f28f0b8d629d25a9593d4edc1922,4f4edd63727cab87abbe3961a2b2203656f8bcd1d1ef5702a3c6764ff611f672,2026-08-29T05:02:47.362177+00:00,R2024-H2,2,18284,38,0.0587589014959688,0.0455826766544228,-0.0116709731374206,0.8837529951069995,0.942721191904113,18284,3.0,rolling_origin--AOI-02--sentinel2--R2024-H2
rolling_origin-51c3f71be4fe337f8e52,rolling_origin,AOI-02,sentinel2,2021;2022;2023,2024,3fab57b81623045f745beeaa0c1615c51b0d44344beaa74a1025ee4450b699c7,9abcfb4ecbe4b063ec61cc922755009544dc617843ae27ba909a649bab41a3d6,ffcd445586dcd3b933d48bcc1cbd5c7c04e40be18f8c37915aa1d54e8887a72f,9ac861fd948e2b129a3e4cc00e21d44adea6f28f0b8d629d25a9593d4edc1922,4f4edd63727cab87abbe3961a2b2203656f8bcd1d1ef5702a3c6764ff611f672,2026-08-29T05:02:47.394844+00:00,R2024-H3,3,18284,38,0.0579153279391262,0.0445252958913832,0.0040280461014045,0.8870668412050655,0.9427211919041124,18284,1.0,rolling_origin--AOI-02--sentinel2--R2024-H3
rolling_origin-e8b94203b57f372b2c5c,rolling_origin,AOI-02,sentinel2,2024,2025,3fab57b81623045f745beeaa0c1615c51b0d44344beaa74a1025ee4450b699c7,9abcfb4ecbe4b063ec61cc922755009544dc617843ae27ba909a649bab41a3d6,ffcd445586dcd3b933d48bcc1cbd5c7c04e40be18f8c37915aa1d54e8887a72f,7418af55cae20a34b58eafb2985c4939c8fac1747c8ce9f0144dda0f812ea640,4f4edd63727cab87abbe3961a2b2203656f8bcd1d1ef5702a3c6764ff611f672,2026-08-29T05:02:47.419869+00:00,R2025-H1,1,18534,38,0.058608124197518,0.0453224319548005,0.0053160967710665,0.881503702338176,0.9394120392862394,18534,2.0,rolling_origin--AOI-02--sentinel2--R2025-H1
rolling_origin-674b9d82e949a515febe,rolling_origin,AOI-02,sentinel2,2023;2024,2025,3fab57b81623045f745beeaa0c1615c51b0d44344beaa74a1025ee4450b699c7,9abcfb4ecbe4b063ec61cc922755009544dc617843ae27ba909a649bab41a3d6,ffcd445586dcd3b933d48bcc1cbd5c7c04e40be18f8c37915aa1d54e8887a72f,9ac861fd948e2b129a3e4cc00e21d44adea6f28f0b8d629d25a9593d4edc1922,4f4edd63727cab87abbe3961a2b2203656f8bcd1d1ef5702a3c6764ff611f672,2026-08-29T05:02:47.447297+00:00,R2025-H2,2,18534,38,0.058888992705033,0.0455779273302871,0.0078560887265058,0.8803652380953709,0.9394120392862396,18534,3.0,rolling_origin--AOI-02--sentinel2--R2025-H2
rolling_origin-6d1bcf71fe74b3fbb83e,rolling_origin,AOI-02,sentinel2,2022;2023;2024,2025,3fab57b81623045f745beeaa0c1615c51b0d44344beaa74a1025ee4450b699c7,9abcfb4ecbe4b063ec61cc922755009544dc617843ae27ba909a649bab41a3d6,ffcd445586dcd3b933d48bcc1cbd5c7c04e40be18f8c37915aa1d54e8887a72f,9ac861fd948e2b129a3e4cc00e21d44adea6f28f0b8d629d25a9593d4edc1922,4f4edd63727cab87abbe3961a2b2203656f8bcd1d1ef5702a3c6764ff611f672,2026-08-29T05:02:47.479190+00:00,R2025-H3,3,18534,38,0.0584417571152951,0.0450129782798967,-0.0025459797177648,0.8821754830274435,0.9394120392862396,18534,1.0,rolling_origin--AOI-02--sentinel2--R2025-H3
rolling_origin-cc5a65c95b38f71ba757,rolling_origin,AOI-02,landsat,2023,2024,3fab57b81623045f745beeaa0c1615c51b0d44344beaa74a1025ee4450b699c7,9abcfb4ecbe4b063ec61cc922755009544dc617843ae27ba909a649bab41a3d6,ffcd445586dcd3b933d48bcc1cbd5c7c04e40be18f8c37915aa1d54e8887a72f,1afbdf5fe2c5cb53aacfdd97048cc74a2094c0a49ffac44d791da0ae62f6187c,4f4edd63727cab87abbe3961a2b2203656f8bcd1d1ef5702a3c6764ff611f672,2026-08-29T05:02:47.545229+00:00,R2024-H1,1,1542,30,0.0611533456290388,0.0470908739790961,0.0098331695692228,0.903787324519462,0.9521390822006974,1542,3.0,rolling_origin--AOI-02--landsat--R2024-H1
rolling_origin-f77a137abeec76db39ad,rolling_origin,AOI-02,landsat,2022;2023,2024,3fab57b81623045f745beeaa0c1615c51b0d44344beaa74a1025ee4450b699c7,9abcfb4ecbe4b063ec61cc922755009544dc617843ae27ba909a649bab41a3d6,ffcd445586dcd3b933d48bcc1cbd5c7c04e40be18f8c37915aa1d54e8887a72f,1afbdf5fe2c5cb53aacfdd97048cc74a2094c0a49ffac44d791da0ae62f6187c,4f4edd63727cab87abbe3961a2b2203656f8bcd1d1ef5702a3c6764ff611f672,2026-08-29T05:02:47.565543+00:00,R2024-H2,2,1542,30,0.060486210841888,0.0468375256986809,-0.0038078728634271,0.905875083032284,0.9521390822006972,1542,1.0,rolling_origin--AOI-02--landsat--R2024-H2
rolling_origin-2e12355628e8555f00e7,rolling_origin,AOI-02,landsat,2021;2022;2023,2024,3fab57b81623045f745beeaa0c1615c51b0d44344beaa74a1025ee4450b699c7,9abcfb4ecbe4b063ec61cc922755009544dc617843ae27ba909a649bab41a3d6,ffcd445586dcd3b933d48bcc1cbd5c7c04e40be18f8c37915aa1d54e8887a72f,f2e4a77c2097a95e55eb10053c2045d5e8fc4384cc96e4aa75d8a1633e8dfcde,4f4edd63727cab87abbe3961a2b2203656f8bcd1d1ef5702a3c6764ff611f672,2026-08-29T05:02:47.585838+00:00,R2024-H3,3,1542,30,0.0610745511105039,0.0474153578646182,-0.0082852369933093,0.9040350999234452,0.9521390822006977,1542,2.0,rolling_origin--AOI-02--landsat--R2024-H3
rolling_origin-c6c55011ffd98b3800d8,rolling_origin,AOI-02,landsat,2024,2025,3fab57b81623045f745beeaa0c1615c51b0d44344beaa74a1025ee4450b699c7,9abcfb4ecbe4b063ec61cc922755009544dc617843ae27ba909a649bab41a3d6,ffcd445586dcd3b933d48bcc1cbd5c7c04e40be18f8c37915aa1d54e8887a72f,792e207368a1d79debf7e74afbbe8683dc0b35312b28d62ef8007e358b4b1c9d,4f4edd63727cab87abbe3961a2b2203656f8bcd1d1ef5702a3c6764ff611f672,2026-08-29T05:02:47.602860+00:00,R2025-H1,1,7600,36,0.0583223975344482,0.0448803572503994,0.0142643074248919,0.8546318277236518,0.9296188720290796,7600,2.0,rolling_origin--AOI-02--landsat--R2025-H1
rolling_origin-1fe64155ecb32d82e960,rolling_origin,AOI-02,landsat,2023;2024,2025,3fab57b81623045f745beeaa0c1615c51b0d44344beaa74a1025ee4450b699c7,9abcfb4ecbe4b063ec61cc922755009544dc617843ae27ba909a649bab41a3d6,ffcd445586dcd3b933d48bcc1cbd5c7c04e40be18f8c37915aa1d54e8887a72f,d8d8622ac2510e2f32e79cb38264f0b686b3f8f62664a25b0afe44fbaa6e6752,4f4edd63727cab87abbe3961a2b2203656f8bcd1d1ef5702a3c6764ff611f672,2026-08-29T05:02:47.623458+00:00,R2025-H2,2,7600,36,0.0621950237358768,0.0484491098669703,0.0256027326580251,0.8346859109573713,0.9296188720290792,7600,3.0,rolling_origin--AOI-02--landsat--R2025-H2
rolling_origin-177fbfecb3e1b9be89e7,rolling_origin,AOI-02,landsat,2022;2023;2024,2025,3fab57b81623045f745beeaa0c1615c51b0d44344beaa74a1025ee4450b699c7,9abcfb4ecbe4b063ec61cc922755009544dc617843ae27ba909a649bab41a3d6,ffcd445586dcd3b933d48bcc1cbd5c7c04e40be18f8c37915aa1d54e8887a72f,d8d8622ac2510e2f32e79cb38264f0b686b3f8f62664a25b0afe44fbaa6e6752,4f4edd63727cab87abbe3961a2b2203656f8bcd1d1ef5702a3c6764ff611f672,2026-08-29T05:02:47.646889+00:00,R2025-H3,3,7600,36,0.0574005936432642,0.0441981409076883,0.0107458090365366,0.8591906932319451,0.9296188720290786,7600,1.0,rolling_origin--AOI-02--landsat--R2025-H3
rolling_origin-6a4e6fccd266bd0df382,rolling_origin,AOI-02,modis,2023,2024,3fab57b81623045f745beeaa0c1615c51b0d44344beaa74a1025ee4450b699c7,9abcfb4ecbe4b063ec61cc922755009544dc617843ae27ba909a649bab41a3d6,ffcd445586dcd3b933d48bcc1cbd5c7c04e40be18f8c37915aa1d54e8887a72f,7d066ffd64956f6bd7b0aa6e03fba448950b6ee43b72f2b6e4515d06f01600af,4f4edd63727cab87abbe3961a2b2203656f8bcd1d1ef5702a3c6764ff611f672,2026-08-29T05:02:47.713166+00:00,R2024-H1,1,17909,38,0.049872856781714,0.0394415761883569,-0.0232298738023544,0.9179810397874636,0.9675042317774885,17909,3.0,rolling_origin--AOI-02--modis--R2024-H1
rolling_origin-404b0a473c16dabca52e,rolling_origin,AOI-02,modis,2022;2023,2024,3fab57b81623045f745beeaa0c1615c51b0d44344beaa74a1025ee4450b699c7,9abcfb4ecbe4b063ec61cc922755009544dc617843ae27ba909a649bab41a3d6,ffcd445586dcd3b933d48bcc1cbd5c7c04e40be18f8c37915aa1d54e8887a72f,7d066ffd64956f6bd7b0aa6e03fba448950b6ee43b72f2b6e4515d06f01600af,4f4edd63727cab87abbe3961a2b2203656f8bcd1d1ef5702a3c6764ff611f672,2026-08-29T05:02:47.741807+00:00,R2024-H2,2,17909,38,0.0449361517040894,0.0345248111583777,-0.0084580682346764,0.9334148286659733,0.9674628316087888,17909,2.0,rolling_origin--AOI-02--modis--R2024-H2
rolling_origin-563dc112a5fc286e1453,rolling_origin,AOI-02,modis,2021;2022;2023,2024,3fab57b81623045f745beeaa0c1615c51b0d44344beaa74a1025ee4450b699c7,9abcfb4ecbe4b063ec61cc922755009544dc617843ae27ba909a649bab41a3d6,ffcd445586dcd3b933d48bcc1cbd5c7c04e40be18f8c37915aa1d54e8887a72f,0640ff84eba160d873e28e20c3326bedb1df4014a170e847a4aa5ee90af16715,4f4edd63727cab87abbe3961a2b2203656f8bcd1d1ef5702a3c6764ff611f672,2026-08-29T05:02:47.772892+00:00,R2024-H3,3,17909,38,0.0446627519934967,0.0341955887552407,-0.0073047437276721,0.934222596423002,0.967466095690737,17909,1.0,rolling_origin--AOI-02--modis--R2024-H3
rolling_origin-d5f3af73dedc6eeed665,rolling_origin,AOI-02,modis,2024,2025,3fab57b81623045f745beeaa0c1615c51b0d44344beaa74a1025ee4450b699c7,9abcfb4ecbe4b063ec61cc922755009544dc617843ae27ba909a649bab41a3d6,ffcd445586dcd3b933d48bcc1cbd5c7c04e40be18f8c37915aa1d54e8887a72f,7418af55cae20a34b58eafb2985c4939c8fac1747c8ce9f0144dda0f812ea640,4f4edd63727cab87abbe3961a2b2203656f8bcd1d1ef5702a3c6764ff611f672,2026-08-29T05:02:47.797353+00:00,R2025-H1,1,16568,38,0.0546623987120001,0.0429658917080637,0.0263947415740085,0.8944854294225392,0.9587673277944574,16568,3.0,rolling_origin--AOI-02--modis--R2025-H1
rolling_origin-fd246409c7e4347a363d,rolling_origin,AOI-02,modis,2023;2024,2025,3fab57b81623045f745beeaa0c1615c51b0d44344beaa74a1025ee4450b699c7,9abcfb4ecbe4b063ec61cc922755009544dc617843ae27ba909a649bab41a3d6,ffcd445586dcd3b933d48bcc1cbd5c7c04e40be18f8c37915aa1d54e8887a72f,7d066ffd64956f6bd7b0aa6e03fba448950b6ee43b72f2b6e4515d06f01600af,4f4edd63727cab87abbe3961a2b2203656f8bcd1d1ef5702a3c6764ff611f672,2026-08-29T05:02:47.824839+00:00,R2025-H2,2,16568,38,0.0512937233724461,0.0398099263374938,0.0184934461396666,0.9070897742762098,0.9587698393509936,16568,1.0,rolling_origin--AOI-02--modis--R2025-H2
rolling_origin-22ee2af6f7259b9c6301,rolling_origin,AOI-02,modis,2022;2023;2024,2025,3fab57b81623045f745beeaa0c1615c51b0d44344beaa74a1025ee4450b699c7,9abcfb4ecbe4b063ec61cc922755009544dc617843ae27ba909a649bab41a3d6,ffcd445586dcd3b933d48bcc1cbd5c7c04e40be18f8c37915aa1d54e8887a72f,7d066ffd64956f6bd7b0aa6e03fba448950b6ee43b72f2b6e4515d06f01600af,4f4edd63727cab87abbe3961a2b2203656f8bcd1d1ef5702a3c6764ff611f672,2026-08-29T05:02:47.856709+00:00,R2025-H3,3,16568,38,0.0523618717323295,0.0408374155591161,0.0213064041491022,0.9031799306167724,0.9587677386349794,16568,2.0,rolling_origin--AOI-02--modis--R2025-H3
rolling_origin-253cc491af15bb427748,rolling_origin,AOI-03,sentinel2,2023,2024,3fab57b81623045f745beeaa0c1615c51b0d44344beaa74a1025ee4450b699c7,9abcfb4ecbe4b063ec61cc922755009544dc617843ae27ba909a649bab41a3d6,57ca12641709501bb5f30118c491acefed62396c209537573d7eed1d5b0cca15,01a26d6bd2027252499854440f74cd91f849b7842c624201085745012e51f0bb,4f4edd63727cab87abbe3961a2b2203656f8bcd1d1ef5702a3c6764ff611f672,2026-08-29T05:02:47.928011+00:00,R2024-H1,1,19142,35,0.0353193996234276,0.0244135656727818,-0.0043802517436222,0.8801161167581693,0.939127296858138,19142,3.0,rolling_origin--AOI-03--sentinel2--R2024-H1
rolling_origin-4710e93e99a0188a0b5e,rolling_origin,AOI-03,sentinel2,2022;2023,2024,3fab57b81623045f745beeaa0c1615c51b0d44344beaa74a1025ee4450b699c7,9abcfb4ecbe4b063ec61cc922755009544dc617843ae27ba909a649bab41a3d6,57ca12641709501bb5f30118c491acefed62396c209537573d7eed1d5b0cca15,01a26d6bd2027252499854440f74cd91f849b7842c624201085745012e51f0bb,4f4edd63727cab87abbe3961a2b2203656f8bcd1d1ef5702a3c6764ff611f672,2026-08-29T05:02:47.955069+00:00,R2024-H2,2,19142,35,0.035207663709435,0.0244164973702483,-0.0033048460932213,0.8808734425774315,0.939126439540895,19142,2.0,rolling_origin--AOI-03--sentinel2--R2024-H2
rolling_origin-5ca01bd18ab3bdfcd5e5,rolling_origin,AOI-03,sentinel2,2021;2022;2023,2024,3fab57b81623045f745beeaa0c1615c51b0d44344beaa74a1025ee4450b699c7,9abcfb4ecbe4b063ec61cc922755009544dc617843ae27ba909a649bab41a3d6,57ca12641709501bb5f30118c491acefed62396c209537573d7eed1d5b0cca15,01a26d6bd2027252499854440f74cd91f849b7842c624201085745012e51f0bb,4f4edd63727cab87abbe3961a2b2203656f8bcd1d1ef5702a3c6764ff611f672,2026-08-29T05:02:47.986352+00:00,R2024-H3,3,19142,35,0.0350710555016656,0.0246350249901981,-0.0007321357853781,0.8817960879513906,0.9391108966641069,19142,1.0,rolling_origin--AOI-03--sentinel2--R2024-H3
rolling_origin-31ce3d7c223e62990bf2,rolling_origin,AOI-03,sentinel2,2024,2025,3fab57b81623045f745beeaa0c1615c51b0d44344beaa74a1025ee4450b699c7,9abcfb4ecbe4b063ec61cc922755009544dc617843ae27ba909a649bab41a3d6,57ca12641709501bb5f30118c491acefed62396c209537573d7eed1d5b0cca15,01a26d6bd2027252499854440f74cd91f849b7842c624201085745012e51f0bb,4f4edd63727cab87abbe3961a2b2203656f8bcd1d1ef5702a3c6764ff611f672,2026-08-29T05:02:48.011289+00:00,R2025-H1,1,18857,35,0.0396204938215159,0.0280512763482519,0.000467160031258,0.848506318916378,0.9220066543467396,18857,2.0,rolling_origin--AOI-03--sentinel2--R2025-H1
rolling_origin-babee2d575fc1b38cb83,rolling_origin,AOI-03,sentinel2,2023;2024,2025,3fab57b81623045f745beeaa0c1615c51b0d44344beaa74a1025ee4450b699c7,9abcfb4ecbe4b063ec61cc922755009544dc617843ae27ba909a649bab41a3d6,57ca12641709501bb5f30118c491acefed62396c209537573d7eed1d5b0cca15,01a26d6bd2027252499854440f74cd91f849b7842c624201085745012e51f0bb,4f4edd63727cab87abbe3961a2b2203656f8bcd1d1ef5702a3c6764ff611f672,2026-08-29T05:02:48.038386+00:00,R2025-H2,2,18857,35,0.0396456664646305,0.0275690781412779,-0.0015974424581981,0.848313756560833,0.9220492995359216,18857,3.0,rolling_origin--AOI-03--sentinel2--R2025-H2
rolling_origin-7d204c6c091e0b25aa5b,rolling_origin,AOI-03,sentinel2,2022;2023;2024,2025,3fab57b81623045f745beeaa0c1615c51b0d44344beaa74a1025ee4450b699c7,9abcfb4ecbe4b063ec61cc922755009544dc617843ae27ba909a649bab41a3d6,57ca12641709501bb5f30118c491acefed62396c209537573d7eed1d5b0cca15,01a26d6bd2027252499854440f74cd91f849b7842c624201085745012e51f0bb,4f4edd63727cab87abbe3961a2b2203656f8bcd1d1ef5702a3c6764ff611f672,2026-08-29T05:02:48.069194+00:00,R2025-H3,3,18857,35,0.0396014265935821,0.0274754728898516,-0.0018325935137303,0.8486520954685244,0.9220716518121864,18857,1.0,rolling_origin--AOI-03--sentinel2--R2025-H3
rolling_origin-6f79cbaa32772998b90e,rolling_origin,AOI-03,landsat,2023,2024,3fab57b81623045f745beeaa0c1615c51b0d44344beaa74a1025ee4450b699c7,9abcfb4ecbe4b063ec61cc922755009544dc617843ae27ba909a649bab41a3d6,57ca12641709501bb5f30118c491acefed62396c209537573d7eed1d5b0cca15,01a26d6bd2027252499854440f74cd91f849b7842c624201085745012e51f0bb,4f4edd63727cab87abbe3961a2b2203656f8bcd1d1ef5702a3c6764ff611f672,2026-08-29T05:02:48.136235+00:00,R2024-H1,1,15551,35,0.0366725052882726,0.0282609086857787,0.0165063021402088,0.869128948413187,0.9498769568720912,15551,3.0,rolling_origin--AOI-03--landsat--R2024-H1
rolling_origin-caecf3e3f224912c4fc5,rolling_origin,AOI-03,landsat,2022;2023,2024,3fab57b81623045f745beeaa0c1615c51b0d44344beaa74a1025ee4450b699c7,9abcfb4ecbe4b063ec61cc922755009544dc617843ae27ba909a649bab41a3d6,57ca12641709501bb5f30118c491acefed62396c209537573d7eed1d5b0cca15,01a26d6bd2027252499854440f74cd91f849b7842c624201085745012e51f0bb,4f4edd63727cab87abbe3961a2b2203656f8bcd1d1ef5702a3c6764ff611f672,2026-08-29T05:02:48.161081+00:00,R2024-H2,2,15551,35,0.0319525535468433,0.0224379337886115,0.0026966815618511,0.9006486952354196,0.9499401959596184,15551,1.0,rolling_origin--AOI-03--landsat--R2024-H2
rolling_origin-51d3182182bbcd8434be,rolling_origin,AOI-03,landsat,2021;2022;2023,2024,3fab57b81623045f745beeaa0c1615c51b0d44344beaa74a1025ee4450b699c7,9abcfb4ecbe4b063ec61cc922755009544dc617843ae27ba909a649bab41a3d6,57ca12641709501bb5f30118c491acefed62396c209537573d7eed1d5b0cca15,d73bd7af84286421b3c3b68cdb7fc0ea151d5a4c7c6def3ab29e3691e25de5cf,4f4edd63727cab87abbe3961a2b2203656f8bcd1d1ef5702a3c6764ff611f672,2026-08-29T05:02:48.186892+00:00,R2024-H3,3,15551,35,0.032286193805708,0.0230287725629157,0.0048811637618847,0.8985630619681374,0.9499259361101392,15551,2.0,rolling_origin--AOI-03--landsat--R2024-H3
rolling_origin-95522d5c9e1b65ae6fba,rolling_origin,AOI-03,landsat,2024,2025,3fab57b81623045f745beeaa0c1615c51b0d44344beaa74a1025ee4450b699c7,9abcfb4ecbe4b063ec61cc922755009544dc617843ae27ba909a649bab41a3d6,57ca12641709501bb5f30118c491acefed62396c209537573d7eed1d5b0cca15,01a26d6bd2027252499854440f74cd91f849b7842c624201085745012e51f0bb,4f4edd63727cab87abbe3961a2b2203656f8bcd1d1ef5702a3c6764ff611f672,2026-08-29T05:02:48.209401+00:00,R2025-H1,1,14402,35,0.0359616853412303,0.0269413358242545,0.0069854839562236,0.8734938483724931,0.937162382311951,14402,1.0,rolling_origin--AOI-03--landsat--R2025-H1
rolling_origin-85e1e4abade5d32e86e3,rolling_origin,AOI-03,landsat,2023;2024,2025,3fab57b81623045f745beeaa0c1615c51b0d44344beaa74a1025ee4450b699c7,9abcfb4ecbe4b063ec61cc922755009544dc617843ae27ba909a649bab41a3d6,57ca12641709501bb5f30118c491acefed62396c209537573d7eed1d5b0cca15,01a26d6bd2027252499854440f74cd91f849b7842c624201085745012e51f0bb,4f4edd63727cab87abbe3961a2b2203656f8bcd1d1ef5702a3c6764ff611f672,2026-08-29T05:02:48.234520+00:00,R2025-H2,2,14402,35,0.0377143325023685,0.0290402647099493,0.0130339957803673,0.8608624274020508,0.9371285156581728,14402,3.0,rolling_origin--AOI-03--landsat--R2025-H2
rolling_origin-9266ef7b7907088729d3,rolling_origin,AOI-03,landsat,2022;2023;2024,2025,3fab57b81623045f745beeaa0c1615c51b0d44344beaa74a1025ee4450b699c7,9abcfb4ecbe4b063ec61cc922755009544dc617843ae27ba909a649bab41a3d6,57ca12641709501bb5f30118c491acefed62396c209537573d7eed1d5b0cca15,01a26d6bd2027252499854440f74cd91f849b7842c624201085745012e51f0bb,4f4edd63727cab87abbe3961a2b2203656f8bcd1d1ef5702a3c6764ff611f672,2026-08-29T05:02:48.262872+00:00,R2025-H3,3,14402,35,0.0362452988639407,0.0272316890806303,0.0081913691134555,0.8714905865617243,0.9372000064427638,14402,2.0,rolling_origin--AOI-03--landsat--R2025-H3
rolling_origin-3dce9afab7106b68bf53,rolling_origin,AOI-03,modis,2023,2024,3fab57b81623045f745beeaa0c1615c51b0d44344beaa74a1025ee4450b699c7,9abcfb4ecbe4b063ec61cc922755009544dc617843ae27ba909a649bab41a3d6,57ca12641709501bb5f30118c491acefed62396c209537573d7eed1d5b0cca15,01a26d6bd2027252499854440f74cd91f849b7842c624201085745012e51f0bb,4f4edd63727cab87abbe3961a2b2203656f8bcd1d1ef5702a3c6764ff611f672,2026-08-29T05:02:48.331994+00:00,R2024-H1,1,18695,35,0.0427329920442357,0.0315311902783698,0.0268745234390924,0.82176800058503,0.9483223753441992,18695,3.0,rolling_origin--AOI-03--modis--R2024-H1
rolling_origin-749df0b357c7787de2df,rolling_origin,AOI-03,modis,2022;2023,2024,3fab57b81623045f745beeaa0c1615c51b0d44344beaa74a1025ee4450b699c7,9abcfb4ecbe4b063ec61cc922755009544dc617843ae27ba909a649bab41a3d6,57ca12641709501bb5f30118c491acefed62396c209537573d7eed1d5b0cca15,01a26d6bd2027252499854440f74cd91f849b7842c624201085745012e51f0bb,4f4edd63727cab87abbe3961a2b2203656f8bcd1d1ef5702a3c6764ff611f672,2026-08-29T05:02:48.359360+00:00,R2024-H2,2,18695,35,0.0395801959735031,0.0285807083771182,0.0221292809798705,0.8470973700081356,0.9483802543195892,18695,2.0,rolling_origin--AOI-03--modis--R2024-H2
rolling_origin-58c32fd9c190107902a9,rolling_origin,AOI-03,modis,2021;2022;2023,2024,3fab57b81623045f745beeaa0c1615c51b0d44344beaa74a1025ee4450b699c7,9abcfb4ecbe4b063ec61cc922755009544dc617843ae27ba909a649bab41a3d6,57ca12641709501bb5f30118c491acefed62396c209537573d7eed1d5b0cca15,01a26d6bd2027252499854440f74cd91f849b7842c624201085745012e51f0bb,4f4edd63727cab87abbe3961a2b2203656f8bcd1d1ef5702a3c6764ff611f672,2026-08-29T05:02:48.390077+00:00,R2024-H3,3,18695,35,0.0354744335434868,0.0249774686717089,0.0143644467001076,0.8771740833792643,0.9485517540946948,18695,1.0,rolling_origin--AOI-03--modis--R2024-H3
rolling_origin-569288644b00ccdc4f86,rolling_origin,AOI-03,modis,2024,2025,3fab57b81623045f745beeaa0c1615c51b0d44344beaa74a1025ee4450b699c7,9abcfb4ecbe4b063ec61cc922755009544dc617843ae27ba909a649bab41a3d6,57ca12641709501bb5f30118c491acefed62396c209537573d7eed1d5b0cca15,01a26d6bd2027252499854440f74cd91f849b7842c624201085745012e51f0bb,4f4edd63727cab87abbe3961a2b2203656f8bcd1d1ef5702a3c6764ff611f672,2026-08-29T05:02:48.414926+00:00,R2025-H1,1,17860,35,0.0282901187305938,0.0203832113381556,-0.0042599772311234,0.924268492688769,0.966580831796315,17860,1.0,rolling_origin--AOI-03--modis--R2025-H1
rolling_origin-49c561146ab50a2c3c62,rolling_origin,AOI-03,modis,2023;2024,2025,3fab57b81623045f745beeaa0c1615c51b0d44344beaa74a1025ee4450b699c7,9abcfb4ecbe4b063ec61cc922755009544dc617843ae27ba909a649bab41a3d6,57ca12641709501bb5f30118c491acefed62396c209537573d7eed1d5b0cca15,01a26d6bd2027252499854440f74cd91f849b7842c624201085745012e51f0bb,4f4edd63727cab87abbe3961a2b2203656f8bcd1d1ef5702a3c6764ff611f672,2026-08-29T05:02:48.442657+00:00,R2025-H2,2,17860,35,0.028398861421267,0.0222703197668772,0.0073514756587782,0.9236851741498808,0.966036931690068,17860,2.0,rolling_origin--AOI-03--modis--R2025-H2
rolling_origin-9c232a91b03a332ad036,rolling_origin,AOI-03,modis,2022;2023;2024,2025,3fab57b81623045f745beeaa0c1615c51b0d44344beaa74a1025ee4450b699c7,9abcfb4ecbe4b063ec61cc922755009544dc617843ae27ba909a649bab41a3d6,57ca12641709501bb5f30118c491acefed62396c209537573d7eed1d5b0cca15,01a26d6bd2027252499854440f74cd91f849b7842c624201085745012e51f0bb,4f4edd63727cab87abbe3961a2b2203656f8bcd1d1ef5702a3c6764ff611f672,2026-08-29T05:02:48.474035+00:00,R2025-H3,3,17860,35,0.028648816881596,0.0226350389550225,0.0085465202001805,0.9223358768123576,0.9660086616446903,17860,3.0,rolling_origin--AOI-03--modis--R2025-H3
