sensitivity,variant,experiment,AOI,sensor,train_years,target_year,window,fold,train_n,test_n,train_blocks,test_blocks,RMSE,MAE,Bias,R2,Pearson_r,n
spatial_aggregation_order,primary_ndvi_first,multi_aoi,AOI-00,landsat,2022,2025,W2022,1,12190,3022,23,8,0.055045613201689506,0.045297806022224184,-0.006869483604664618,0.7599685787920174,0.8822875112849331,3022
spatial_aggregation_order,primary_ndvi_first,multi_aoi,AOI-00,landsat,2022,2025,W2022,2,12153,3059,23,8,0.055099942917656464,0.04427738584244177,-0.010120593337468972,0.7068329480189834,0.8470546856914911,3059
spatial_aggregation_order,primary_ndvi_first,multi_aoi,AOI-00,landsat,2022,2025,W2022,3,12188,3024,26,5,0.048599581895232793,0.03893044838335043,0.005037904133617716,0.7622336047962133,0.8809936631700334,3024
spatial_aggregation_order,primary_ndvi_first,multi_aoi,AOI-00,landsat,2022,2025,W2022,4,12169,3043,26,5,0.04775986560651673,0.03825042324659967,0.005529417259533059,0.7238164109467408,0.8557903870386475,3043
spatial_aggregation_order,primary_ndvi_first,multi_aoi,AOI-00,landsat,2022,2025,W2022,5,12148,3064,26,5,0.04519768208957311,0.035771906702342565,0.006179469953935942,0.7805450191688251,0.8858104339955988,3064
spatial_aggregation_order,primary_ndvi_first,multi_aoi,AOI-00,landsat,2023,2025,W2023,1,12921,3221,25,6,0.046208977093432774,0.03746884682683376,0.004899643443296301,0.7920425394528563,0.8913909729826033,3221
spatial_aggregation_order,primary_ndvi_first,multi_aoi,AOI-00,landsat,2023,2025,W2023,2,12919,3223,26,5,0.0463061375866839,0.03651419148419278,-0.010586886938162678,0.8177039379273141,0.9095356222034925,3223
spatial_aggregation_order,primary_ndvi_first,multi_aoi,AOI-00,landsat,2023,2025,W2023,3,12901,3241,24,7,0.052581136847487074,0.043702785499910635,0.004242152232733796,0.6536276656556694,0.8098929880147719,3241
spatial_aggregation_order,primary_ndvi_first,multi_aoi,AOI-00,landsat,2023,2025,W2023,4,12913,3229,24,7,0.05114304307513999,0.041651479281922116,-0.019752061507506417,0.8175558436548527,0.9198895122756402,3229
spatial_aggregation_order,primary_ndvi_first,multi_aoi,AOI-00,landsat,2023,2025,W2023,5,12914,3228,25,6,0.04306287482212108,0.035261955581571254,0.021478756361774643,0.5230743637116457,0.8050668101939362,3228
spatial_aggregation_order,primary_ndvi_first,multi_aoi,AOI-00,landsat,2024,2025,W2024,1,13360,3322,24,7,0.05861128319570824,0.05181297538918235,0.04007404837044413,0.5233060925602466,0.8638241152043001,3322
spatial_aggregation_order,primary_ndvi_first,multi_aoi,AOI-00,landsat,2024,2025,W2024,2,13334,3348,26,5,0.042142160219327,0.03278935557898345,-0.008128327492031956,0.47142456418172063,0.7223865753933302,3348
spatial_aggregation_order,primary_ndvi_first,multi_aoi,AOI-00,landsat,2024,2025,W2024,3,13328,3354,23,8,0.051586112020456175,0.04335954669938121,-0.011787521020714639,0.5787649902602461,0.7777171544262246,3354
spatial_aggregation_order,primary_ndvi_first,multi_aoi,AOI-00,landsat,2024,2025,W2024,4,13338,3344,25,6,0.044145691521379336,0.03487758415369984,-0.015437677823429289,0.8076073006155667,0.911676782041296,3344
spatial_aggregation_order,primary_ndvi_first,multi_aoi,AOI-00,landsat,2024,2025,W2024,5,13368,3314,26,5,0.05042200576199681,0.04030590268725423,-0.0026106770028205715,0.7405437840177731,0.8615699989739348,3314
spatial_aggregation_order,primary_ndvi_first,multi_aoi,AOI-00,landsat,2022;2023,2025,W2022_2023,1,25105,6249,26,5,0.05212109399007563,0.04337085177451845,0.02798099354590848,0.6799353155056285,0.8789770968420607,6249
spatial_aggregation_order,primary_ndvi_first,multi_aoi,AOI-00,landsat,2022;2023,2025,W2022_2023,2,25084,6270,23,8,0.05543399455484185,0.0450054490941839,-0.015368854008996412,0.60751921054016,0.7986379721990721,6270
spatial_aggregation_order,primary_ndvi_first,multi_aoi,AOI-00,landsat,2022;2023,2025,W2022_2023,3,25062,6292,24,7,0.04678391654469102,0.03678520759467816,-0.011594493048524203,0.839585921122551,0.9216998981943,6292
spatial_aggregation_order,primary_ndvi_first,multi_aoi,AOI-00,landsat,2022;2023,2025,W2022_2023,4,25105,6249,26,5,0.048423540985287825,0.03991727775613711,0.013243590102446074,0.6885834336321756,0.8453786818657099,6249
spatial_aggregation_order,primary_ndvi_first,multi_aoi,AOI-00,landsat,2022;2023,2025,W2022_2023,5,25060,6294,25,6,0.04680668639986732,0.036555784595939486,-0.013780667849316496,0.7760501640151541,0.8937807423590212,6294
spatial_aggregation_order,primary_ndvi_first,multi_aoi,AOI-00,landsat,2023;2024,2025,W2023_2024,1,26220,6604,25,6,0.047591191064872834,0.03924197189291088,0.0011874814670419748,0.7694480962818157,0.878146017804926,6604
spatial_aggregation_order,primary_ndvi_first,multi_aoi,AOI-00,landsat,2023;2024,2025,W2023_2024,2,26204,6620,23,8,0.04998565209803908,0.04026660508928961,-0.005726406749924839,0.6426219580334214,0.804588751223845,6620
spatial_aggregation_order,primary_ndvi_first,multi_aoi,AOI-00,landsat,2023;2024,2025,W2023_2024,3,26290,6534,25,6,0.05467636185358478,0.04508223240581602,0.0147049278731261,0.7673319232874645,0.8856280459412259,6534
spatial_aggregation_order,primary_ndvi_first,multi_aoi,AOI-00,landsat,2023;2024,2025,W2023_2024,4,26279,6545,25,6,0.04891634483891135,0.039442984786729106,-0.00012280551911414086,0.6556780858141356,0.8155381238642953,6545
spatial_aggregation_order,primary_ndvi_first,multi_aoi,AOI-00,landsat,2023;2024,2025,W2023_2024,5,26303,6521,26,5,0.04462589836905834,0.035322869528486366,-0.009344119903909147,0.7325310145468862,0.8630934250422229,6521
spatial_aggregation_order,primary_ndvi_first,multi_aoi,AOI-00,landsat,2022;2023;2024,2025,W2022_2024,1,38444,9592,26,5,0.05207408543223618,0.04343322219586345,0.025920702888529105,0.6673315788065257,0.8662464842165855,9592
spatial_aggregation_order,primary_ndvi_first,multi_aoi,AOI-00,landsat,2022;2023;2024,2025,W2022_2024,2,38403,9633,23,8,0.054618093364073514,0.044277131167894376,-0.01357105601127956,0.5985354100741851,0.78967455265686,9633
spatial_aggregation_order,primary_ndvi_first,multi_aoi,AOI-00,landsat,2022;2023;2024,2025,W2022_2024,3,38392,9644,24,7,0.04880489707895444,0.03864706918995435,-0.015414146243126607,0.8255875068594504,0.9182871146204749,9644
spatial_aggregation_order,primary_ndvi_first,multi_aoi,AOI-00,landsat,2022;2023;2024,2025,W2022_2024,4,38449,9587,25,6,0.04900313974685568,0.0400068382361359,0.006629198302361,0.6999048069125183,0.8411872935374382,9587
spatial_aggregation_order,primary_ndvi_first,multi_aoi,AOI-00,landsat,2022;2023;2024,2025,W2022_2024,5,38456,9580,26,5,0.046849480770854844,0.03743870641132467,-0.0029174840897895856,0.7442127703586896,0.8645098439178817,9580
spatial_aggregation_order,primary_ndvi_first,multi_aoi,AOI-00,modis,2022,2025,W2022,1,13371,3348,24,7,0.04520121633607308,0.03745986393309066,0.02392448490812496,0.754822236530712,0.9075312749708762,3348
spatial_aggregation_order,primary_ndvi_first,multi_aoi,AOI-00,modis,2022,2025,W2022,2,13371,3348,26,5,0.03926835851972592,0.02934760817379464,0.0018017526194105925,0.5900450552741221,0.7853968451568302,3348
spatial_aggregation_order,primary_ndvi_first,multi_aoi,AOI-00,modis,2022,2025,W2022,3,13386,3333,24,7,0.04739249699277372,0.03926845482032919,0.003252289242710805,0.6500203442296798,0.8076007498584499,3333
spatial_aggregation_order,primary_ndvi_first,multi_aoi,AOI-00,modis,2022,2025,W2022,4,13356,3363,25,6,0.04005009181094211,0.031294818490597065,-0.013825049833157282,0.8562478775654601,0.9352464254331632,3363
spatial_aggregation_order,primary_ndvi_first,multi_aoi,AOI-00,modis,2022,2025,W2022,5,13392,3327,25,6,0.04658501733314765,0.03581518798712956,-0.01170640690545694,0.8105337917142065,0.9070147013839605,3327
spatial_aggregation_order,primary_ndvi_first,multi_aoi,AOI-00,modis,2023,2025,W2023,1,13371,3348,24,7,0.03964447034497074,0.0316280174655059,0.019497258174211905,0.7983708669075211,0.9230749709152387,3348
spatial_aggregation_order,primary_ndvi_first,multi_aoi,AOI-00,modis,2023,2025,W2023,2,13371,3348,26,5,0.03272046219920045,0.026042474931273218,0.00634488246461882,0.7697780626608516,0.8866003980370892,3348
spatial_aggregation_order,primary_ndvi_first,multi_aoi,AOI-00,modis,2023,2025,W2023,3,13386,3333,24,7,0.04070686360417049,0.03315768545136883,-0.0007547391059034441,0.7349604125859367,0.8608026449957322,3333
spatial_aggregation_order,primary_ndvi_first,multi_aoi,AOI-00,modis,2023,2025,W2023,4,13356,3363,25,6,0.035560698279223896,0.027482232443717988,-0.008742292763662547,0.9032869109285312,0.9536135174580042,3363
spatial_aggregation_order,primary_ndvi_first,multi_aoi,AOI-00,modis,2023,2025,W2023,5,13392,3327,25,6,0.044128031626381424,0.03478283193324046,-0.015472641439631469,0.8319061464453322,0.9233798436119173,3327
spatial_aggregation_order,primary_ndvi_first,multi_aoi,AOI-00,modis,2024,2025,W2024,1,13371,3348,24,7,0.04905678069391851,0.0417012917690095,0.030381453754809204,0.6674371064466507,0.892519806795518,3348
spatial_aggregation_order,primary_ndvi_first,multi_aoi,AOI-00,modis,2024,2025,W2024,2,13371,3348,26,5,0.03398383842387858,0.026594118681825527,0.003124552898116171,0.6562693580281401,0.8236301819390773,3348
spatial_aggregation_order,primary_ndvi_first,multi_aoi,AOI-00,modis,2024,2025,W2024,3,13386,3333,24,7,0.042250498989055314,0.03461324684938754,-0.008784725558744502,0.6911574584706333,0.8413823451544504,3333
spatial_aggregation_order,primary_ndvi_first,multi_aoi,AOI-00,modis,2024,2025,W2024,4,13356,3363,25,6,0.04192185258505679,0.033541328106969186,-0.009216178816838795,0.834725515095986,0.9182933734117231,3363
spatial_aggregation_order,primary_ndvi_first,multi_aoi,AOI-00,modis,2024,2025,W2024,5,13392,3327,25,6,0.04654686779308019,0.037829364320756224,-0.013735557427847317,0.778225421486881,0.8931286603421305,3327
spatial_aggregation_order,primary_ndvi_first,multi_aoi,AOI-00,modis,2022;2023,2025,W2022_2023,1,26742,6696,24,7,0.042756700097328744,0.03465122973546018,0.021693933328347657,0.7835523540354438,0.9166862890934369,6696
spatial_aggregation_order,primary_ndvi_first,multi_aoi,AOI-00,modis,2022;2023,2025,W2022_2023,2,26742,6696,26,5,0.03608800390097337,0.027543252139151035,0.004133467571263338,0.6936169213118104,0.8444057460066567,6696
spatial_aggregation_order,primary_ndvi_first,multi_aoi,AOI-00,modis,2022;2023,2025,W2022_2023,3,26772,6666,24,7,0.044198858654403324,0.03622341232671476,0.00119675299584148,0.6971860417279019,0.8368130216357728,6666
spatial_aggregation_order,primary_ndvi_first,multi_aoi,AOI-00,modis,2022;2023,2025,W2022_2023,4,26712,6726,25,6,0.037704835377613634,0.029219985836284247,-0.01130989722982068,0.8831632267676176,0.9454355404453404,6726
spatial_aggregation_order,primary_ndvi_first,multi_aoi,AOI-00,modis,2022;2023,2025,W2022_2023,5,26784,6654,25,6,0.0455671866282446,0.035434520775302694,-0.013595162845605819,0.8230097766105089,0.9159220978748395,6654
spatial_aggregation_order,primary_ndvi_first,multi_aoi,AOI-00,modis,2023;2024,2025,W2023_2024,1,26742,6696,24,7,0.04585163840052844,0.03735480195715766,0.024862908817484156,0.724024619264743,0.8993258233649368,6696
spatial_aggregation_order,primary_ndvi_first,multi_aoi,AOI-00,modis,2023;2024,2025,W2023_2024,2,26742,6696,26,5,0.03447139807588256,0.027147297084441465,0.004690326333914591,0.712759723787142,0.853151184398989,6696
spatial_aggregation_order,primary_ndvi_first,multi_aoi,AOI-00,modis,2023;2024,2025,W2023_2024,3,26772,6666,24,7,0.04179059245452437,0.03425983927994909,-0.004784364817475037,0.7125174000056141,0.8490906886306158,6666
spatial_aggregation_order,primary_ndvi_first,multi_aoi,AOI-00,modis,2023;2024,2025,W2023_2024,4,26712,6726,25,6,0.04003659070588327,0.03152219558909469,-0.008934947182869609,0.8655647578834407,0.9339545458556203,6726
spatial_aggregation_order,primary_ndvi_first,multi_aoi,AOI-00,modis,2023;2024,2025,W2023_2024,5,26784,6654,25,6,0.046383099342959117,0.03716711556507413,-0.014628565810035523,0.7999019804833865,0.9054348130067577,6654
spatial_aggregation_order,primary_ndvi_first,multi_aoi,AOI-00,modis,2022;2023;2024,2025,W2022_2024,1,40113,10044,24,7,0.04593792403241241,0.037678697871916494,0.02490693972458449,0.7376227194370912,0.903631489386274,10044
spatial_aggregation_order,primary_ndvi_first,multi_aoi,AOI-00,modis,2022;2023;2024,2025,W2022_2024,2,40113,10044,26,5,0.03634766101502621,0.02833125075024354,0.0034704009075833056,0.6707430039946181,0.8301906659984614,10044
spatial_aggregation_order,primary_ndvi_first,multi_aoi,AOI-00,modis,2022;2023;2024,2025,W2022_2024,3,40158,9999,24,7,0.04357328004759076,0.035850019186601384,-0.002285257492936628,0.6953491321007585,0.8362038728402242,9999
spatial_aggregation_order,primary_ndvi_first,multi_aoi,AOI-00,modis,2022;2023;2024,2025,W2022_2024,4,40068,10089,25,6,0.0402422174844667,0.03165386871262474,-0.010664446706179618,0.8613058165377309,0.9334415108552887,10089
spatial_aggregation_order,primary_ndvi_first,multi_aoi,AOI-00,modis,2022;2023;2024,2025,W2022_2024,5,40176,9981,25,6,0.04650851279256385,0.03691417211190532,-0.013517797269238754,0.8047646372393404,0.9062430036429675,9981
spatial_aggregation_order,primary_ndvi_first,multi_aoi,AOI-00,sentinel2,2022,2025,W2022,1,12071,3015,25,6,0.05305158807895676,0.04075510399922653,-0.002208477222419461,0.590095559575671,0.7725718164020228,3015
spatial_aggregation_order,primary_ndvi_first,multi_aoi,AOI-00,sentinel2,2022,2025,W2022,2,12069,3017,26,5,0.06703655212101284,0.05754972518569474,-0.0036091503767472057,0.6451774166519049,0.8136648304038574,3017
spatial_aggregation_order,primary_ndvi_first,multi_aoi,AOI-00,sentinel2,2022,2025,W2022,3,12058,3028,25,6,0.05448971820276606,0.04348023732223213,0.012463671739507385,0.59679901149958,0.8025264412532382,3028
spatial_aggregation_order,primary_ndvi_first,multi_aoi,AOI-00,sentinel2,2022,2025,W2022,4,12075,3011,24,7,0.06569557197720441,0.05211662602994849,-0.004008674501335895,0.6652488275753375,0.8185578110084792,3011
spatial_aggregation_order,primary_ndvi_first,multi_aoi,AOI-00,sentinel2,2022,2025,W2022,5,12071,3015,24,7,0.06490311515230057,0.05310949670291005,-0.00242619557862488,0.6001896943353131,0.7751407106654625,3015
spatial_aggregation_order,primary_ndvi_first,multi_aoi,AOI-00,sentinel2,2023,2025,W2023,1,13353,3360,24,7,0.05330995426508014,0.04563392032621849,0.03800668367935559,0.6362379099359061,0.906398688544717,3360
spatial_aggregation_order,primary_ndvi_first,multi_aoi,AOI-00,sentinel2,2023,2025,W2023,2,13365,3348,26,5,0.0390842206110497,0.029999243989718972,-0.007847404162952399,0.6715186198898798,0.844358647703008,3348
spatial_aggregation_order,primary_ndvi_first,multi_aoi,AOI-00,sentinel2,2023,2025,W2023,3,13380,3333,24,7,0.044287876326590245,0.036817810654049814,-0.008098030612147448,0.6862778561351179,0.8356976495229307,3333
spatial_aggregation_order,primary_ndvi_first,multi_aoi,AOI-00,sentinel2,2023,2025,W2023,4,13368,3345,25,6,0.0439215674034813,0.033328465633331014,-0.015841893307797245,0.8456345314580573,0.9304997005710423,3345
spatial_aggregation_order,primary_ndvi_first,multi_aoi,AOI-00,sentinel2,2023,2025,W2023,5,13386,3327,25,6,0.0514774979323516,0.04118829363389672,-0.004175932026721832,0.7712518546003172,0.8801637122467958,3327
spatial_aggregation_order,primary_ndvi_first,multi_aoi,AOI-00,sentinel2,2024,2025,W2024,1,10132,2555,25,6,0.06857951382799357,0.05682472195588009,-0.0018102318808915331,0.4957033743403445,0.705059212534494,2555
spatial_aggregation_order,primary_ndvi_first,multi_aoi,AOI-00,sentinel2,2024,2025,W2024,2,10152,2535,25,6,0.05297417587882051,0.04175335529466059,0.0029550151745781116,0.46514521241236984,0.7112579612069143,2535
spatial_aggregation_order,primary_ndvi_first,multi_aoi,AOI-00,sentinel2,2024,2025,W2024,3,10142,2545,24,7,0.0658584974007478,0.05166378109207428,-0.0038826037351947533,0.5745783620337732,0.758997522076036,2545
spatial_aggregation_order,primary_ndvi_first,multi_aoi,AOI-00,sentinel2,2024,2025,W2024,4,10161,2526,26,5,0.05883109538010101,0.046430692892318576,-0.015462523880200234,0.6132100461020016,0.8007670929192781,2526
spatial_aggregation_order,primary_ndvi_first,multi_aoi,AOI-00,sentinel2,2024,2025,W2024,5,10161,2526,24,7,0.05889322481378287,0.047476833424212134,0.01810970863615554,0.6009698829464847,0.8034760832380186,2526
spatial_aggregation_order,primary_ndvi_first,multi_aoi,AOI-00,sentinel2,2022;2023,2025,W2022_2023,1,25391,6408,24,7,0.06013265092740606,0.050694621716895774,0.018289020570482574,0.7115841207529479,0.8685215367555721,6408
spatial_aggregation_order,primary_ndvi_first,multi_aoi,AOI-00,sentinel2,2022;2023,2025,W2022_2023,2,25437,6362,26,5,0.04885402244051688,0.03707091667424783,-0.02409779634236599,0.6605077300266009,0.867465490906741,6362
spatial_aggregation_order,primary_ndvi_first,multi_aoi,AOI-00,sentinel2,2022;2023,2025,W2022_2023,3,25452,6347,23,8,0.053451053588818936,0.04216704739559856,-0.0020260299433837183,0.6278884571477041,0.7945825698391149,6347
spatial_aggregation_order,primary_ndvi_first,multi_aoi,AOI-00,sentinel2,2022;2023,2025,W2022_2023,4,25455,6344,25,6,0.05111770355517557,0.041180907439244116,0.013153435323397107,0.6293006141105018,0.8252139492509746,6344
spatial_aggregation_order,primary_ndvi_first,multi_aoi,AOI-00,sentinel2,2022;2023,2025,W2022_2023,5,25461,6338,26,5,0.05707221569937301,0.04491305709859348,-0.00426613992168028,0.7580825684211887,0.8720310325510244,6338
spatial_aggregation_order,primary_ndvi_first,multi_aoi,AOI-00,sentinel2,2023;2024,2025,W2023_2024,1,23479,5921,23,8,0.050731355755749,0.04118882486308835,0.004075638788403128,0.6148904298021196,0.7957534962832354,5921
spatial_aggregation_order,primary_ndvi_first,multi_aoi,AOI-00,sentinel2,2023;2024,2025,W2023_2024,2,23556,5844,25,6,0.05271963366957257,0.04024320916021444,-0.007415393487425985,0.7545063470441471,0.8716938425990876,5844
spatial_aggregation_order,primary_ndvi_first,multi_aoi,AOI-00,sentinel2,2023;2024,2025,W2023_2024,3,23528,5872,26,5,0.05529226308357653,0.043994006885117905,0.0004958305845429242,0.4027365919656526,0.6654561232320949,5872
spatial_aggregation_order,primary_ndvi_first,multi_aoi,AOI-00,sentinel2,2023;2024,2025,W2023_2024,4,23543,5857,25,6,0.05623515871536609,0.0451575164319999,-0.012927790105331401,0.7611742980962563,0.8803484839076671,5857
spatial_aggregation_order,primary_ndvi_first,multi_aoi,AOI-00,sentinel2,2023;2024,2025,W2023_2024,5,23494,5906,25,6,0.05183443590142585,0.03982884664643336,0.015915699286525815,0.7362520469082356,0.8728653016731115,5906
spatial_aggregation_order,primary_ndvi_first,multi_aoi,AOI-00,sentinel2,2022;2023;2024,2025,W2022_2024,1,35519,8967,24,7,0.060216131528902934,0.048146961876973,0.0083710462405239,0.7194569113880201,0.8579297714075157,8967
spatial_aggregation_order,primary_ndvi_first,multi_aoi,AOI-00,sentinel2,2022;2023;2024,2025,W2022_2024,2,35533,8953,25,6,0.054832254648860414,0.04289546188369291,0.0003146543090479932,0.6528062622168396,0.8080807999889151,8953
spatial_aggregation_order,primary_ndvi_first,multi_aoi,AOI-00,sentinel2,2022;2023;2024,2025,W2022_2024,3,35639,8847,26,5,0.059503681031815636,0.0479800336614182,0.008681825917246143,0.5866683248436833,0.7724790324944518,8847
spatial_aggregation_order,primary_ndvi_first,multi_aoi,AOI-00,sentinel2,2022;2023;2024,2025,W2022_2024,4,35629,8857,26,5,0.052426036637755455,0.0433319697693044,0.007263750377044896,0.6521951537242486,0.8161602574571969,8857
spatial_aggregation_order,primary_ndvi_first,multi_aoi,AOI-00,sentinel2,2022;2023;2024,2025,W2022_2024,5,35624,8862,23,8,0.0549654558030199,0.04153624877220225,-0.02446700797558569,0.671533568054901,0.8593074962545875,8862
spatial_aggregation_order,primary_ndvi_first,multi_aoi,AOI-01,landsat,2022,2025,W2022,1,11758,3015,23,5,0.001041966445432663,0.0006594765864452068,0.00048157130698225404,0.3416078878160951,0.6944761354767954,3015
spatial_aggregation_order,primary_ndvi_first,multi_aoi,AOI-01,landsat,2022,2025,W2022,2,11845,2928,22,6,0.0006670756653448155,0.0003948477314997515,0.0003674122396943646,-4.1175366742357555,0.1566406433098861,2928
spatial_aggregation_order,primary_ndvi_first,multi_aoi,AOI-01,landsat,2022,2025,W2022,3,11777,2996,23,5,0.0006103315034568519,0.00027852288973481367,0.0001716157639982173,0.17428115717087733,0.5662456020196331,2996
spatial_aggregation_order,primary_ndvi_first,multi_aoi,AOI-01,landsat,2022,2025,W2022,4,11867,2906,21,7,0.0012493155056395452,0.00023908290124133078,8.180267628158938e-05,0.5317928068626094,0.8653608858835536,2906
spatial_aggregation_order,primary_ndvi_first,multi_aoi,AOI-01,landsat,2022,2025,W2022,5,11845,2928,23,5,0.0023802791028914344,0.0006552295532892124,0.00010487302412214249,0.37691820047013247,0.8041666172146449,2928
spatial_aggregation_order,primary_ndvi_first,multi_aoi,AOI-01,landsat,2023,2025,W2023,1,12399,3057,22,6,0.000730626336792535,0.0004474448011122415,0.0004262841390318566,-6.8694979860559355,0.06470721374687555,3057
spatial_aggregation_order,primary_ndvi_first,multi_aoi,AOI-01,landsat,2023,2025,W2023,2,12300,3156,23,5,0.001092698692164551,0.00048494495108641813,0.0003876257504459975,0.46378612055420754,0.7377102053145747,3156
spatial_aggregation_order,primary_ndvi_first,multi_aoi,AOI-01,landsat,2023,2025,W2023,3,12429,3027,21,7,0.0028321727833951105,0.0005405017506841815,-0.000161696029213102,0.3653414135819051,0.9011074858476295,3027
spatial_aggregation_order,primary_ndvi_first,multi_aoi,AOI-01,landsat,2023,2025,W2023,4,12426,3030,23,5,0.0011155292365057404,0.0005614990771968401,0.00033058967754921585,0.14747609140580742,0.5000972384920656,3030
spatial_aggregation_order,primary_ndvi_first,multi_aoi,AOI-01,landsat,2023,2025,W2023,5,12270,3186,23,5,0.001125642273086046,0.0006944605007000999,0.00046205552992710004,0.45106351020912616,0.7390461328019516,3186
spatial_aggregation_order,primary_ndvi_first,multi_aoi,AOI-01,landsat,2024,2025,W2024,1,12296,3155,23,5,0.0007732768001503834,0.00048476944159496244,0.0004607885185094504,-5.243369085631578,0.19682172299814757,3155
spatial_aggregation_order,primary_ndvi_first,multi_aoi,AOI-01,landsat,2024,2025,W2024,2,12424,3027,21,7,0.002441022704128362,0.00046571267841564296,-0.00012742658962996446,0.36976015181533994,0.872494878286767,3027
spatial_aggregation_order,primary_ndvi_first,multi_aoi,AOI-01,landsat,2024,2025,W2024,3,12421,3030,23,5,0.0012906054631738437,0.000523249289764665,0.0001790357619251886,0.3805162027636868,0.6431046503845113,3030
spatial_aggregation_order,primary_ndvi_first,multi_aoi,AOI-01,landsat,2024,2025,W2024,4,12265,3186,23,5,0.001070015476185226,0.0006699485349180899,0.0004555170906131336,0.4147495936901475,0.7218065167028384,3186
spatial_aggregation_order,primary_ndvi_first,multi_aoi,AOI-01,landsat,2024,2025,W2024,5,12398,3053,22,6,0.0009502618271405162,0.0003799067118443028,0.0003023312119863145,0.35007954481962467,0.6523636062124695,3053
spatial_aggregation_order,primary_ndvi_first,multi_aoi,AOI-01,landsat,2022;2023,2025,W2022_2023,1,24039,6190,23,5,0.0008103921604884943,0.0005244330717628175,0.0004386375902181926,-0.46964608530003904,0.492084619452311,6190
spatial_aggregation_order,primary_ndvi_first,multi_aoi,AOI-01,landsat,2022;2023,2025,W2022_2023,2,24055,6174,23,5,0.0010911125021214063,0.0006285610236403526,0.0003980663350021169,0.41551347012362294,0.7028632655382844,6174
spatial_aggregation_order,primary_ndvi_first,multi_aoi,AOI-01,landsat,2022;2023,2025,W2022_2023,3,24275,5954,23,5,0.0008522443431442943,0.00041913722137438994,0.0003193769159187939,-0.2627580568523169,0.3047345365599189,5954
spatial_aggregation_order,primary_ndvi_first,multi_aoi,AOI-01,landsat,2022;2023,2025,W2022_2023,4,24306,5923,21,7,0.001103811914580746,0.00021147248147487525,8.209714822626324e-05,0.5666601837267934,0.8620852345627552,5923
spatial_aggregation_order,primary_ndvi_first,multi_aoi,AOI-01,landsat,2022;2023,2025,W2022_2023,5,24241,5988,22,6,0.002602171333083075,0.0006485062541799591,3.433544323481615e-05,0.3747341310543204,0.8376621224346926,5988
spatial_aggregation_order,primary_ndvi_first,multi_aoi,AOI-01,landsat,2023;2024,2025,W2023_2024,1,24596,6311,23,5,0.000773181385526774,0.00047289909162290787,0.00044888127043721916,-5.583454181103696,0.15561022955408021,6311
spatial_aggregation_order,primary_ndvi_first,multi_aoi,AOI-01,landsat,2023;2024,2025,W2023_2024,2,24853,6054,21,7,0.002642462432335119,0.0005041947217437232,-0.00014338235835944423,0.3679522278357069,0.8883825410782465,6054
spatial_aggregation_order,primary_ndvi_first,multi_aoi,AOI-01,landsat,2023;2024,2025,W2023_2024,3,24847,6060,23,5,0.001197690114236694,0.0005413215225748212,0.0002576765104741003,0.3090692902658817,0.5841788203445422,6060
spatial_aggregation_order,primary_ndvi_first,multi_aoi,AOI-01,landsat,2023;2024,2025,W2023_2024,4,24535,6372,23,5,0.0011006759667922363,0.0006828464153998485,0.00046016068208786735,0.43183729740497745,0.7294710588074235,6372
spatial_aggregation_order,primary_ndvi_first,multi_aoi,AOI-01,landsat,2023;2024,2025,W2023_2024,5,24797,6110,22,6,0.0010347530166228622,0.00042786176142766845,0.00033750244925450176,0.416324212268223,0.7059218315188028,6110
spatial_aggregation_order,primary_ndvi_first,multi_aoi,AOI-01,landsat,2022;2023;2024,2025,W2022_2024,1,36345,9335,23,5,0.0006446770826524372,0.0003096118335311007,0.00018225531017845249,0.2908904552588767,0.6209497055483517,9335
spatial_aggregation_order,primary_ndvi_first,multi_aoi,AOI-01,landsat,2022;2023;2024,2025,W2022_2024,2,36286,9394,23,5,0.0012141384763315834,0.0008759726439794896,0.0006701870943708506,0.25422361999951504,0.6938701955265201,9394
spatial_aggregation_order,primary_ndvi_first,multi_aoi,AOI-01,landsat,2022;2023;2024,2025,W2022_2024,3,36705,8975,21,7,0.0010402198116153478,0.00023709127514968828,0.00012154016338473266,0.5366473266599001,0.8278367445169347,8975
spatial_aggregation_order,primary_ndvi_first,multi_aoi,AOI-01,landsat,2022;2023;2024,2025,W2022_2024,4,36673,9007,22,6,0.0027038367483811767,0.0006301482756775538,-0.00012180044730740351,0.35379631847446813,0.8471237693801061,9007
spatial_aggregation_order,primary_ndvi_first,multi_aoi,AOI-01,landsat,2022;2023;2024,2025,W2022_2024,5,36711,8969,23,5,0.0007728391744323581,0.0004656690787081737,0.00045356081705572905,-9.500368577742332,0.18694024504610454,8969
spatial_aggregation_order,primary_ndvi_first,multi_aoi,AOI-01,modis,2022,2025,W2022,1,12399,3057,22,6,0.0005671993631493276,0.0003433625888729404,0.00033875221015158076,-14.387055739393452,0.15111209857063834,3057
spatial_aggregation_order,primary_ndvi_first,multi_aoi,AOI-01,modis,2022,2025,W2022,2,12300,3156,23,5,0.001448648444210577,0.00038125321269782205,0.000215839561245343,0.3143923928241448,0.6913905451992892,3156
spatial_aggregation_order,primary_ndvi_first,multi_aoi,AOI-01,modis,2022,2025,W2022,3,12429,3027,21,7,0.00259037208532623,0.00044450565373731324,-0.00017820426364870996,0.23938276521196789,0.8239098987130513,3027
spatial_aggregation_order,primary_ndvi_first,multi_aoi,AOI-01,modis,2022,2025,W2022,4,12426,3030,23,5,0.0007564880966580346,0.0004575609576196638,0.0003393745110297549,-0.14282409671319019,0.49430057254405274,3030
spatial_aggregation_order,primary_ndvi_first,multi_aoi,AOI-01,modis,2022,2025,W2022,5,12270,3186,23,5,0.0011578313091710017,0.0006946443888509564,0.0005053570577094829,0.14450469921763975,0.5570068458031572,3186
spatial_aggregation_order,primary_ndvi_first,multi_aoi,AOI-01,modis,2023,2025,W2023,1,12399,3057,22,6,0.0005671205860915884,0.0003576741693178705,0.0003370763572676649,-3.7414066739076315,0.13178095541722556,3057
spatial_aggregation_order,primary_ndvi_first,multi_aoi,AOI-01,modis,2023,2025,W2023,2,12300,3156,23,5,0.0013232559384391152,0.0004631528184565149,0.00032030208984078483,0.21363367365633268,0.5408206604050287,3156
spatial_aggregation_order,primary_ndvi_first,multi_aoi,AOI-01,modis,2023,2025,W2023,3,12429,3027,21,7,0.0032952432022874695,0.000552953129471025,-0.0002772189384573496,0.1408369012433025,0.8375042698073036,3027
spatial_aggregation_order,primary_ndvi_first,multi_aoi,AOI-01,modis,2023,2025,W2023,4,12426,3030,23,5,0.001212209051141624,0.0005919212865246892,0.00032745652789922336,-0.006699141262658026,0.36330336478514075,3030
spatial_aggregation_order,primary_ndvi_first,multi_aoi,AOI-01,modis,2023,2025,W2023,5,12270,3186,23,5,0.0012823469929458113,0.0006513937094515604,0.0003277645782782093,0.28758602966949665,0.6006077762662216,3186
spatial_aggregation_order,primary_ndvi_first,multi_aoi,AOI-01,modis,2024,2025,W2024,1,12399,3057,22,6,0.0004061391075700213,0.0002894971404120027,0.0002807675255320263,-6.88921293815399,0.05205056433539711,3057
spatial_aggregation_order,primary_ndvi_first,multi_aoi,AOI-01,modis,2024,2025,W2024,2,12300,3156,23,5,0.0011297066920699184,0.0003382180361607974,0.00019606359677819022,0.09957822848808529,0.3766735407606611,3156
spatial_aggregation_order,primary_ndvi_first,multi_aoi,AOI-01,modis,2024,2025,W2024,3,12429,3027,21,7,0.0029726636145552435,0.0005082144696791591,-0.0002440722737452789,0.06533978679009689,0.7205618132651819,3027
spatial_aggregation_order,primary_ndvi_first,multi_aoi,AOI-01,modis,2024,2025,W2024,4,12426,3030,23,5,0.001447334127020171,0.0005702161977825062,0.00019153694771562886,0.2209226854873434,0.487557007279422,3030
spatial_aggregation_order,primary_ndvi_first,multi_aoi,AOI-01,modis,2024,2025,W2024,5,12270,3186,23,5,0.0012321153641268242,0.0005109361327752333,0.00010706603650860002,0.22399529965160703,0.5779488181078044,3186
spatial_aggregation_order,primary_ndvi_first,multi_aoi,AOI-01,modis,2022;2023,2025,W2022_2023,1,24798,6114,22,6,0.000562074172474399,0.00034764935303195876,0.0003351253729689415,-6.116802397522069,0.13648251622666216,6114
spatial_aggregation_order,primary_ndvi_first,multi_aoi,AOI-01,modis,2022;2023,2025,W2022_2023,2,24600,6312,23,5,0.0013951593431949273,0.00042242098712568014,0.00026785524247529587,0.2637717007039979,0.6044732629109776,6312
spatial_aggregation_order,primary_ndvi_first,multi_aoi,AOI-01,modis,2022;2023,2025,W2022_2023,3,24858,6054,21,7,0.002963730899096217,0.0004956430129660535,-0.00023384376692758656,0.18154997959176522,0.8330139431913872,6054
spatial_aggregation_order,primary_ndvi_first,multi_aoi,AOI-01,modis,2022;2023,2025,W2022_2023,4,24852,6060,23,5,0.0010110109821170692,0.0005250802299204862,0.00033289763530690075,-0.03974411920054366,0.40102455567866563,6060
spatial_aggregation_order,primary_ndvi_first,multi_aoi,AOI-01,modis,2022;2023,2025,W2022_2023,5,24540,6372,23,5,0.001206510774207876,0.0006581403118022654,0.00040139235334635715,0.24937928861552006,0.5818910949305072,6372
spatial_aggregation_order,primary_ndvi_first,multi_aoi,AOI-01,modis,2023;2024,2025,W2023_2024,1,24798,6114,22,6,0.00048271627720961833,0.0003185563639961756,0.00030331519137229645,-4.249059975370662,0.09719983796583366,6114
spatial_aggregation_order,primary_ndvi_first,multi_aoi,AOI-01,modis,2023;2024,2025,W2023_2024,2,24600,6312,23,5,0.0012392381452326169,0.0003918595934412673,0.0002479878722443082,0.15715989336680147,0.46930333151425113,6312
spatial_aggregation_order,primary_ndvi_first,multi_aoi,AOI-01,modis,2023;2024,2025,W2023_2024,3,24858,6054,21,7,0.003155608372151661,0.0005274171880217461,-0.0002681800158209017,0.09863962765250023,0.7866322417887828,6054
spatial_aggregation_order,primary_ndvi_first,multi_aoi,AOI-01,modis,2023;2024,2025,W2023_2024,4,24852,6060,23,5,0.0013275256335444484,0.0005797871316925179,0.00026328770876435164,0.1511491304856568,0.4359661814800965,6060
spatial_aggregation_order,primary_ndvi_first,multi_aoi,AOI-01,modis,2023;2024,2025,W2023_2024,5,24540,6372,23,5,0.001250551740689896,0.0005718524859808333,0.0002024778429782672,0.2665726799064676,0.5914682177438711,6372
spatial_aggregation_order,primary_ndvi_first,multi_aoi,AOI-01,modis,2022;2023;2024,2025,W2022_2024,1,37197,9171,22,6,0.0004973091574937827,0.0003194129506212324,0.0003075414968565796,-5.763089113476068,0.10984575208086789,9171
spatial_aggregation_order,primary_ndvi_first,multi_aoi,AOI-01,modis,2022;2023;2024,2025,W2022_2024,2,36900,9468,23,5,0.0013326307274981214,0.0003855400998607818,0.00023316950256598417,0.20543830884330483,0.5400695640462331,9468
spatial_aggregation_order,primary_ndvi_first,multi_aoi,AOI-01,modis,2022;2023;2024,2025,W2022_2024,3,37287,9081,21,7,0.0029915368204891687,0.0004936986403456526,-0.00025081051197584314,0.13167095114174499,0.8018339492164791,9081
spatial_aggregation_order,primary_ndvi_first,multi_aoi,AOI-01,modis,2022;2023;2024,2025,W2022_2024,4,37278,9090,23,5,0.0011680804457457267,0.00053788110722653,0.0002869044841514051,0.1231497244632126,0.43776000517829045,9090
spatial_aggregation_order,primary_ndvi_first,multi_aoi,AOI-01,modis,2022;2023;2024,2025,W2022_2024,5,36810,9558,23,5,0.0011938910137965356,0.0005875974759593112,0.00027571210800426916,0.2672303994162446,0.5834074644300637,9558
spatial_aggregation_order,primary_ndvi_first,multi_aoi,AOI-01,sentinel2,2022,2025,W2022,1,12399,3057,22,6,0.0006752376979141572,0.0003820537996283318,0.00037373366372978354,-20.80707509125551,0.029190748988365052,3057
spatial_aggregation_order,primary_ndvi_first,multi_aoi,AOI-01,sentinel2,2022,2025,W2022,2,12300,3156,23,5,0.0013697028423885168,0.0004192499586271484,0.0002676257760814372,0.38708206036690596,0.7012885204887227,3156
spatial_aggregation_order,primary_ndvi_first,multi_aoi,AOI-01,sentinel2,2022,2025,W2022,3,12429,3027,21,7,0.0024426645097863813,0.0004520439404471419,-0.00014106748992025918,0.32365309956584865,0.8576668742785244,3027
spatial_aggregation_order,primary_ndvi_first,multi_aoi,AOI-01,sentinel2,2022,2025,W2022,4,12426,3030,23,5,0.0007639708032117196,0.0004358634038812015,0.0002976955719586747,-0.16554411049539186,0.43419831060301045,3030
spatial_aggregation_order,primary_ndvi_first,multi_aoi,AOI-01,sentinel2,2022,2025,W2022,5,12270,3186,23,5,0.0010845515236700095,0.0006318169893234371,0.0004556408163048594,0.24936739039212352,0.6262509308239295,3186
spatial_aggregation_order,primary_ndvi_first,multi_aoi,AOI-01,sentinel2,2023,2025,W2023,1,12285,3025,22,6,0.000746603075051386,0.0004782716038672304,0.00045490757791063433,-7.131672929405887,0.03273913286045811,3025
spatial_aggregation_order,primary_ndvi_first,multi_aoi,AOI-01,sentinel2,2023,2025,W2023,2,12298,3012,23,5,0.0031811415649630518,0.0007370848184388043,-4.618878242068382e-05,0.20115032641748054,0.8210076815334119,3012
spatial_aggregation_order,primary_ndvi_first,multi_aoi,AOI-01,sentinel2,2023,2025,W2023,3,12300,3010,21,7,0.00040658947073413245,0.0002037581664037776,0.00018554632143177603,-1.6020302918763547,0.28173655537059167,3010
spatial_aggregation_order,primary_ndvi_first,multi_aoi,AOI-01,sentinel2,2023,2025,W2023,4,12177,3133,23,5,0.001107444692086486,0.00041260091032213424,5.7788300950266e-05,0.47723097208420184,0.7682427008430415,3133
spatial_aggregation_order,primary_ndvi_first,multi_aoi,AOI-01,sentinel2,2023,2025,W2023,5,12180,3130,23,5,0.0014660613771122896,0.0005985777535940925,0.00019524720495298976,0.40277732738781113,0.6760558713923409,3130
spatial_aggregation_order,primary_ndvi_first,multi_aoi,AOI-01,sentinel2,2024,2025,W2024,1,12399,3057,22,6,0.0004635368267234618,0.00029591052907578495,0.0002872189509877328,-9.276673164711802,0.04113983548152322,3057
spatial_aggregation_order,primary_ndvi_first,multi_aoi,AOI-01,sentinel2,2024,2025,W2024,2,12300,3156,23,5,0.0009580219634833559,0.000300313463732701,0.00017967557356231346,0.3524616174964261,0.6934567500715706,3156
spatial_aggregation_order,primary_ndvi_first,multi_aoi,AOI-01,sentinel2,2024,2025,W2024,3,12429,3027,21,7,0.0028535039183522105,0.0005093646516094351,-0.00021366433588436784,0.1387699641527469,0.8382670120668828,3027
spatial_aggregation_order,primary_ndvi_first,multi_aoi,AOI-01,sentinel2,2024,2025,W2024,4,12426,3030,23,5,0.0013283819107664933,0.00046704035494481,4.4953953382708244e-05,0.3437204685083778,0.6403292913311135,3030
spatial_aggregation_order,primary_ndvi_first,multi_aoi,AOI-01,sentinel2,2024,2025,W2024,5,12270,3186,23,5,0.0011441277344581677,0.0005733997973444848,0.00019537033700800006,0.33086979876494815,0.6746830172105759,3186
spatial_aggregation_order,primary_ndvi_first,multi_aoi,AOI-01,sentinel2,2022;2023,2025,W2022_2023,1,24440,6326,23,5,0.0008641408349128193,0.0005526274421310037,0.0004126261430793533,-0.5612040932552365,0.33346879794853257,6326
spatial_aggregation_order,primary_ndvi_first,multi_aoi,AOI-01,sentinel2,2022;2023,2025,W2022_2023,2,24739,6027,22,6,0.0010469036800891517,0.0006216427232758058,0.000510793851571016,-0.8697534542559027,0.1701653102620808,6027
spatial_aggregation_order,primary_ndvi_first,multi_aoi,AOI-01,sentinel2,2022;2023,2025,W2022_2023,3,24736,6030,22,6,0.002844006177189095,0.0005666253446898695,-0.0001258463420298876,0.24810800366070218,0.8141575462586531,6030
spatial_aggregation_order,primary_ndvi_first,multi_aoi,AOI-01,sentinel2,2022;2023,2025,W2022_2023,4,24664,6102,22,6,0.0004304636391729968,0.00022015019368682055,0.00022015019368682055,0.0,,6102
spatial_aggregation_order,primary_ndvi_first,multi_aoi,AOI-01,sentinel2,2022;2023,2025,W2022_2023,5,24485,6281,23,5,0.0016096369372137949,0.0004984666354051393,5.6256518995541006e-05,0.4317664727072362,0.7901880446310678,6281
spatial_aggregation_order,primary_ndvi_first,multi_aoi,AOI-01,sentinel2,2023;2024,2025,W2023_2024,1,24440,6326,23,5,0.0008315991064971649,0.0005352678396442268,0.0003109110853167177,-0.06329189928585555,0.36414709791702715,6326
spatial_aggregation_order,primary_ndvi_first,multi_aoi,AOI-01,sentinel2,2023;2024,2025,W2023_2024,2,24739,6027,22,6,0.0012572531932353585,0.0006142780942190986,0.00041657103154257505,-0.022544889147615432,0.34893934406257004,6027
spatial_aggregation_order,primary_ndvi_first,multi_aoi,AOI-01,sentinel2,2023;2024,2025,W2023_2024,3,24736,6030,22,6,0.003029982073550308,0.0005817250656028973,-0.00017718915308864906,0.17144021706947177,0.8151797708418607,6030
spatial_aggregation_order,primary_ndvi_first,multi_aoi,AOI-01,sentinel2,2023;2024,2025,W2023_2024,4,24664,6102,22,6,0.000351333352169883,0.0001873361528057456,0.0001873361528057456,0.0,,6102
spatial_aggregation_order,primary_ndvi_first,multi_aoi,AOI-01,sentinel2,2023;2024,2025,W2023_2024,5,24485,6281,23,5,0.0015433876686746363,0.0004675551999517134,-4.296270988840393e-05,0.38997226895900483,0.7999645034870679,6281
spatial_aggregation_order,primary_ndvi_first,multi_aoi,AOI-01,sentinel2,2022;2023;2024,2025,W2022_2024,1,36677,9545,23,5,0.0008327153879334013,0.0005345130107407825,0.00034914569228690183,-0.20870195886975607,0.3553599555768334,9545
spatial_aggregation_order,primary_ndvi_first,multi_aoi,AOI-01,sentinel2,2022;2023;2024,2025,W2022_2024,2,37176,9046,22,6,0.0028443251264058285,0.0005979524937745833,-9.641910006981264e-05,0.21598084912745885,0.8188760612571107,9046
spatial_aggregation_order,primary_ndvi_first,multi_aoi,AOI-01,sentinel2,2022;2023;2024,2025,W2022_2024,3,37061,9161,22,6,0.000990522967155474,0.0003396518382878361,0.00020866804556219504,0.039050245340823464,0.3438778886782981,9161
spatial_aggregation_order,primary_ndvi_first,multi_aoi,AOI-01,sentinel2,2022;2023;2024,2025,W2022_2024,4,37177,9045,22,6,0.0005635647639754364,0.0003260088071551825,0.0003043572858956236,-4.460716861531958,0.09971473970409594,9045
spatial_aggregation_order,primary_ndvi_first,multi_aoi,AOI-01,sentinel2,2022;2023;2024,2025,W2022_2024,5,36797,9425,23,5,0.0015648528327747828,0.00047368957805780617,8.754873468962074e-06,0.40823997343915563,0.7937168167573984,9425
spatial_aggregation_order,primary_ndvi_first,multi_aoi,AOI-02,landsat,2022,2025,W2022,1,9663,2420,25,5,0.0495024794829013,0.03837246293461517,-0.005588715198204156,0.8888792385167781,0.9436010680883081,2420
spatial_aggregation_order,primary_ndvi_first,multi_aoi,AOI-02,landsat,2022,2025,W2022,2,9668,2415,24,6,0.04693350128915018,0.036374186201111484,-6.417990527334442e-05,0.9299956529534321,0.9644990048908867,2415
spatial_aggregation_order,primary_ndvi_first,multi_aoi,AOI-02,landsat,2022,2025,W2022,3,9667,2416,23,7,0.05033881209839433,0.03886957926121441,0.011539266283615554,0.8647299265920422,0.9357854212126094,2416
spatial_aggregation_order,primary_ndvi_first,multi_aoi,AOI-02,landsat,2022,2025,W2022,4,9669,2414,23,7,0.0529275935574323,0.040695999842871505,0.0024084269288418597,0.8900744528477262,0.9435630005224835,2414
spatial_aggregation_order,primary_ndvi_first,multi_aoi,AOI-02,landsat,2022,2025,W2022,5,9665,2418,25,5,0.045220744301727366,0.035894302652768495,-0.008567063284434007,0.9018499628213268,0.9520844691890319,2418
spatial_aggregation_order,primary_ndvi_first,multi_aoi,AOI-02,landsat,2023,2025,W2023,1,1683,455,11,1,0.06406479949748178,0.048256460521517025,0.019085692805743116,0.7446402187875334,0.8812349328098793,455
spatial_aggregation_order,primary_ndvi_first,multi_aoi,AOI-02,landsat,2023,2025,W2023,2,1716,422,11,1,0.0813964365907143,0.06523861262718426,0.04866772186991311,0.7370070063941596,0.941602377039681,422
spatial_aggregation_order,primary_ndvi_first,multi_aoi,AOI-02,landsat,2023,2025,W2023,3,1724,414,9,3,0.06661844775483641,0.052811142891195775,-0.020359242266388623,0.7441376848329625,0.8779743848123654,414
spatial_aggregation_order,primary_ndvi_first,multi_aoi,AOI-02,landsat,2023,2025,W2023,4,1702,436,10,2,0.07368766320784864,0.06073114591087806,-0.055855899618206854,-0.026837980125123506,0.7540491297481173,436
spatial_aggregation_order,primary_ndvi_first,multi_aoi,AOI-02,landsat,2023,2025,W2023,5,1727,411,7,5,0.07530262767898815,0.06091853810109959,0.004621631719524634,0.7129504914786379,0.8450669133463273,411
spatial_aggregation_order,primary_ndvi_first,multi_aoi,AOI-02,landsat,2024,2025,W2024,1,1013,253,20,4,0.0654028155794974,0.05107252769252934,-0.008610560287241385,0.8441249237076246,0.9223013228196189,253
spatial_aggregation_order,primary_ndvi_first,multi_aoi,AOI-02,landsat,2024,2025,W2024,2,1012,254,19,5,0.05936704563674977,0.04823786456672542,0.016511013933872203,0.9242122307881513,0.9660082763335036,254
spatial_aggregation_order,primary_ndvi_first,multi_aoi,AOI-02,landsat,2024,2025,W2024,3,1013,253,19,5,0.0647231583997537,0.050667816148775725,-0.015224960685173311,0.699289493811829,0.8467194676374378,253
spatial_aggregation_order,primary_ndvi_first,multi_aoi,AOI-02,landsat,2024,2025,W2024,4,1012,254,19,5,0.0514017449186756,0.039530531600145885,-0.0006570726394002143,0.8903743477243296,0.9452120126140728,254
spatial_aggregation_order,primary_ndvi_first,multi_aoi,AOI-02,landsat,2024,2025,W2024,5,1014,252,19,5,0.0585482828896256,0.04539970982382249,0.013409686609606706,0.8808702438656644,0.9420345037103576,252
spatial_aggregation_order,primary_ndvi_first,multi_aoi,AOI-02,landsat,2022;2023,2025,W2022_2023,1,6680,1448,9,3,0.05866710329113614,0.045109946061799744,-0.004598409078597403,0.7364333207648466,0.8614952062838428,1448
spatial_aggregation_order,primary_ndvi_first,multi_aoi,AOI-02,landsat,2022;2023,2025,W2022_2023,2,6570,1558,9,3,0.05376178873541424,0.04139137353321862,0.012982602061249364,0.8376233895974832,0.9214004269686007,1558
spatial_aggregation_order,primary_ndvi_first,multi_aoi,AOI-02,landsat,2022;2023,2025,W2022_2023,3,6453,1675,10,2,0.05885722103125883,0.04636958466569061,-0.031435443264668066,0.6946924513225468,0.884727553691653,1675
spatial_aggregation_order,primary_ndvi_first,multi_aoi,AOI-02,landsat,2022;2023,2025,W2022_2023,4,6405,1723,10,2,0.05301560996008304,0.04111790623630954,0.006382051524972288,0.8938331089553812,0.9474820948175214,1723
spatial_aggregation_order,primary_ndvi_first,multi_aoi,AOI-02,landsat,2022;2023,2025,W2022_2023,5,6404,1724,10,2,0.056607375423333724,0.04300373635431612,0.013953093846817824,0.8455899647796139,0.9307935023310678,1724
spatial_aggregation_order,primary_ndvi_first,multi_aoi,AOI-02,landsat,2023;2024,2025,W2023_2024,1,2061,627,10,1,0.07523181257692477,0.05951078855493264,0.031178549165334645,0.7713992980517839,0.9239262897559318,627
spatial_aggregation_order,primary_ndvi_first,multi_aoi,AOI-02,landsat,2023;2024,2025,W2023_2024,2,2065,623,10,1,0.06433953647013321,0.0488114374261129,0.010553735318284668,0.7127765825888694,0.8559826702923992,623
spatial_aggregation_order,primary_ndvi_first,multi_aoi,AOI-02,landsat,2023;2024,2025,W2023_2024,3,2198,490,9,2,0.0654138943250015,0.052875210503122334,-0.031022730280113084,0.6208699109325667,0.8404922014099728,490
spatial_aggregation_order,primary_ndvi_first,multi_aoi,AOI-02,landsat,2023;2024,2025,W2023_2024,4,2206,482,7,4,0.0771210254339417,0.06383634390391225,-0.051212750131963004,0.5140396981742654,0.8592561929285905,482
spatial_aggregation_order,primary_ndvi_first,multi_aoi,AOI-02,landsat,2023;2024,2025,W2023_2024,5,2222,466,8,3,0.07658281512243797,0.06075756826747235,0.025499721316958292,0.7491894149289111,0.881534536545707,466
spatial_aggregation_order,primary_ndvi_first,multi_aoi,AOI-02,landsat,2022;2023;2024,2025,W2022_2024,1,6952,1499,9,2,0.05607833205735955,0.04301840293869539,0.007222064355052863,0.8076462624607532,0.9015294259866282,1499
spatial_aggregation_order,primary_ndvi_first,multi_aoi,AOI-02,landsat,2022;2023;2024,2025,W2022_2024,2,6949,1502,8,3,0.05872608358737347,0.04533138629339541,-0.004131303203440858,0.7327903991122497,0.8592569615820247,1502
spatial_aggregation_order,primary_ndvi_first,multi_aoi,AOI-02,landsat,2022;2023;2024,2025,W2022_2024,3,6750,1701,9,2,0.05784965833413334,0.045426396725547734,-0.02910912880764273,0.7071436455957427,0.8844478574026234,1701
spatial_aggregation_order,primary_ndvi_first,multi_aoi,AOI-02,landsat,2022;2023;2024,2025,W2022_2024,4,6519,1932,9,2,0.057976581044267686,0.04420655778768404,0.012042293143933324,0.8433083196340603,0.9283117521955586,1932
spatial_aggregation_order,primary_ndvi_first,multi_aoi,AOI-02,landsat,2022;2023;2024,2025,W2022_2024,5,6634,1817,9,2,0.05490809120991678,0.04259914131137624,0.010174563458377348,0.8871204010374346,0.9457298695512331,1817
spatial_aggregation_order,primary_ndvi_first,multi_aoi,AOI-02,modis,2022,2025,W2022,1,11137,2772,24,6,0.03764768295659432,0.028296512617497743,-0.005877365098202602,0.9664027976126562,0.9837796766014164,2772
spatial_aggregation_order,primary_ndvi_first,multi_aoi,AOI-02,modis,2022,2025,W2022,2,11154,2755,23,7,0.03800366087585996,0.028663445110178373,-0.004281048751188443,0.8916305765252629,0.9450062260133592,2755
spatial_aggregation_order,primary_ndvi_first,multi_aoi,AOI-02,modis,2022,2025,W2022,3,11135,2774,24,6,0.039866775808820275,0.030296742671880816,0.005454337326800696,0.9240887632919961,0.9621472413241883,2774
spatial_aggregation_order,primary_ndvi_first,multi_aoi,AOI-02,modis,2022,2025,W2022,4,11060,2849,25,5,0.03834272431155545,0.029788101972401913,-0.008934514330391516,0.9333174753269678,0.9688385212848764,2849
spatial_aggregation_order,primary_ndvi_first,multi_aoi,AOI-02,modis,2022,2025,W2022,5,11150,2759,24,6,0.041536692111614655,0.031448517512976934,0.012483819635613444,0.9228314279907355,0.9642643617874793,2759
spatial_aggregation_order,primary_ndvi_first,multi_aoi,AOI-02,modis,2023,2025,W2023,1,6022,1490,23,5,0.0512528428414498,0.03920555718894561,-0.01502395036557156,0.9081352687482812,0.9571530836930602,1490
spatial_aggregation_order,primary_ndvi_first,multi_aoi,AOI-02,modis,2023,2025,W2023,2,5998,1514,23,5,0.05787148054821867,0.04351563688603591,-0.00030543817199490687,0.8517793735170016,0.9232916180225395,1514
spatial_aggregation_order,primary_ndvi_first,multi_aoi,AOI-02,modis,2023,2025,W2023,3,6001,1511,23,5,0.056391707494397536,0.04263538988022293,0.00977005694857193,0.8646270210589216,0.9321389298237533,1511
spatial_aggregation_order,primary_ndvi_first,multi_aoi,AOI-02,modis,2023,2025,W2023,4,6005,1507,23,5,0.051588110082308916,0.040056866784203046,0.0008113503073712781,0.8738780850674573,0.9360244783509427,1507
spatial_aggregation_order,primary_ndvi_first,multi_aoi,AOI-02,modis,2023,2025,W2023,5,6022,1490,20,8,0.05345311881757941,0.042577064963548406,0.00467008346998716,0.8635220616373687,0.9300593672796132,1490
spatial_aggregation_order,primary_ndvi_first,multi_aoi,AOI-02,modis,2024,2025,W2024,1,10609,2678,25,5,0.04444304851724974,0.033555628983146894,0.008153054936630143,0.8934792064368945,0.9474104587836275,2678
spatial_aggregation_order,primary_ndvi_first,multi_aoi,AOI-02,modis,2024,2025,W2024,2,10614,2673,25,5,0.04253350656715174,0.03169635080553381,0.0014660324985313518,0.9552676105170103,0.9774276729965763,2673
spatial_aggregation_order,primary_ndvi_first,multi_aoi,AOI-02,modis,2024,2025,W2024,3,10643,2644,23,7,0.04342306707706347,0.03249749975547099,0.00125647200334227,0.8897784025388177,0.9434785026401394,2644
spatial_aggregation_order,primary_ndvi_first,multi_aoi,AOI-02,modis,2024,2025,W2024,4,10646,2641,23,7,0.043996639413247995,0.034300754896968544,-0.01098824413043988,0.9337690056160991,0.9684595000876383,2641
spatial_aggregation_order,primary_ndvi_first,multi_aoi,AOI-02,modis,2024,2025,W2024,5,10636,2651,24,6,0.04210022288817467,0.0325226719465385,0.0006721096361965706,0.940126116326216,0.9698602913944787,2651
spatial_aggregation_order,primary_ndvi_first,multi_aoi,AOI-02,modis,2022;2023,2025,W2022_2023,1,16685,4229,23,5,0.041012912912329766,0.03139916262153566,-0.005766139344916721,0.8988899499466269,0.9491996679201665,4229
spatial_aggregation_order,primary_ndvi_first,multi_aoi,AOI-02,modis,2022;2023,2025,W2022_2023,2,16760,4154,22,6,0.04849609192302103,0.03631481525339722,0.001448905317573238,0.9370387636917054,0.9687973188125024,4154
spatial_aggregation_order,primary_ndvi_first,multi_aoi,AOI-02,modis,2022;2023,2025,W2022_2023,3,16771,4143,21,7,0.04844496646735325,0.03590227036129243,0.012165336059567643,0.9017035402393188,0.9528889083205505,4143
spatial_aggregation_order,primary_ndvi_first,multi_aoi,AOI-02,modis,2022;2023,2025,W2022_2023,4,16761,4153,23,5,0.04707319256430754,0.03608756005435946,-0.0061691111128619695,0.9038637825627774,0.9517806319925877,4153
spatial_aggregation_order,primary_ndvi_first,multi_aoi,AOI-02,modis,2022;2023,2025,W2022_2023,5,16679,4235,23,5,0.04493204727686226,0.034857882037122284,-0.002914305910413241,0.9108629789332136,0.9550215749988775,4235
spatial_aggregation_order,primary_ndvi_first,multi_aoi,AOI-02,modis,2023;2024,2025,W2023_2024,1,16289,4135,23,5,0.04845989298945762,0.03767992251063056,0.0008334435429406721,0.900896253480491,0.9493645238248095,4135
spatial_aggregation_order,primary_ndvi_first,multi_aoi,AOI-02,modis,2023;2024,2025,W2023_2024,2,16401,4023,22,6,0.05050087646112012,0.037117408243207056,0.008508019275432247,0.9308950352756455,0.967266992181303,4023
spatial_aggregation_order,primary_ndvi_first,multi_aoi,AOI-02,modis,2023;2024,2025,W2023_2024,3,16394,4030,21,7,0.049457687723555216,0.0374600412585962,-0.004595399265726443,0.832030244145266,0.9131021177983428,4030
spatial_aggregation_order,primary_ndvi_first,multi_aoi,AOI-02,modis,2023;2024,2025,W2023_2024,4,16262,4162,23,5,0.04702118242837622,0.036078055409087324,-0.00387234537052412,0.907929545211884,0.9531845843267799,4162
spatial_aggregation_order,primary_ndvi_first,multi_aoi,AOI-02,modis,2023;2024,2025,W2023_2024,5,16350,4074,23,5,0.0481847549554439,0.03713507074038065,-0.0013695244513405053,0.9177813458485227,0.9583714288860417,4074
spatial_aggregation_order,primary_ndvi_first,multi_aoi,AOI-02,modis,2022;2023;2024,2025,W2022_2024,1,27006,6820,23,5,0.04391046762965008,0.03364388233061404,-0.01198290537334895,0.9404564585093809,0.9729589971387181,6820
spatial_aggregation_order,primary_ndvi_first,multi_aoi,AOI-02,modis,2022;2023;2024,2025,W2022_2024,2,27036,6790,23,5,0.04102624498970512,0.03134981804362594,0.0032262901480859876,0.8366079288776919,0.9183465642685785,6790
spatial_aggregation_order,primary_ndvi_first,multi_aoi,AOI-02,modis,2022;2023;2024,2025,W2022_2024,3,27085,6741,21,7,0.04787737982272802,0.03516486403353861,0.00500439127267961,0.9416574061967893,0.9713458418293998,6741
spatial_aggregation_order,primary_ndvi_first,multi_aoi,AOI-02,modis,2022;2023;2024,2025,W2022_2024,4,27077,6749,22,6,0.0488260090833225,0.037005880180581034,0.0021529790120471595,0.9054805119910847,0.951700560940071,6749
spatial_aggregation_order,primary_ndvi_first,multi_aoi,AOI-02,modis,2022;2023;2024,2025,W2022_2024,5,27100,6726,23,5,0.0442642773985177,0.034193758062127065,0.0016324124969297128,0.9137033316289219,0.9563521831987593,6726
spatial_aggregation_order,primary_ndvi_first,multi_aoi,AOI-02,sentinel2,2022,2025,W2022,1,11335,2813,21,9,0.0555779579274883,0.04375276326828527,0.0013680097184809493,0.8700986071447406,0.933128402115512,2813
spatial_aggregation_order,primary_ndvi_first,multi_aoi,AOI-02,sentinel2,2022,2025,W2022,2,11327,2821,25,5,0.0502782595172767,0.03969782840339316,-0.007550250458409732,0.881536327170239,0.9411923772652675,2821
spatial_aggregation_order,primary_ndvi_first,multi_aoi,AOI-02,sentinel2,2022,2025,W2022,3,11268,2880,25,5,0.05863149098812724,0.04628260647354815,0.019833561518745154,0.9161876318347826,0.9629650010519439,2880
spatial_aggregation_order,primary_ndvi_first,multi_aoi,AOI-02,sentinel2,2022,2025,W2022,4,11330,2818,25,5,0.045882457054366096,0.03610072668177029,-0.008569924107641673,0.9026583506070964,0.9518914687879507,2818
spatial_aggregation_order,primary_ndvi_first,multi_aoi,AOI-02,sentinel2,2022,2025,W2022,5,11332,2816,24,6,0.05003758117056612,0.03826808471638542,-0.0032528595193073175,0.8577529845641987,0.9287159433549174,2816
spatial_aggregation_order,primary_ndvi_first,multi_aoi,AOI-02,sentinel2,2023,2025,W2023,1,5066,1262,23,7,0.06071497260220289,0.04731083040940663,0.01608005810394243,0.8582773377250921,0.9323163434694312,1262
spatial_aggregation_order,primary_ndvi_first,multi_aoi,AOI-02,sentinel2,2023,2025,W2023,2,5067,1261,23,7,0.09529815170104611,0.07200156968914379,-0.047408988580014993,0.3875043970992106,0.7643662117483019,1261
spatial_aggregation_order,primary_ndvi_first,multi_aoi,AOI-02,sentinel2,2023,2025,W2023,3,5054,1274,26,4,0.07929554835782085,0.06296002895742063,0.033293827304265465,0.8681769547538813,0.9483891809474426,1274
spatial_aggregation_order,primary_ndvi_first,multi_aoi,AOI-02,sentinel2,2023,2025,W2023,4,5070,1258,22,8,0.06679999298643406,0.05188025072984729,0.00478547514684439,0.8414048837128282,0.9181635575038692,1258
spatial_aggregation_order,primary_ndvi_first,multi_aoi,AOI-02,sentinel2,2023,2025,W2023,5,5055,1273,26,4,0.07300505652179327,0.05345480201223664,-0.003122147327674499,0.7981270818005002,0.8956403043602265,1273
spatial_aggregation_order,primary_ndvi_first,multi_aoi,AOI-02,sentinel2,2024,2025,W2024,1,11026,2757,24,6,0.06531923201786517,0.052423393649986494,0.022613318069211866,0.9054782309406024,0.9625050557264735,2757
spatial_aggregation_order,primary_ndvi_first,multi_aoi,AOI-02,sentinel2,2024,2025,W2024,2,11037,2746,23,7,0.05337112187591107,0.03981736312335199,-0.0032310356315918506,0.7563649060531474,0.8912964988564382,2746
spatial_aggregation_order,primary_ndvi_first,multi_aoi,AOI-02,sentinel2,2024,2025,W2024,3,11024,2759,24,6,0.056011863498001586,0.044297876774770886,-0.0007924383602333996,0.8816333156687133,0.9389839009946539,2759
spatial_aggregation_order,primary_ndvi_first,multi_aoi,AOI-02,sentinel2,2024,2025,W2024,4,11033,2750,24,6,0.05696877455476754,0.044188115211723215,-0.00880208022186789,0.8602942751130036,0.9297555627119911,2750
spatial_aggregation_order,primary_ndvi_first,multi_aoi,AOI-02,sentinel2,2024,2025,W2024,5,11012,2771,25,5,0.058000084770342915,0.04378635924993244,-0.004854693096137267,0.8470868377088722,0.9223253358750039,2771
spatial_aggregation_order,primary_ndvi_first,multi_aoi,AOI-02,sentinel2,2022;2023,2025,W2022_2023,1,16759,4164,24,6,0.07008552780740701,0.04959997249487546,-0.012206900081976038,0.8001073579129654,0.9004299643276847,4164
spatial_aggregation_order,primary_ndvi_first,multi_aoi,AOI-02,sentinel2,2022;2023,2025,W2022_2023,2,16779,4144,23,7,0.05867210343919789,0.044908795192752676,0.008561802083295517,0.8523218292338084,0.9253589586988488,4144
spatial_aggregation_order,primary_ndvi_first,multi_aoi,AOI-02,sentinel2,2022;2023,2025,W2022_2023,3,16615,4308,25,5,0.05864950290601256,0.044879990224297416,0.0014076803771432458,0.8739842717904218,0.9354743072710123,4308
spatial_aggregation_order,primary_ndvi_first,multi_aoi,AOI-02,sentinel2,2022;2023,2025,W2022_2023,4,16773,4150,24,6,0.05762185047706448,0.044616371816053435,-0.005554398109961585,0.8498454749252347,0.9235228122938087,4150
spatial_aggregation_order,primary_ndvi_first,multi_aoi,AOI-02,sentinel2,2022;2023,2025,W2022_2023,5,16766,4157,24,6,0.06301472853531621,0.04914770796816638,0.00889295069472549,0.9141259411146754,0.9622764914901198,4157
spatial_aggregation_order,primary_ndvi_first,multi_aoi,AOI-02,sentinel2,2023;2024,2025,W2023_2024,1,16441,4082,24,6,0.060551728722562516,0.04540497941542134,-0.012081789432982661,0.7954755294273419,0.8995528778420019,4082
spatial_aggregation_order,primary_ndvi_first,multi_aoi,AOI-02,sentinel2,2023;2024,2025,W2023_2024,2,16315,4208,25,5,0.07003853378950921,0.05163074797347574,-0.00604987049436496,0.7942839563161832,0.8959052450694394,4208
spatial_aggregation_order,primary_ndvi_first,multi_aoi,AOI-02,sentinel2,2023;2024,2025,W2023_2024,3,16445,4078,24,6,0.06509235745061534,0.049482089586645905,0.007212608478389187,0.8549777730847891,0.9266323040763099,4078
spatial_aggregation_order,primary_ndvi_first,multi_aoi,AOI-02,sentinel2,2023;2024,2025,W2023_2024,4,16445,4078,24,6,0.05746881818863431,0.04453857161692913,-0.002522692894792395,0.8617856258966896,0.9285121852413312,4078
spatial_aggregation_order,primary_ndvi_first,multi_aoi,AOI-02,sentinel2,2023;2024,2025,W2023_2024,5,16446,4077,23,7,0.06415300436147302,0.050981238974756246,0.015568916674307653,0.9060656260040499,0.9606031624035904,4077
spatial_aggregation_order,primary_ndvi_first,multi_aoi,AOI-02,sentinel2,2022;2023;2024,2025,W2022_2024,1,28111,7007,24,6,0.06258182264455908,0.05011513624665321,0.020476582141191073,0.9033440964672391,0.9579963109767121,7007
spatial_aggregation_order,primary_ndvi_first,multi_aoi,AOI-02,sentinel2,2022;2023;2024,2025,W2022_2024,2,27928,7190,25,5,0.058802960408136346,0.04449815436153501,-0.008111546668561728,0.8535956770043593,0.9255443637301823,7190
spatial_aggregation_order,primary_ndvi_first,multi_aoi,AOI-02,sentinel2,2022;2023;2024,2025,W2022_2024,3,28159,6959,24,6,0.06192288824804572,0.04584685057482327,-0.0087444744336859,0.8049654618988036,0.9041563592844641,6959
spatial_aggregation_order,primary_ndvi_first,multi_aoi,AOI-02,sentinel2,2022;2023;2024,2025,W2022_2024,4,28159,6959,23,7,0.05895547886153179,0.04536689946194656,-0.00035122873634617195,0.8697289557402977,0.9328923026046109,6959
spatial_aggregation_order,primary_ndvi_first,multi_aoi,AOI-02,sentinel2,2022;2023;2024,2025,W2022_2024,5,28115,7003,24,6,0.059475486504447526,0.044898320679995836,-0.0009551432967881879,0.8842729360048737,0.9404186720978226,7003
spatial_aggregation_order,primary_ndvi_first,multi_aoi,AOI-03,landsat,2022,2025,W2022,1,10180,2526,23,5,0.03509151517980819,0.024109850015155768,-0.001292695974041815,0.9076810657516935,0.9545594866714553,2526
spatial_aggregation_order,primary_ndvi_first,multi_aoi,AOI-03,landsat,2022,2025,W2022,2,10180,2526,23,5,0.02051521233223606,0.01579048553537731,0.009252555786339082,0.8619510435072034,0.9435658159875054,2526
spatial_aggregation_order,primary_ndvi_first,multi_aoi,AOI-03,landsat,2022,2025,W2022,3,10181,2525,21,7,0.031761599397598275,0.01987352850964425,-0.0009009373191226623,0.9038543131844203,0.9507892931344009,2525
spatial_aggregation_order,primary_ndvi_first,multi_aoi,AOI-03,landsat,2022,2025,W2022,4,10133,2573,23,5,0.022179449629051388,0.016753136320946452,0.0060569034825841825,0.8498484888833714,0.9358224599244386,2573
spatial_aggregation_order,primary_ndvi_first,multi_aoi,AOI-03,landsat,2022,2025,W2022,5,10150,2556,22,6,0.04084819293093074,0.029114349195745067,-0.012290269218194086,0.8539510104072079,0.9321201224942876,2556
spatial_aggregation_order,primary_ndvi_first,multi_aoi,AOI-03,landsat,2023,2025,W2023,1,6711,1689,23,5,0.03105513883035193,0.023620845680702655,0.008300822209418373,0.8591765420869456,0.9323328231794831,1689
spatial_aggregation_order,primary_ndvi_first,multi_aoi,AOI-03,landsat,2023,2025,W2023,2,6730,1670,23,5,0.04015901707145391,0.03023697648740109,-0.0029082289125428795,0.9190393813981608,0.9589684022512202,1670
spatial_aggregation_order,primary_ndvi_first,multi_aoi,AOI-03,landsat,2023,2025,W2023,3,6697,1703,23,5,0.03212748008042274,0.024745022872047086,0.006378173245055419,0.8678171131982991,0.935330107705864,1703
spatial_aggregation_order,primary_ndvi_first,multi_aoi,AOI-03,landsat,2023,2025,W2023,4,6732,1668,22,6,0.04666968784816531,0.034164378606151714,-0.003692547328083583,0.8732648531580772,0.9412332679679086,1668
spatial_aggregation_order,primary_ndvi_first,multi_aoi,AOI-03,landsat,2023,2025,W2023,5,6730,1670,21,7,0.03952532189242297,0.0311742883858627,-0.006146645791151921,0.8665724627991067,0.9343723786979868,1670
spatial_aggregation_order,primary_ndvi_first,multi_aoi,AOI-03,landsat,2024,2025,W2024,1,9668,2407,22,6,0.03166780838120547,0.022091501997401293,0.006307428787697791,0.8610817739666264,0.9340337675149696,2407
spatial_aggregation_order,primary_ndvi_first,multi_aoi,AOI-03,landsat,2024,2025,W2024,2,9676,2399,23,5,0.038212064219514404,0.026689662024403413,-0.004873857272117467,0.9128996878619859,0.9562004433011182,2399
spatial_aggregation_order,primary_ndvi_first,multi_aoi,AOI-03,landsat,2024,2025,W2024,3,9670,2405,22,6,0.02998735333758799,0.022071358155779017,-0.0018001440174452371,0.9071059383266208,0.9527591578812956,2405
spatial_aggregation_order,primary_ndvi_first,multi_aoi,AOI-03,landsat,2024,2025,W2024,4,9616,2459,23,5,0.039339270402769654,0.026997531901725255,-0.005089830019442538,0.889124686408288,0.94450139870321,2459
spatial_aggregation_order,primary_ndvi_first,multi_aoi,AOI-03,landsat,2024,2025,W2024,5,9670,2405,22,6,0.021246569652783483,0.01598874945660212,0.005387104665821863,0.9169265224173115,0.9606727453292465,2405
spatial_aggregation_order,primary_ndvi_first,multi_aoi,AOI-03,landsat,2022;2023,2025,W2022_2023,1,16914,4192,22,6,0.03317362315331285,0.023978979692731456,0.0025300995434347014,0.9069973326879421,0.9527029802845238,4192
spatial_aggregation_order,primary_ndvi_first,multi_aoi,AOI-03,landsat,2022;2023,2025,W2022_2023,2,16820,4286,23,5,0.031698563791880255,0.024332471750018618,0.0001158839240487259,0.7943113721267934,0.8958965436361707,4286
spatial_aggregation_order,primary_ndvi_first,multi_aoi,AOI-03,landsat,2022;2023,2025,W2022_2023,3,16892,4214,23,5,0.03310620183825795,0.025572413278413562,0.0028489159463671383,0.8334873227054956,0.9137189122188298,4214
spatial_aggregation_order,primary_ndvi_first,multi_aoi,AOI-03,landsat,2022;2023,2025,W2022_2023,4,16885,4221,22,6,0.03904653455548773,0.02824681855607165,-0.003584597308486561,0.883424579550759,0.940657748533256,4221
spatial_aggregation_order,primary_ndvi_first,multi_aoi,AOI-03,landsat,2022;2023,2025,W2022_2023,5,16913,4193,22,6,0.041843210978948074,0.0296334575945899,-0.0012711328518196646,0.9014895284974296,0.9502250785740001,4193
spatial_aggregation_order,primary_ndvi_first,multi_aoi,AOI-03,landsat,2023;2024,2025,W2023_2024,1,16403,4072,22,6,0.033249279448267215,0.025032266136121327,0.0015174744804636018,0.8478039729718967,0.9237154905594896,4072
spatial_aggregation_order,primary_ndvi_first,multi_aoi,AOI-03,landsat,2023;2024,2025,W2023_2024,2,16411,4064,22,6,0.03399601699060948,0.024115245315728177,0.0015790747720418295,0.9164840411497507,0.9576189487782695,4064
spatial_aggregation_order,primary_ndvi_first,multi_aoi,AOI-03,landsat,2023;2024,2025,W2023_2024,3,16355,4120,22,6,0.03381541185599714,0.026037660316143123,0.003275368164787757,0.8188812112581167,0.9074913004852802,4120
spatial_aggregation_order,primary_ndvi_first,multi_aoi,AOI-03,landsat,2023;2024,2025,W2023_2024,4,16382,4093,23,5,0.044403288235280704,0.03266668503961684,-0.006180572773533475,0.9011206821890058,0.950285710379298,4093
spatial_aggregation_order,primary_ndvi_first,multi_aoi,AOI-03,landsat,2023;2024,2025,W2023_2024,5,16349,4126,23,5,0.03446752465632882,0.025710402114216158,0.00016785193033654272,0.9023008783252466,0.9514850617615441,4126
spatial_aggregation_order,primary_ndvi_first,multi_aoi,AOI-03,landsat,2022;2023;2024,2025,W2022_2024,1,26585,6596,22,6,0.034672259140783875,0.024647389804563494,-0.0013726409377323385,0.9136035178000411,0.9559745776508269,6596
spatial_aggregation_order,primary_ndvi_first,multi_aoi,AOI-03,landsat,2022;2023;2024,2025,W2022_2024,2,26413,6768,23,5,0.03694314862522918,0.026490309431853418,-0.004810588012387513,0.8672558689204483,0.9327653362939082,6768
spatial_aggregation_order,primary_ndvi_first,multi_aoi,AOI-03,landsat,2022;2023;2024,2025,W2022_2024,3,26571,6610,22,6,0.027366182535666497,0.021804560392438166,0.009988214092266398,0.7347697428757818,0.8856432266871204,6610
spatial_aggregation_order,primary_ndvi_first,multi_aoi,AOI-03,landsat,2022;2023;2024,2025,W2022_2024,4,26585,6596,23,5,0.04724566740691725,0.03445641708894951,-0.01111310995890441,0.8926167668946184,0.9479300628166847,6596
spatial_aggregation_order,primary_ndvi_first,multi_aoi,AOI-03,landsat,2022;2023;2024,2025,W2022_2024,5,26570,6611,22,6,0.02486609313835898,0.019028448655959967,0.007482619002551167,0.8576671515222309,0.9330379652579149,6611
spatial_aggregation_order,primary_ndvi_first,multi_aoi,AOI-03,modis,2022,2025,W2022,1,11745,2958,22,6,0.021281254656603854,0.014879676404387693,9.53791347488412e-05,0.9502521726890949,0.9748516884473211,2958
spatial_aggregation_order,primary_ndvi_first,multi_aoi,AOI-03,modis,2022,2025,W2022,2,11736,2967,23,5,0.02131483716384578,0.015399429167132028,9.188898153575831e-05,0.9333042479325468,0.9660782658663136,2967
spatial_aggregation_order,primary_ndvi_first,multi_aoi,AOI-03,modis,2022,2025,W2022,3,11772,2931,22,6,0.027199074627171433,0.019223266914712805,-0.0005159500776542249,0.9346889865730508,0.96714306811285,2931
spatial_aggregation_order,primary_ndvi_first,multi_aoi,AOI-03,modis,2022,2025,W2022,4,11777,2926,22,6,0.022852540914159312,0.01579193815096329,-0.002605415181871314,0.9151709373937126,0.9574207260776795,2926
spatial_aggregation_order,primary_ndvi_first,multi_aoi,AOI-03,modis,2022,2025,W2022,5,11782,2921,23,5,0.023824491240946943,0.017246657798896625,0.004421776832311382,0.9240234885796514,0.9634914438275063,2921
spatial_aggregation_order,primary_ndvi_first,multi_aoi,AOI-03,modis,2023,2025,W2023,1,11208,2803,23,5,0.027640088951085304,0.01980806171298046,-0.001092822346064149,0.9337015561589688,0.9667555140943573,2803
spatial_aggregation_order,primary_ndvi_first,multi_aoi,AOI-03,modis,2023,2025,W2023,2,11222,2789,21,7,0.028487574762025136,0.019681208889272717,-0.0011231564750278278,0.9394616233820603,0.9693607714439143,2789
spatial_aggregation_order,primary_ndvi_first,multi_aoi,AOI-03,modis,2023,2025,W2023,3,11191,2820,22,6,0.026813440808785862,0.018270697179801638,0.002523141072606856,0.9427435323165796,0.9712514533675132,2820
spatial_aggregation_order,primary_ndvi_first,multi_aoi,AOI-03,modis,2023,2025,W2023,4,11200,2811,23,5,0.024805025564739094,0.017777215792260628,0.0021151759576837465,0.9254511839938416,0.9627760108502661,2811
spatial_aggregation_order,primary_ndvi_first,multi_aoi,AOI-03,modis,2023,2025,W2023,5,11223,2788,23,5,0.02077706484799823,0.015570174201520086,-0.001450204750234782,0.9175745977236939,0.9584209493138856,2788
spatial_aggregation_order,primary_ndvi_first,multi_aoi,AOI-03,modis,2024,2025,W2024,1,11651,2911,22,6,0.02616539357318327,0.01947359710085011,0.0006587057637494446,0.8808637520802003,0.9407714705814703,2911
spatial_aggregation_order,primary_ndvi_first,multi_aoi,AOI-03,modis,2024,2025,W2024,2,11661,2901,22,6,0.03542172897576338,0.0267821548141947,-0.0061453397096534815,0.9007565541321303,0.9511745742307585,2901
spatial_aggregation_order,primary_ndvi_first,multi_aoi,AOI-03,modis,2024,2025,W2024,3,11623,2939,22,6,0.03909641819999161,0.03014390759700998,-0.0019846009420773176,0.891502989360859,0.9448491703969581,2939
spatial_aggregation_order,primary_ndvi_first,multi_aoi,AOI-03,modis,2024,2025,W2024,4,11653,2909,23,5,0.03261898687991165,0.021497894713673662,0.008296697642105716,0.8436364338976721,0.9239981885617201,2909
spatial_aggregation_order,primary_ndvi_first,multi_aoi,AOI-03,modis,2024,2025,W2024,5,11660,2902,23,5,0.03119315657437551,0.022313075980112947,0.00015748505745445606,0.9027963086678098,0.9501964154516871,2902
spatial_aggregation_order,primary_ndvi_first,multi_aoi,AOI-03,modis,2022;2023,2025,W2022_2023,1,22965,5749,22,6,0.032193005661358784,0.022509113384292765,-0.0018695414615515396,0.9418786669515091,0.9706139946197334,5749
spatial_aggregation_order,primary_ndvi_first,multi_aoi,AOI-03,modis,2022;2023,2025,W2022_2023,2,23013,5701,21,7,0.019328362219439663,0.014352878635951118,0.003094627432074279,0.9155788494391327,0.9590108821557606,5701
spatial_aggregation_order,primary_ndvi_first,multi_aoi,AOI-03,modis,2022;2023,2025,W2022_2023,3,22968,5746,23,5,0.025308241356830106,0.01819394171787017,-0.0015698937983988667,0.9327623975786451,0.9659753647384973,5746
spatial_aggregation_order,primary_ndvi_first,multi_aoi,AOI-03,modis,2022;2023,2025,W2022_2023,4,22963,5751,22,6,0.026095251413852365,0.01833112293101151,-0.0016023538585759895,0.937099628223877,0.9687397870418126,5751
spatial_aggregation_order,primary_ndvi_first,multi_aoi,AOI-03,modis,2022;2023,2025,W2022_2023,5,22947,5767,24,4,0.020198426619207337,0.015513551611293799,0.0029626348529697612,0.8716188570039868,0.9352105731633718,5767
spatial_aggregation_order,primary_ndvi_first,multi_aoi,AOI-03,modis,2023;2024,2025,W2023_2024,1,22840,5733,22,6,0.02700404776479401,0.02013081217353149,0.0006497533467462606,0.8831232955118273,0.940088056348083,5733
spatial_aggregation_order,primary_ndvi_first,multi_aoi,AOI-03,modis,2023;2024,2025,W2023_2024,2,22857,5716,23,5,0.032785678074515025,0.02291184075788788,-0.0008713042884476439,0.8953318304137862,0.9466129281044792,5716
spatial_aggregation_order,primary_ndvi_first,multi_aoi,AOI-03,modis,2023;2024,2025,W2023_2024,3,22846,5727,22,6,0.04131898538640012,0.029128690858381285,0.0013622870596255963,0.9136160749858206,0.9562221631949186,5727
spatial_aggregation_order,primary_ndvi_first,multi_aoi,AOI-03,modis,2023;2024,2025,W2023_2024,4,22874,5699,23,5,0.02734182062968132,0.020403820914456968,-0.002033669340267207,0.8916775150858566,0.9459201520383783,5699
spatial_aggregation_order,primary_ndvi_first,multi_aoi,AOI-03,modis,2023;2024,2025,W2023_2024,5,22875,5698,22,6,0.03468177252841319,0.024672715182295954,0.0014871427367143355,0.8628516926888294,0.9292582062420052,5698
spatial_aggregation_order,primary_ndvi_first,multi_aoi,AOI-03,modis,2022;2023;2024,2025,W2022_2024,1,34640,8636,23,5,0.03325535888169936,0.022381340891612225,0.0019022845638936468,0.9295099401811131,0.9650188171963309,8636
spatial_aggregation_order,primary_ndvi_first,multi_aoi,AOI-03,modis,2022;2023;2024,2025,W2022_2024,2,34613,8663,22,6,0.035785440299417486,0.024975810704309466,-0.0007667282830750142,0.9096046236255417,0.9538573765735414,8663
spatial_aggregation_order,primary_ndvi_first,multi_aoi,AOI-03,modis,2022;2023;2024,2025,W2022_2024,3,34592,8684,22,6,0.02676872726208777,0.019605000145679195,0.00015227500162441209,0.9075906481012557,0.9526793349808491,8684
spatial_aggregation_order,primary_ndvi_first,multi_aoi,AOI-03,modis,2022;2023;2024,2025,W2022_2024,4,34633,8643,22,6,0.029985778794074738,0.02059206692257464,7.686132540059123e-05,0.8897448838367794,0.9433139711997943,8643
spatial_aggregation_order,primary_ndvi_first,multi_aoi,AOI-03,modis,2022;2023;2024,2025,W2022_2024,5,34626,8650,23,5,0.023755750672745716,0.017657234846359615,0.00016527438783947462,0.8274445169499657,0.9098264432511965,8650
spatial_aggregation_order,primary_ndvi_first,multi_aoi,AOI-03,sentinel2,2022,2025,W2022,1,11936,2989,23,5,0.03306966028116825,0.023595459734164943,0.0044002597197269335,0.8112482184760141,0.9057548886726726,2989
spatial_aggregation_order,primary_ndvi_first,multi_aoi,AOI-03,sentinel2,2022,2025,W2022,2,11959,2966,22,6,0.041571600282303396,0.028553649495683047,-0.004654368241185166,0.8695526281635688,0.9344585968731923,2966
spatial_aggregation_order,primary_ndvi_first,multi_aoi,AOI-03,sentinel2,2022,2025,W2022,3,11922,3003,22,6,0.03901991097168208,0.02582209926861669,-0.0027631427894735765,0.8745843539041637,0.9355967515466808,3003
spatial_aggregation_order,primary_ndvi_first,multi_aoi,AOI-03,sentinel2,2022,2025,W2022,4,11928,2997,23,5,0.03748244691432764,0.02582996533131603,-0.0038467994969769055,0.8607213608575893,0.9285701534136493,2997
spatial_aggregation_order,primary_ndvi_first,multi_aoi,AOI-03,sentinel2,2022,2025,W2022,5,11955,2970,22,6,0.023769455857087493,0.01882109206704895,0.00718561849691692,0.7691588995283986,0.8889724166120996,2970
spatial_aggregation_order,primary_ndvi_first,multi_aoi,AOI-03,sentinel2,2023,2025,W2023,1,10483,2577,22,6,0.04712230196574199,0.030653697334199124,-0.009036056708328124,0.8273956164247431,0.9132937932377998,2577
spatial_aggregation_order,primary_ndvi_first,multi_aoi,AOI-03,sentinel2,2023,2025,W2023,2,10481,2579,22,6,0.039028417192750624,0.026267226589447402,0.0011988719076302585,0.8247519911219909,0.9088439044111875,2579
spatial_aggregation_order,primary_ndvi_first,multi_aoi,AOI-03,sentinel2,2023,2025,W2023,3,10360,2700,23,5,0.03176249352308612,0.023407004956811944,0.00732296819988132,0.848286531564175,0.9253922841593507,2700
spatial_aggregation_order,primary_ndvi_first,multi_aoi,AOI-03,sentinel2,2023,2025,W2023,4,10437,2623,23,5,0.03282124076722511,0.027029215265771633,0.022501301738906427,0.6879209176867702,0.9192240099223976,2623
spatial_aggregation_order,primary_ndvi_first,multi_aoi,AOI-03,sentinel2,2023,2025,W2023,5,10479,2581,22,6,0.05831518141436535,0.03692092129306477,-0.023165929675374352,0.7358967228021918,0.8832486246092857,2581
spatial_aggregation_order,primary_ndvi_first,multi_aoi,AOI-03,sentinel2,2024,2025,W2024,1,11905,3005,23,5,0.04262249115013889,0.03148667737278465,-0.005033949592786145,0.9007894284343879,0.9501332787254126,3005
spatial_aggregation_order,primary_ndvi_first,multi_aoi,AOI-03,sentinel2,2024,2025,W2024,2,11932,2978,22,6,0.03782111901955693,0.026305108617296704,0.0031530512114972273,0.8896186704905646,0.9437324779015442,2978
spatial_aggregation_order,primary_ndvi_first,multi_aoi,AOI-03,sentinel2,2024,2025,W2024,3,11942,2968,22,6,0.0255271254536833,0.018948066963804702,0.0020834596180573494,0.8354207820183085,0.9162465797846135,2968
spatial_aggregation_order,primary_ndvi_first,multi_aoi,AOI-03,sentinel2,2024,2025,W2024,4,11922,2988,23,5,0.03904918670716822,0.02659984505070167,0.00012650745537089725,0.8769006759764232,0.9373342803254662,2988
spatial_aggregation_order,primary_ndvi_first,multi_aoi,AOI-03,sentinel2,2024,2025,W2024,5,11939,2971,22,6,0.03162065923894601,0.02319531805204612,0.00042516429309818435,0.839575978234464,0.9172677064637561,2971
spatial_aggregation_order,primary_ndvi_first,multi_aoi,AOI-03,sentinel2,2022;2023,2025,W2022_2023,1,22372,5613,22,6,0.04274610073278974,0.028003288805563832,-0.0022024850606024845,0.8503738275779028,0.9224829143634339,5613
spatial_aggregation_order,primary_ndvi_first,multi_aoi,AOI-03,sentinel2,2022;2023,2025,W2022_2023,2,22410,5575,21,7,0.038263918536707596,0.026751894910891673,-0.007013211441896722,0.8473023569578398,0.9234114403266009,5575
spatial_aggregation_order,primary_ndvi_first,multi_aoi,AOI-03,sentinel2,2022;2023,2025,W2022_2023,3,22424,5561,24,4,0.05228217609661407,0.03519091049331689,-0.011303715742548813,0.8060906342508699,0.9040878869027994,5561
spatial_aggregation_order,primary_ndvi_first,multi_aoi,AOI-03,sentinel2,2022;2023,2025,W2022_2023,4,22414,5571,22,6,0.029113930767299775,0.02182243826685034,0.013277806441517265,0.8109782129843042,0.9232172411979803,5571
spatial_aggregation_order,primary_ndvi_first,multi_aoi,AOI-03,sentinel2,2022;2023,2025,W2022_2023,5,22320,5665,23,5,0.02677128139266708,0.02041350443259103,0.007175669181281988,0.8635316892187281,0.9356840279165362,5665
spatial_aggregation_order,primary_ndvi_first,multi_aoi,AOI-03,sentinel2,2023;2024,2025,W2023_2024,1,22413,5557,22,6,0.043694718777188286,0.02935617465348435,-0.004681014276362837,0.8533376433251502,0.924685080134661,5557
spatial_aggregation_order,primary_ndvi_first,multi_aoi,AOI-03,sentinel2,2023;2024,2025,W2023_2024,2,22291,5679,23,5,0.0315717123159925,0.023810240614503434,0.009839333192732908,0.8497880095635428,0.9298261931334468,5679
spatial_aggregation_order,primary_ndvi_first,multi_aoi,AOI-03,sentinel2,2023;2024,2025,W2023_2024,3,22392,5578,22,6,0.04049627695462393,0.026287059345698874,-0.0035084049393410096,0.8632743782112279,0.9297177698987746,5578
spatial_aggregation_order,primary_ndvi_first,multi_aoi,AOI-03,sentinel2,2023;2024,2025,W2023_2024,4,22376,5594,22,6,0.04806027649145814,0.032536199740931526,-0.014526777864339663,0.8163021888277796,0.9127865673132587,5594
spatial_aggregation_order,primary_ndvi_first,multi_aoi,AOI-03,sentinel2,2023;2024,2025,W2023_2024,5,22408,5562,23,5,0.029065986623244455,0.023368051586540144,0.013262148005651207,0.7247670540978626,0.8868174015719216,5562
spatial_aggregation_order,primary_ndvi_first,multi_aoi,AOI-03,sentinel2,2022;2023;2024,2025,W2022_2024,1,34290,8605,22,6,0.04069390470162183,0.02726072744865795,-0.008316493037532971,0.8672770462466795,0.9342993757446914,8605
spatial_aggregation_order,primary_ndvi_first,multi_aoi,AOI-03,sentinel2,2022;2023;2024,2025,W2022_2024,2,34369,8526,22,6,0.04010492976581081,0.027250736533757137,-0.0009654932541756328,0.8734872288494491,0.9352221565246713,8526
spatial_aggregation_order,primary_ndvi_first,multi_aoi,AOI-03,sentinel2,2022;2023;2024,2025,W2022_2024,3,34222,8673,23,5,0.031984501913318066,0.023416267237804135,0.011009862144748623,0.8348453565841811,0.9255108032091136,8673
spatial_aggregation_order,primary_ndvi_first,multi_aoi,AOI-03,sentinel2,2022;2023;2024,2025,W2022_2024,4,34381,8514,22,6,0.047306423416976204,0.03250898753988409,-0.008804831531737736,0.8144191663114129,0.906136538738707,8514
spatial_aggregation_order,primary_ndvi_first,multi_aoi,AOI-03,sentinel2,2022;2023;2024,2025,W2022_2024,5,34318,8577,23,5,0.026051808292466762,0.020361022915543286,0.007503706815277476,0.7931086579469584,0.9011620206078431,8577
