Sensor,AOI,sensor,history,train_years,baseline,training_FCOVER_mean,prediction_variance,RMSE,MAE,Bias,R2,Pearson_r,n,displayed_OLS_history,is_displayed_OLS_history,OLS_RMSE_displayed,OLS_skill_vs_baseline
Sentinel-2,AOI-01,sentinel2,W2022,2022,ZERO,0.000139853107648,0,0.00177652809386,0.000345105154873,-0.000345105154873,-0.0392161186169,,19878,W2022,True,0.00132426176805,0.254578763698
Sentinel-2,AOI-01,sentinel2,W2022,2022,TRAINING_MEAN,0.000139853107648,7.34683969264e-40,0.00175473157583,0.000467186406704,-0.000205252047224,-0.0138719242863,4.93383782799e-16,19878,W2022,True,0.00132426176805,0.245319462939
Sentinel-2,AOI-01,sentinel2,W2023,2023,ZERO,0.000186121957803,0,0.00177652809386,0.000345105154873,-0.000345105154873,-0.0392161186169,,19878,W2022,False,,
Sentinel-2,AOI-01,sentinel2,W2023,2023,TRAINING_MEAN,0.000186121957803,7.34683969264e-40,0.00174992290039,0.000507575635393,-0.00015898319707,-0.00832269859415,4.93383782799e-16,19878,W2022,False,,
Sentinel-2,AOI-01,sentinel2,W2024,2024,ZERO,0.000183117019413,0,0.00177652809386,0.000345105154873,-0.000345105154873,-0.0392161186169,,19878,W2022,False,,
Sentinel-2,AOI-01,sentinel2,W2024,2024,TRAINING_MEAN,0.000183117019413,0,0.001750198462,0.000504952550026,-0.00016198813546,-0.00864028619024,,19878,W2022,False,,
Sentinel-2,AOI-01,sentinel2,W2022_2023,2022;2023,ZERO,0.000162900501915,0,0.00177652809386,0.000345105154873,-0.000345105154873,-0.0392161186169,,19878,W2022,False,,
Sentinel-2,AOI-01,sentinel2,W2022_2023,2022;2023,TRAINING_MEAN,0.000162900501915,2.93873587706e-39,0.00175218521735,0.000487305049692,-0.000182204652958,-0.0109315222062,-4.93383782799e-16,19878,W2022,False,,
Sentinel-2,AOI-01,sentinel2,W2023_2024,2023;2024,ZERO,0.000184613836377,0,0.00177652809386,0.000345105154873,-0.000345105154873,-0.0392161186169,,19878,W2022,False,,
Sentinel-2,AOI-01,sentinel2,W2023_2024,2023;2024,TRAINING_MEAN,0.000184613836377,7.34683969264e-40,0.00175006056,0.000506259158737,-0.000160491318496,-0.00848134646388,4.93383782799e-16,19878,W2022,False,,
Sentinel-2,AOI-01,sentinel2,W2022_2024,2022;2023;2024,ZERO,0.000169656220748,0,0.00177652809386,0.000345105154873,-0.000345105154873,-0.0392161186169,,19878,W2022,False,,
Sentinel-2,AOI-01,sentinel2,W2022_2024,2022;2023;2024,TRAINING_MEAN,0.000169656220748,0,0.00175149559772,0.000493202284484,-0.000175448934124,-0.0101359202062,,19878,W2022,False,,
Landsat 8/9,AOI-01,landsat,W2022,2022,ZERO,0.000142461751077,0,0.00175094730232,0.000381055790329,-0.000381055790329,-0.049716795179,,14738,W2023,False,,
Landsat 8/9,AOI-01,landsat,W2022,2022,TRAINING_MEAN,0.000142461751077,0,0.00172555499934,0.000502677024693,-0.000238594039253,-0.0194914960432,,14738,W2023,False,,
Landsat 8/9,AOI-01,landsat,W2023,2023,ZERO,0.000184726838992,0,0.00175094730232,0.000381055790329,-0.000381055790329,-0.049716795179,,14738,W2023,True,0.00135561868885,0.225779846684
Landsat 8/9,AOI-01,landsat,W2023,2023,TRAINING_MEAN,0.000184726838992,7.34683969264e-40,0.00172022033394,0.000538759216045,-0.000196328951337,-0.013197591712,-9.96743139085e-16,14738,W2023,True,0.00135561868885,0.211950549528
Landsat 8/9,AOI-01,landsat,W2024,2024,ZERO,0.000183172308368,0,0.00175094730232,0.000381055790329,-0.000381055790329,-0.049716795179,,14738,W2023,False,,
Landsat 8/9,AOI-01,landsat,W2024,2024,TRAINING_MEAN,0.000183172308368,2.93873587706e-39,0.00172039844588,0.000537432095383,-0.000197883481961,-0.013407415921,-9.96743139085e-16,14738,W2023,False,,
Landsat 8/9,AOI-01,landsat,W2022_2023,2022;2023,ZERO,0.000163989037765,0,0.00175094730232,0.000381055790329,-0.000381055790329,-0.049716795179,,14738,W2023,False,,
Landsat 8/9,AOI-01,landsat,W2022_2023,2022;2023,TRAINING_MEAN,0.000163989037765,7.34683969264e-40,0.00172271033991,0.000521055116775,-0.000217066752564,-0.016132906357,9.96743139085e-16,14738,W2023,False,,
Landsat 8/9,AOI-01,landsat,W2023_2024,2023;2024,ZERO,0.000183949691003,0,0.00175094730232,0.000381055790329,-0.000381055790329,-0.049716795179,,14738,W2023,False,,
Landsat 8/9,AOI-01,landsat,W2023_2024,2023;2024,TRAINING_MEAN,0.000183949691003,2.93873587706e-39,0.00172030920318,0.000538095755875,-0.000197106099326,-0.0133022811264,9.96743139085e-16,14738,W2023,False,,
Landsat 8/9,AOI-01,landsat,W2022_2024,2022;2023;2024,ZERO,0.000170461303057,0,0.00175094730232,0.000381055790329,-0.000381055790329,-0.049716795179,,14738,W2023,False,,
Landsat 8/9,AOI-01,landsat,W2022_2024,2022;2023;2024,TRAINING_MEAN,0.000170461303057,7.34683969264e-40,0.00172190678558,0.000526580564048,-0.000210594487273,-0.015185181665,-9.96743139085e-16,14738,W2023,False,,
MODIS,AOI-01,modis,W2022,2022,ZERO,0.000139853107648,0,0.00177652809386,0.000345105154873,-0.000345105154873,-0.0392161186169,,19878,W2022,True,0.00139749949088,0.213353565466
MODIS,AOI-01,modis,W2022,2022,TRAINING_MEAN,0.000139853107648,7.34683969264e-40,0.00175473157583,0.000467186406704,-0.000205252047224,-0.0138719242863,4.93383782799e-16,19878,W2022,True,0.00139749949088,0.203582183094
MODIS,AOI-01,modis,W2023,2023,ZERO,0.000184726838992,0,0.00177652809386,0.000345105154873,-0.000345105154873,-0.0392161186169,,19878,W2022,False,,
MODIS,AOI-01,modis,W2023,2023,TRAINING_MEAN,0.000184726838992,2.93873587706e-39,0.00175005020058,0.000506357801527,-0.00016037831588,-0.00846940716485,-4.93383782799e-16,19878,W2022,False,,
MODIS,AOI-01,modis,W2024,2024,ZERO,0.000183117019413,0,0.00177652809386,0.000345105154873,-0.000345105154873,-0.0392161186169,,19878,W2022,False,,
MODIS,AOI-01,modis,W2024,2024,TRAINING_MEAN,0.000183117019413,0,0.001750198462,0.000504952550026,-0.00016198813546,-0.00864028619024,,19878,W2022,False,,
MODIS,AOI-01,modis,W2022_2023,2022;2023,ZERO,0.00016228997332,0,0.00177652809386,0.000345105154873,-0.000345105154873,-0.0392161186169,,19878,W2022,False,,
MODIS,AOI-01,modis,W2022_2023,2022;2023,TRAINING_MEAN,0.00016228997332,0,0.00175224880966,0.000486772104116,-0.000182815181552,-0.011004903301,,19878,W2022,False,,
MODIS,AOI-01,modis,W2023_2024,2023;2024,ZERO,0.000183921929203,0,0.00177652809386,0.000345105154873,-0.000345105154873,-0.0392161186169,,19878,W2022,False,,
MODIS,AOI-01,modis,W2023_2024,2023;2024,TRAINING_MEAN,0.000183921929203,7.34683969264e-40,0.00175012414776,0.000505655175776,-0.00016118322567,-0.00855463334548,-4.93383782799e-16,19878,W2022,False,,
MODIS,AOI-01,modis,W2022_2024,2022;2023;2024,ZERO,0.000169232322018,0,0.00177652809386,0.000345105154873,-0.000345105154873,-0.0392161186169,,19878,W2022,False,,
MODIS,AOI-01,modis,W2022_2024,2022;2023;2024,TRAINING_MEAN,0.000169232322018,0,0.00175153811083,0.000492832252752,-0.000175872832855,-0.0101849577703,,19878,W2022,False,,
