model,Sensor,AOI,sensor,configuration,history,n,fraction_raw_lt_0,fraction_raw_gt_1,fraction_clipped,raw_prediction_mean,clipped_prediction_mean,prediction_variance_raw,prediction_variance_clipped,unclipped_RMSE,unclipped_MAE,unclipped_Bias,unclipped_R2,unclipped_Pearson_r,clipped_RMSE,clipped_MAE,clipped_Bias,clipped_R2,clipped_Pearson_r,delta_RMSE_clipping
DPM,Sentinel-2,AOI-00,sentinel2,P1/P99,NA,19233,0.010034835959,0.010034835959,0.0200696719181,0.721734670983,0.722374375547,0.0356945074433,0.0341592103642,0.198642319194,0.178084122982,0.155008938239,-3.11017212754,0.806626166995,0.197261261452,0.176979302665,0.155648642804,-3.05321898111,0.802747139976,0.00138105774187
DPM,Sentinel-2,AOI-00,sentinel2,P2/P98,NA,19233,0.0200176779494,0.0200176779494,0.0400353558987,0.694024446106,0.696738766585,0.0490377792039,0.0433008339562,0.199598785072,0.174496036386,0.127298713363,-3.14984850564,0.806626166995,0.193627608663,0.170649624934,0.130013033842,-2.90526958841,0.792419745651,0.00597117640893
DPM,Sentinel-2,AOI-00,sentinel2,P5/P95,NA,19233,0.050018197889,0.050018197889,0.100036395778,0.611314265532,0.625931256136,0.101941512031,0.069096180351,0.251120514742,0.197467813624,0.0445885327881,-5.56872138533,0.806626166995,0.208445837865,0.177748888512,0.0592055233927,-3.52587871267,0.752308936663,0.0426746768766
DPM,Sentinel-2,AOI-00,sentinel2,P10/P90,NA,19233,0.100036395778,0.0999844018094,0.200020797587,0.5268324887,0.56589312206,0.209147762832,0.101147123591,0.384773648707,0.280087344162,-0.0398932440434,-14.4215170726,0.806626166995,0.258527203785,0.221237195579,-0.000832610683253,-5.96191879858,0.704583461903,0.126246444922
DPM,Landsat 8/9,AOI-00,landsat,P1/P99,NA,20251,0.010024196336,0.010024196336,0.020048392672,0.770277391722,0.771095126912,0.0315305439159,0.0297744871292,0.228911451778,0.218472377106,0.204351164899,-4.42703661835,0.875300807162,0.227810378092,0.217308245442,0.205168900089,-4.37495363339,0.873663381941,0.0011010736862
DPM,Landsat 8/9,AOI-00,landsat,P2/P98,NA,20251,0.0199990123944,0.0199990123944,0.0399980247889,0.747712464059,0.751068486014,0.0453005751298,0.038115926147,0.226693842361,0.212083323554,0.181786237236,-4.32239570258,0.875300807162,0.22064583816,0.207646733085,0.185142259191,-4.04218983849,0.869589882502,0.00604800420028
DPM,Landsat 8/9,AOI-00,landsat,P5/P95,NA,20251,0.0500222211249,0.0500222211249,0.10004444225,0.651192380473,0.672209398419,0.113529150642,0.0633807112305,0.269249093732,0.206755473736,0.0852661536502,-6.50820657344,0.875300807162,0.206131635183,0.180693892039,0.106283171596,-3.40065182837,0.845703103703,0.0631174585493
DPM,Landsat 8/9,AOI-00,landsat,P10/P90,NA,20251,0.0999950619722,0.0999950619722,0.199990123944,0.516629858157,0.582887625906,0.300109316434,0.100222531248,0.466861523659,0.294573075004,-0.0492963686656,-21.5737587144,0.875300807162,0.245206962475,0.207915490403,0.0169613990835,-5.2272070727,0.804288071622,0.221654561185
DPM,MODIS,AOI-00,modis,P1/P99,NA,20256,0.0100217219589,0.0100217219589,0.0200434439179,0.750843885923,0.751899797866,0.0324276933971,0.030190265727,0.209199440405,0.197259782005,0.185032866009,-3.50854054813,0.918938144275,0.20763600202,0.19578614988,0.186088777952,-3.44140379222,0.917511641029,0.00156343838462
DPM,MODIS,AOI-00,modis,P2/P98,NA,20256,0.0200434439179,0.0200434439179,0.0400868878357,0.715653994373,0.719655907864,0.049395809862,0.0408588633351,0.203252246237,0.182962691896,0.149842974458,-3.25584351397,0.918938144275,0.194799365985,0.177771277149,0.15384488795,-2.90921918109,0.911043756319,0.00845288025102
DPM,MODIS,AOI-00,modis,P5/P95,NA,20256,0.0500098736177,0.0500098736177,0.100019747235,0.61713437484,0.636952183946,0.116209937117,0.0689490920202,0.258501984544,0.190599548557,0.0513233549259,-5.88402923572,0.918938144275,0.19541867177,0.165437134052,0.0711411640318,-2.93411505756,0.8799306704,0.0630833127734
DPM,MODIS,AOI-00,modis,P10/P90,NA,20256,0.100019747235,0.100019747235,0.200039494471,0.513490675105,0.564402863908,0.248232787433,0.102655156808,0.412868269289,0.275923324178,-0.0523203448094,-16.5605436299,0.918938144275,0.243634632039,0.206600747186,-0.00140815600584,-5.11495108462,0.839584926875,0.16923363725
DPM,Sentinel-2,AOI-01,sentinel2,P1/P99,NA,19878,0.0100110675118,0.0100110675118,0.0200221350236,0.380973139129,0.378384147055,0.0926055169014,0.0350579715863,0.486687646325,0.391536099786,0.380628033974,-77993.2093498,0.585862910429,0.421517092994,0.3780390419,0.3780390419,-58503.880355,0.456434521145,0.0651705533313
DPM,Sentinel-2,AOI-01,sentinel2,P2/P98,NA,19878,0.0200221350236,0.0200221350236,0.0400442700473,0.409480202375,0.404574591291,0.145163175927,0.0505512451405,0.558372413187,0.424727604355,0.40913509722,-102660.976586,0.585862910429,0.462200842029,0.404229486136,0.404229486136,-70342.3714098,0.416188980426,0.0961715711577
DPM,Sentinel-2,AOI-01,sentinel2,P5/P95,NA,19878,0.0499547238153,0.0500050306872,0.0999597545025,0.451398943874,0.440176347533,0.26085742363,0.07748179051,0.680637286827,0.478268986645,0.451053838719,-152542.31804,0.585862910429,0.520181261115,0.439831644834,0.439831242379,-89097.6494479,0.358497916433,0.160456025712
DPM,Sentinel-2,AOI-01,sentinel2,P10/P90,NA,19878,0.100010061374,0.100010061374,0.200020122749,0.490321644153,0.46798792073,0.438858774015,0.104974926296,0.823156182573,0.539213071161,0.489976538998,-223112.682089,0.585862910429,0.568611152423,0.46764321803,0.467642815575,-106460.470735,0.309162788519,0.254545030149
DPM,Landsat 8/9,AOI-01,landsat,P1/P99,NA,14738,0.0100420681232,0.0100420681232,0.0200841362464,0.450323736899,0.450081741286,0.0477951963805,0.0341838169255,0.499861671532,0.456041461347,0.449942681109,-85550.1140248,0.515019921234,0.485953074062,0.449700685496,0.449700685496,-80855.4486386,0.422592342146,0.0139085974702
DPM,Landsat 8/9,AOI-01,landsat,P2/P98,NA,14738,0.0200162844348,0.0200162844348,0.0400325688696,0.453018569943,0.452306173105,0.072509018619,0.0480675431986,0.526230604352,0.463133312206,0.452637514152,-94814.2509864,0.515019921234,0.502002563661,0.451925117315,0.451925117315,-86284.5089274,0.400608323133,0.0242280406904
DPM,Landsat 8/9,AOI-01,landsat,P5/P95,NA,14738,0.0500067851812,0.0500067851812,0.100013570362,0.471258048419,0.468089749128,0.128382539632,0.0724862129145,0.591168226208,0.49350896956,0.470876992629,-119658.769657,0.515019921234,0.539360357541,0.467708693338,0.467708693338,-99604.6654017,0.359650683197,0.0518078686675
DPM,Landsat 8/9,AOI-01,landsat,P10/P90,NA,14738,0.100013570362,0.100013570362,0.200027140725,0.499060143931,0.489512705036,0.232665061563,0.102528117927,0.693180870684,0.548648339451,0.498679088141,-164519.163858,0.515019921234,0.584328872745,0.48913219206,0.489131649245,-116906.046061,0.311191137408,0.108851997939
DPM,MODIS,AOI-01,modis,P1/P99,NA,19878,0.0100110675118,0.0099607606399,0.0199718281517,0.381565779,0.381930949283,0.0492674580398,0.0398850891208,0.44065056616,0.386951368411,0.381220673845,-63935.7239236,0.55165869981,0.43031270052,0.381585844128,0.381585844128,-60970.9441657,0.469580865077,0.01033786564
DPM,MODIS,AOI-01,modis,P2/P98,NA,19878,0.0200221350236,0.0200221350236,0.0400442700473,0.398797205762,0.398044137091,0.0709170192535,0.053975201098,0.478719232273,0.407032539829,0.398452100607,-75460.1579863,0.55165869981,0.460206289365,0.397699031937,0.397699031937,-69736.5705654,0.435854387913,0.0185129429071
DPM,MODIS,AOI-01,modis,P5/P95,NA,19878,0.0499547238153,0.0500050306872,0.0999597545025,0.436999625443,0.431749281154,0.117105933944,0.0779471459183,0.554182430694,0.452656836279,0.436654520288,-101126.022632,0.55165869981,0.513508436237,0.431404578454,0.431404175999,-86826.4167613,0.379034879677,0.040673994457
DPM,MODIS,AOI-01,modis,P10/P90,NA,19878,0.100010061374,0.100010061374,0.200020122749,0.478161977794,0.463358085451,0.187801584386,0.102625738753,0.644422490915,0.509108372554,0.477816872639,-136741.366983,0.55165869981,0.562714100325,0.463013785207,0.463012980297,-104263.702902,0.324784084188,0.0817083905903
DPM,Sentinel-2,AOI-02,sentinel2,P1/P99,NA,18534,0.0100356102298,0.0100356102298,0.0200712204597,0.62421741644,0.624177262062,0.0641403210216,0.0637416442774,0.180429645144,0.156356314972,0.142970194341,-0.123065091042,0.939412039286,0.180034655445,0.155961308532,0.142930039963,-0.11815333071,0.939230496292,0.000394989698778
DPM,Sentinel-2,AOI-02,sentinel2,P2/P98,NA,18534,0.020017265566,0.020017265566,0.040034531132,0.629533390873,0.629505935272,0.070483193856,0.0693300797163,0.191140594523,0.166113865688,0.148286168774,-0.260361136179,0.939412039286,0.190064611155,0.165003422151,0.148258713173,-0.246211231347,0.938814995029,0.00107598336789
DPM,Sentinel-2,AOI-02,sentinel2,P5/P95,NA,18534,0.0500161864681,0.0500161864681,0.100032372936,0.637838743957,0.638184804769,0.0854353634756,0.0803083848689,0.213176075137,0.186547457324,0.156591521858,-0.567711203559,0.939412039286,0.208707652794,0.181851285013,0.15693758267,-0.502677853299,0.936464172977,0.00446842234327
DPM,Sentinel-2,AOI-02,sentinel2,P10/P90,NA,18534,0.100032372936,0.100032372936,0.200064745872,0.610788537893,0.620515036766,0.13096712845,0.100576003786,0.246924699371,0.21636192321,0.129541315794,-1.10338225355,0.939412039286,0.222199268021,0.192570829729,0.139267814667,-0.703234266619,0.922184762197,0.0247254313505
DPM,Landsat 8/9,AOI-02,landsat,P1/P99,NA,7600,0.00986842105263,0.01,0.0198684210526,0.676265933004,0.676371505061,0.0502964204309,0.0497015351837,0.211473348259,0.191650300956,0.186569616298,-0.911216453454,0.929618872029,0.21109203457,0.191116938034,0.186675188356,-0.904330328401,0.929383840785,0.000381313689103
DPM,Landsat 8/9,AOI-02,landsat,P2/P98,NA,7600,0.0198684210526,0.0198684210526,0.0397368421053,0.677602362906,0.677990932841,0.0566067459547,0.0549113783472,0.218285984103,0.197207960584,0.187906046201,-1.03634001103,0.929618872029,0.217203016972,0.195741471588,0.188294616136,-1.01618462787,0.92882978083,0.0010829671306
DPM,Landsat 8/9,AOI-02,landsat,P5/P95,NA,7600,0.05,0.0498684210526,0.0998684210526,0.663293777713,0.667655392784,0.0825869836644,0.0705811997584,0.233217525038,0.208612584102,0.173597461008,-1.32445400428,0.929618872029,0.225136988709,0.199436462237,0.177959076078,-1.16616881053,0.922301347927,0.00808053632931
DPM,Landsat 8/9,AOI-02,landsat,P10/P90,NA,7600,0.1,0.0998684210526,0.199868421053,0.591702442328,0.618720527868,0.164976677493,0.0976306986188,0.288554814615,0.241771076151,0.102006125623,-2.55840390813,0.929618872029,0.229136647429,0.198197914239,0.129024211163,-1.24381838165,0.891006601955,0.0594181671862
DPM,MODIS,AOI-02,modis,P1/P99,NA,16568,0.0100193143409,0.0100193143409,0.0200386286818,0.669399300328,0.669442075988,0.0566217406826,0.0561089751521,0.204334873866,0.186789548298,0.183292587791,-0.474416059735,0.958766501193,0.203979151146,0.186309861706,0.183335363451,-0.469286962102,0.958724213929,0.000355722719565
DPM,MODIS,AOI-02,modis,P2/P98,NA,16568,0.0200386286818,0.0200386286818,0.0400772573636,0.673449873363,0.673652953552,0.062877324562,0.0614507556054,0.213023909098,0.194090152093,0.187343160826,-0.602476850743,0.958766501193,0.212057413167,0.1928017563,0.187546241016,-0.587968865089,0.958569453134,0.000966495931196
DPM,MODIS,AOI-02,modis,P5/P95,NA,16568,0.0500362143892,0.0500362143892,0.100072428778,0.662809217309,0.665714717104,0.0833522885976,0.0748762766987,0.223009486142,0.202057021243,0.176702504772,-0.756231403382,0.958766501193,0.217684959436,0.195292314354,0.179608004567,-0.673369739268,0.956262793781,0.00532452670615
DPM,MODIS,AOI-02,modis,P10/P90,NA,16568,0.100012071463,0.100012071463,0.200024142926,0.613275997807,0.632623552099,0.146904279852,0.0986994260824,0.260223819705,0.227829251221,0.12716928527,-1.39127299501,0.958766501193,0.22160024834,0.19441980429,0.146516839562,-0.734105637321,0.939876706111,0.0386235713652
DPM,Sentinel-2,AOI-03,sentinel2,P1/P99,NA,18857,0.0100228032031,0.0100228032031,0.0200456064061,0.301668756321,0.301058048384,0.0443359343319,0.0429520207273,0.209846298508,0.173030509004,0.169863484719,-3.24969122581,0.921814669773,0.207473110303,0.172002871086,0.169252776782,-3.15411375923,0.922312031353,0.00237318820504
DPM,Sentinel-2,AOI-03,sentinel2,P2/P98,NA,18857,0.0200456064061,0.0199925757013,0.0400381821074,0.32306771221,0.320964399064,0.056609575149,0.0522394499207,0.242695093652,0.19582831129,0.191262440607,-4.68429676507,0.921814669773,0.235718274602,0.192738063104,0.189159127462,-4.36217837789,0.920217065559,0.0069768190492
DPM,Sentinel-2,AOI-03,sentinel2,P5/P95,NA,18857,0.0500079546057,0.0499549239009,0.0999628785067,0.382612456093,0.372256788411,0.0946667673689,0.0734822634418,0.331949735757,0.259982936429,0.250807184491,-9.63406730266,0.921814669773,0.302940370423,0.245983035305,0.240451516809,-7.85664126947,0.903972887674,0.0290093653343
DPM,Sentinel-2,AOI-03,sentinel2,P10/P90,NA,18857,0.100015909211,0.100015909211,0.200031818423,0.460899249887,0.430638599453,0.167053393466,0.0989736507198,0.457179660641,0.349570580313,0.329093978285,-19.1710521375,0.921814669773,0.378064928692,0.307433232676,0.29883332785,-12.7939146234,0.869708347345,0.0791147319498
DPM,Landsat 8/9,AOI-03,landsat,P1/P99,NA,14402,0.0100680461047,0.0100680461047,0.0201360922094,0.303419083368,0.303125601136,0.0446208355566,0.0436859181222,0.211134489717,0.17480814003,0.172487545743,-3.36063701542,0.936849781078,0.20968661557,0.174043840578,0.17219406351,-3.30103514386,0.936723814468,0.0014478741469
DPM,Landsat 8/9,AOI-03,landsat,P2/P98,NA,14402,0.0200666574087,0.0200666574087,0.0401333148174,0.316351588795,0.315118766487,0.053343514479,0.0504298972826,0.232792071753,0.188968274952,0.18542005117,-4.30112374111,0.936849781078,0.228264718726,0.186755209332,0.184187228861,-4.09693567573,0.935304048201,0.0045273530267
DPM,Landsat 8/9,AOI-03,landsat,P5/P95,NA,14402,0.0500624913206,0.0500624913206,0.100124982641,0.36461479778,0.356137354995,0.0863382591827,0.0685951156444,0.309036292385,0.242196662149,0.233683260155,-8.34222968832,0.936849781078,0.28416847813,0.229981358412,0.22520581737,-6.89920480238,0.921117388857,0.024867814255
DPM,Landsat 8/9,AOI-03,landsat,P10/P90,NA,14402,0.100055547841,0.100055547841,0.200111095681,0.45999523685,0.42626904486,0.171486682418,0.0954754264129,0.459936089986,0.350131104429,0.329063699224,-19.6931472819,0.936849781078,0.371868817068,0.30318046211,0.295337507234,-12.5272991896,0.874417884173,0.0880672729186
DPM,MODIS,AOI-03,modis,P1/P99,NA,17860,0.0100223964166,0.0100223964166,0.0200447928331,0.321951283498,0.321573293221,0.0435640553865,0.0426154342777,0.220765817035,0.190706936357,0.189841764664,-3.61180269084,0.965540566884,0.219340722849,0.189950535934,0.189463774387,-3.55245436794,0.96527680345,0.00142509418586
DPM,MODIS,AOI-03,modis,P2/P98,NA,17860,0.0200447928331,0.0200447928331,0.0400895856663,0.337625517169,0.336180667464,0.0533493368711,0.0501746581199,0.245564300736,0.207482363101,0.205515998336,-4.70607561226,0.965540566884,0.24086623217,0.205073704421,0.20407114863,-4.48983003254,0.963456344028,0.00469806856589
DPM,MODIS,AOI-03,modis,P5/P95,NA,17860,0.05,0.05,0.1,0.390644132984,0.382079808066,0.0854633052995,0.0679954609362,0.323785232787,0.264620314977,0.258534614151,-8.92021616352,0.965540566884,0.300290550215,0.252335852049,0.249970289233,-7.53277692532,0.948923332233,0.0234946825718
DPM,MODIS,AOI-03,modis,P10/P90,NA,17860,0.1,0.1,0.2,0.483879555263,0.452885507444,0.169629969732,0.0971683198582,0.471358396959,0.371901276717,0.351770036429,-20.0237196623,0.965540566884,0.390797601392,0.325760901007,0.32077598861,-13.4514305289,0.903588506325,0.0805607955669
OLS,Sentinel-2,AOI-00,sentinel2,OLS,W2022,19233,5.19939686996e-05,0,5.19939686996e-05,0.541847616335,0.541848075982,0.00666651868333,0.00666601650307,0.0630844921,0.0511504893946,-0.0248781164081,0.585464548854,0.806626166995,0.0630834398164,0.0511500297482,-0.0248776567618,0.585478378091,0.806632031051,1.05228352688e-06
OLS,Sentinel-2,AOI-00,sentinel2,OLS,W2023,19233,5.19939686996e-05,0,5.19939686996e-05,0.541436145031,0.541437936646,0.00729077009068,0.00728876826166,0.0635122556242,0.0512779801016,-0.0252895877123,0.579823722203,0.806626166995,0.0635078202004,0.0512761884867,-0.0252877960974,0.579882406775,0.806645532138,4.43542379032e-06
OLS,Sentinel-2,AOI-00,sentinel2,OLS,W2024,19233,0,0,0,0.536550445149,0.536550445149,0.00505814932479,0.00505814932479,0.0657804286961,0.0536638642768,-0.0301752875949,0.549276860547,0.806626166995,0.0657804286961,0.0536638642768,-0.0301752875949,0.549276860547,0.806626166995,0
OLS,Sentinel-2,AOI-00,sentinel2,OLS,W2022_2023,19233,5.19939686996e-05,0,5.19939686996e-05,0.541919728952,0.541920894611,0.00700112401431,0.00699983449296,0.063172391112,0.0511115977988,-0.0248060037913,0.584308555031,0.806626166995,0.0631696009273,0.05111043214,-0.0248048381325,0.584345274562,0.806639784125,2.79018469569e-06
OLS,Sentinel-2,AOI-00,sentinel2,OLS,W2023_2024,19233,0,0,0,0.540219847795,0.540219847795,0.00632911662939,0.00632911662939,0.063692462534,0.0517376722639,-0.0265058849489,0.577435959769,0.806626166995,0.063692462534,0.0517376722639,-0.0265058849489,0.577435959769,0.806626166995,0
OLS,Sentinel-2,AOI-00,sentinel2,OLS,W2022_2024,19233,0,0,0,0.540658010215,0.540658010215,0.00642438957538,0.00642438957538,0.0635190706275,0.0515710545135,-0.0260677225285,0.579733545707,0.806626166995,0.0635190706275,0.0515710545135,-0.0260677225285,0.579733545707,0.806626166995,0
OLS,Landsat 8/9,AOI-00,landsat,OLS,W2022,20251,0,0,0,0.557344191247,0.557344191247,0.00838217909959,0.00838217909959,0.0486036339772,0.0390026305283,-0.00858203557608,0.75533874689,0.875300807162,0.0486036339772,0.0390026305283,-0.00858203557608,0.75533874689,0.875300807162,0
OLS,Landsat 8/9,AOI-00,landsat,OLS,W2023,20251,0,0,0,0.562784947383,0.562784947383,0.00733355361878,0.00733355361878,0.047622661005,0.0388853851638,-0.00314127944034,0.765115136904,0.875300807162,0.047622661005,0.0388853851638,-0.00314127944034,0.765115136904,0.875300807162,0
OLS,Landsat 8/9,AOI-00,landsat,OLS,W2024,20251,0,0,0,0.539305267796,0.539305267796,0.00677578789337,0.00677578789337,0.0545914869893,0.0434553527862,-0.0266209590273,0.691341983855,0.875300807162,0.0545914869893,0.0434553527862,-0.0266209590273,0.691341983855,0.875300807162,0
OLS,Landsat 8/9,AOI-00,landsat,OLS,W2022_2023,20251,0,0,0,0.559908581154,0.559908581154,0.00788610505804,0.00788610505804,0.047978478439,0.0388599027272,-0.00601764566874,0.761592093413,0.875300807162,0.047978478439,0.0388599027272,-0.00601764566874,0.761592093413,0.875300807162,0
OLS,Landsat 8/9,AOI-00,landsat,OLS,W2023_2024,20251,0,0,0,0.550773343461,0.550773343461,0.00701299438904,0.00701299438904,0.0499264728446,0.0402435700837,-0.0151528833616,0.74183968424,0.875300807162,0.0499264728446,0.0402435700837,-0.0151528833616,0.74183968424,0.875300807162,0
OLS,Landsat 8/9,AOI-00,landsat,OLS,W2022_2024,20251,0,0,0,0.552361395088,0.552361395088,0.00738509753223,0.00738509753223,0.0494157986509,0.0398007839972,-0.0135648317347,0.747093873476,0.875300807162,0.0494157986509,0.0398007839972,-0.0135648317347,0.747093873476,0.875300807162,0
OLS,MODIS,AOI-00,modis,OLS,W2022,20256,0,0,0,0.56437476284,0.56437476284,0.00838383089357,0.00838383089357,0.0388981351379,0.0308910183336,-0.00143625707459,0.844126422004,0.918938144275,0.0388981351379,0.0308910183336,-0.00143625707459,0.844126422004,0.918938144275,0
OLS,MODIS,AOI-00,modis,OLS,W2023,20256,0,0,0,0.566401787669,0.566401787669,0.00774266099798,0.00774266099798,0.0389458205608,0.0311352127046,0.000590767754635,0.843744015317,0.918938144275,0.0389458205608,0.0311352127046,0.000590767754635,0.843744015317,0.918938144275,0
OLS,MODIS,AOI-00,modis,OLS,W2024,20256,0,0,0,0.547927941649,0.547927941649,0.00710665459191,0.00710665459191,0.04322787931,0.033662001055,-0.0178830782653,0.80749465009,0.918938144275,0.04322787931,0.033662001055,-0.0178830782653,0.80749465009,0.918938144275,0
OLS,MODIS,AOI-00,modis,OLS,W2022_2023,20256,0,0,0,0.56522652031,0.56522652031,0.00808100061429,0.00808100061429,0.0388677931787,0.0309567511108,-0.000584499604653,0.844369501274,0.918938144275,0.0388677931787,0.0309567511108,-0.000584499604653,0.844369501274,0.918938144275,0
OLS,MODIS,AOI-00,modis,OLS,W2023_2024,20256,0,0,0,0.55721886422,0.55721886422,0.00744679662819,0.00744679662819,0.0400221940367,0.0314987315065,-0.00859215569439,0.834987543597,0.918938144275,0.0400221940367,0.0314987315065,-0.00859215569439,0.834987543597,0.918938144275,0
OLS,MODIS,AOI-00,modis,OLS,W2022_2024,20256,0,0,0,0.559231190005,0.559231190005,0.00770442599136,0.00770442599136,0.0395079324646,0.0311795790204,-0.00657982990927,0.839200924177,0.918938144275,0.0395079324646,0.0311795790204,-0.00657982990927,0.839200924177,0.918938144275,0
OLS,Sentinel-2,AOI-01,sentinel2,OLS,W2022,19878,0.647499748466,0,0.647499748466,-0.000156764864931,0.000174140023384,8.15414565478e-07,3.06747180783e-07,0.00150344779499,0.000681227844819,-0.000501870019804,0.255716451465,0.585862910429,0.00132426176805,0.000350322956504,-0.000170965131489,0.422556633589,0.838836981918,0.000179186026939
OLS,Sentinel-2,AOI-01,sentinel2,OLS,W2023,19878,0.772562632056,0,0.772562632056,-0.000373094912254,0.000119671446647,8.71973315345e-07,2.83830177628e-07,0.00158681317273,0.00080884826662,-0.000718200067127,0.170887794052,0.585862910429,0.0013406903172,0.000316081907719,-0.000225433708226,0.408140449111,0.847752217818,0.000246122855524
OLS,Sentinel-2,AOI-01,sentinel2,OLS,W2024,19878,0.7448938525,0,0.7448938525,-0.000270166660735,0.000112302572358,6.24929523691e-07,2.108178135e-07,0.00155763637794,0.000708419944631,-0.000615271815607,0.201097321147,0.585862910429,0.00139513382014,0.000325950711539,-0.000232802582515,0.359095312138,0.847070334112,0.0001625025578
OLS,Sentinel-2,AOI-01,sentinel2,OLS,W2022_2023,19878,0.714407888118,0,0.714407888118,-0.000254350896595,0.000142440472459,8.11571930766e-07,2.84330857047e-07,0.00153894004472,0.000727958833505,-0.000599456051467,0.220160703436,0.585862910429,0.00133851071826,0.000331167464451,-0.000202664682414,0.410063291133,0.845172214189,0.000200429326455
OLS,Sentinel-2,AOI-01,sentinel2,OLS,W2023_2024,19878,0.761042358386,0,0.761042358386,-0.000323048110834,0.000116377779097,7.5029480853e-07,2.48239890392e-07,0.00157001587238,0.000760172479303,-0.000668153265706,0.188348116756,0.585862910429,0.00136588981203,0.000320746589372,-0.000228727375776,0.385682275317,0.847579195472,0.000204126060348
OLS,Sentinel-2,AOI-01,sentinel2,OLS,W2022_2024,19878,0.725726934299,0,0.725726934299,-0.000263144527212,0.000131619856495,7.49267038061e-07,2.58876558342e-07,0.00154553317502,0.000723539055211,-0.000608249682085,0.213464411531,0.585862910429,0.00135688619776,0.000328774671504,-0.000213485298377,0.393754449249,0.846005175207,0.00018864697726
OLS,Landsat 8/9,AOI-01,landsat,OLS,W2022,14738,0.433708780024,0,0.433708780024,0.000122785614968,0.000354409298772,7.04831125621e-07,3.32174125652e-07,0.00148804792738,0.000744935647154,-0.000258270175361,0.241841805284,0.515019921234,0.00139512800465,0.00051331196335,-2.66464915574e-05,0.333570661625,0.663535073635,9.2919922728e-05
OLS,Landsat 8/9,AOI-01,landsat,OLS,W2023,14738,0.377120369114,0,0.377120369114,0.00027559984334,0.000514136126336,1.09117914481e-06,5.61538821723e-07,0.00147786796973,0.00083992342772,-0.000105455946989,0.252179668894,0.515019921234,0.00135561868885,0.000601387144725,0.000133080336007,0.37078206965,0.648957063224,0.000122249280876
OLS,Landsat 8/9,AOI-01,landsat,OLS,W2024,14738,0.347197720179,0,0.347197720179,0.000320866491924,0.000516051875827,9.24147151008e-07,4.99633121927e-07,0.00146838151287,0.00081223499185,-6.01892984058e-05,0.261749395924,0.515019921234,0.00137522164806,0.000617049607947,0.000134996085497,0.352452851491,0.640418385265,9.31598648102e-05
OLS,Landsat 8/9,AOI-01,landsat,OLS,W2022_2023,14738,0.402293391234,0,0.402293391234,0.000194724265361,0.000429044354009,8.77539277623e-07,4.33444745476e-07,0.00147778813968,0.000788334832187,-0.000186331524968,0.252260456791,0.515019921234,0.00137130101987,0.000554014743539,4.798856368e-05,0.356139781059,0.655875377852,0.000106487119807
OLS,Landsat 8/9,AOI-01,landsat,OLS,W2023_2024,14738,0.362057266929,0,0.362057266929,0.000299568751488,0.000516169014671,1.0088760466e-06,5.32079716939e-07,0.00147241857929,0.000826335480485,-8.14870388416e-05,0.257684425473,0.515019921234,0.00136509522525,0.000609735217302,0.000135113224341,0.361954147242,0.644741621579,0.000107323354049
OLS,Landsat 8/9,AOI-01,landsat,OLS,W2022_2024,14738,0.381734292306,0,0.381734292306,0.000236408037683,0.000455858766165,8.85878969371e-07,4.51731463265e-07,0.00147329014193,0.000793265668841,-0.000144647752647,0.256805373808,0.515019921234,0.00137242233825,0.000573814940359,7.48029758357e-05,0.355086376347,0.650517170949,0.000100867803683
OLS,MODIS,AOI-01,modis,OLS,W2022,19878,0.360599657913,0,0.360599657913,0.00032973371469,0.000501221300122,7.45027027123e-07,4.33732824431e-07,0.00145691777762,0.000745736821227,-1.53714401823e-05,0.301073028748,0.55165869981,0.00139749949088,0.000574249235796,0.000156116145249,0.356919958203,0.671799242044,5.9418286741e-05
OLS,MODIS,AOI-01,modis,OLS,W2023,19878,0.390985008552,0,0.390985008552,0.000236124597762,0.000409760601308,5.87865159216e-07,3.24037081673e-07,0.00147054051816,0.000694016693612,-0.00010898055711,0.287941450779,0.55165869981,0.00141775287916,0.000520380690067,6.46554464353e-05,0.338145096954,0.68303105934,5.27876389995e-05
OLS,MODIS,AOI-01,modis,OLS,W2024,19878,0.351091659121,0,0.351091659121,0.000186442859685,0.00027436688211,2.12570386047e-07,1.25745094652e-07,0.00154538488043,0.000560757666055,-0.000158662295188,0.213615341162,0.55165869981,0.00153019142187,0.000472833643629,-7.07382727624e-05,0.229002019197,0.668497574416,1.51934585624e-05
OLS,MODIS,AOI-01,modis,OLS,W2022_2023,19878,0.375238957642,0,0.375238957642,0.000277702877895,0.000448344588529,6.46755808841e-07,3.66580365422e-07,0.00146354621935,0.000714334210943,-6.74022769775e-05,0.294698838614,0.55165869981,0.00140886366214,0.000543692500309,0.000103239433656,0.346418651224,0.677311688038,5.46825572052e-05
OLS,MODIS,AOI-01,modis,OLS,W2023_2024,19878,0.376194788208,0,0.376194788208,0.000206318840757,0.000335081117856,3.63959807951e-07,2.05786438727e-07,0.00150339851939,0.000621843572659,-0.000138786314115,0.255765238544,0.55165869981,0.00147348265649,0.00049308129556,-1.00240370167e-05,0.285089342385,0.677815940714,2.99158629005e-05
OLS,MODIS,AOI-01,modis,OLS,W2022_2024,19878,0.372723614046,0,0.372723614046,0.000234655230685,0.000374577967109,4.44952653736e-07,2.534040341e-07,0.00148712804647,0.000651899165608,-0.000110449924188,0.271786973971,0.55165869981,0.0014507230444,0.000511976429183,2.9472812237e-05,0.307003989912,0.676331104171,3.64050020726e-05
OLS,Sentinel-2,AOI-02,sentinel2,OLS,W2022,18534,0,0,0,0.465214411255,0.465214411255,0.0261488706699,0.0261488706699,0.0605503260564,0.0467095002392,-0.0160328108435,0.873519926224,0.939412039286,0.0605503260564,0.0467095002392,-0.0160328108435,0.873519926224,0.939412039286,0
OLS,Sentinel-2,AOI-02,sentinel2,OLS,W2023,18534,0,0,0,0.496837360374,0.496837360374,0.0266995378319,0.0266995378319,0.0605077659737,0.0470411949172,0.0155901382747,0.873697666326,0.939412039286,0.0605077659737,0.0470411949172,0.0155901382747,0.873697666326,0.939412039286,0
OLS,Sentinel-2,AOI-02,sentinel2,OLS,W2024,18534,0,0,0,0.48656331887,0.48656331887,0.0253616241623,0.0253616241623,0.0586081241975,0.0453224319548,0.00531609677107,0.881503702338,0.939412039286,0.0586081241975,0.0453224319548,0.00531609677107,0.881503702338,0.939412039286,0
OLS,Sentinel-2,AOI-02,sentinel2,OLS,W2022_2023,18534,0,0,0,0.47412288663,0.47412288663,0.0264270797695,0.0264270797695,0.058854149334,0.0452572767896,-0.00712433546931,0.880506766928,0.939412039286,0.058854149334,0.0452572767896,-0.00712433546931,0.880506766928,0.939412039286,0
OLS,Sentinel-2,AOI-02,sentinel2,OLS,W2023_2024,18534,0,0,0,0.489103310825,0.489103310825,0.0255387113951,0.0255387113951,0.058888992705,0.0455779273303,0.00785608872651,0.880365238095,0.939412039286,0.058888992705,0.0455779273303,0.00785608872651,0.880365238095,0.939412039286,0
OLS,Sentinel-2,AOI-02,sentinel2,OLS,W2022_2024,18534,0,0,0,0.478701242381,0.478701242381,0.0261174025115,0.0261174025115,0.0584417571153,0.0450129782799,-0.00254597971776,0.882175483027,0.939412039286,0.0584417571153,0.0450129782799,-0.00254597971776,0.882175483027,0.939412039286,0
OLS,Landsat 8/9,AOI-02,landsat,OLS,W2022,7600,0,0,0,0.491949645631,0.491949645631,0.0199892320094,0.0199892320094,0.056423105515,0.0434866053637,0.00225332892558,0.863945608471,0.929618872029,0.056423105515,0.0434866053637,0.00225332892558,0.863945608471,0.929618872029,0
OLS,Landsat 8/9,AOI-02,landsat,OLS,W2023,7600,0,0,0,0.515054563092,0.515054563092,0.0223022017614,0.0223022017614,0.062223789108,0.0484373797049,0.0253582463862,0.83453295914,0.929618872029,0.062223789108,0.0484373797049,0.0253582463862,0.83453295914,0.929618872029,0
OLS,Landsat 8/9,AOI-02,landsat,OLS,W2024,7600,0,0,0,0.50396062413,0.50396062413,0.0215202473457,0.0215202473457,0.0583223975344,0.0448803572504,0.0142643074249,0.854631827724,0.929618872029,0.0583223975344,0.0448803572504,0.0142643074249,0.854631827724,0.929618872029,0
OLS,Landsat 8/9,AOI-02,landsat,OLS,W2022_2023,7600,0,0,0,0.498835774317,0.498835774317,0.020718332961,0.020718332961,0.0571346197443,0.0439498844081,0.00913945761187,0.860492590278,0.929618872029,0.0571346197443,0.0439498844081,0.00913945761187,0.860492590278,0.929618872029,0
OLS,Landsat 8/9,AOI-02,landsat,OLS,W2023_2024,7600,0,0,0,0.515299049363,0.515299049363,0.0219365030638,0.0219365030638,0.0621950237359,0.048449109867,0.025602732658,0.834685910957,0.929618872029,0.0621950237359,0.048449109867,0.025602732658,0.834685910957,0.929618872029,0
OLS,Landsat 8/9,AOI-02,landsat,OLS,W2022_2024,7600,0,0,0,0.500442125742,0.500442125742,0.0205754919474,0.0205754919474,0.0574005936433,0.0441981409077,0.0107458090365,0.859190693232,0.929618872029,0.0574005936433,0.0441981409077,0.0107458090365,0.859190693232,0.929618872029,0
OLS,MODIS,AOI-02,modis,OLS,W2022,16568,0.000241429261226,0,0.000241429261226,0.511556695043,0.511557473256,0.0266710895606,0.0266702896382,0.0542102900166,0.0425398774543,0.0254499825061,0.896223617925,0.958766501193,0.0542100339992,0.0425390992415,0.0254507607189,0.896224598126,0.958767551298,2.56017404381e-07
OLS,MODIS,AOI-02,modis,OLS,W2023,16568,0.00392322549493,0,0.00392322549493,0.488986218271,0.489037039969,0.0277253875645,0.027674640787,0.0481888833931,0.0370465143164,0.00287950573435,0.917997179378,0.958766501193,0.048153280025,0.036995692619,0.00293032743179,0.91811830682,0.958805308505,3.56033681937e-05
OLS,MODIS,AOI-02,modis,OLS,W2024,16568,0.000241429261226,0,0.000241429261226,0.512500847995,0.512501454111,0.0266950654091,0.0266944414027,0.0546625932174,0.042966497824,0.0263941354581,0.894484678515,0.958766501193,0.054662398712,0.0429658917081,0.026394741574,0.894485429423,0.958767327794,1.94505435591e-07
OLS,MODIS,AOI-02,modis,OLS,W2022_2023,16568,0.000241429261226,0,0.000241429261226,0.504194188615,0.50419494821,0.0259057571369,0.0259049876005,0.0511319305467,0.0397305168331,0.0180874760777,0.907674972595,0.958766501193,0.0511316663191,0.0397297572374,0.0180882356733,0.907675926784,0.958767541693,2.64227653972e-07
OLS,MODIS,AOI-02,modis,OLS,W2023_2024,16568,0.000422501207146,0,0.000422501207146,0.504597579057,0.504600158677,0.026498220923,0.0264955969429,0.0512948018816,0.0398125059575,0.0184908665197,0.907085867148,0.958766501193,0.0512937233724,0.0398099263375,0.0184934461397,0.907089774276,0.958769839351,1.07850916407e-06
OLS,MODIS,AOI-02,modis,OLS,W2022_2024,16568,0.000241429261226,0,0.000241429261226,0.507412197707,0.507413116686,0.0263033248549,0.0263023875567,0.052362189146,0.0408383345385,0.0213054851697,0.903178756782,0.958766501193,0.0523618717323,0.0408374155591,0.0213064041491,0.903179930617,0.958767738635,3.17413626764e-07
OLS,Sentinel-2,AOI-03,sentinel2,OLS,W2022,18857,0.0114546322321,0,0.0114546322321,0.129645675302,0.12975226055,0.00837599517345,0.00834666356632,0.0395853346087,0.0274651921515,-0.0021595963002,0.848775070501,0.921814669773,0.0395187606542,0.0273586069031,-0.00205301105176,0.849283297898,0.922114969878,6.65739545063e-05
OLS,Sentinel-2,AOI-03,sentinel2,OLS,W2023,18857,0.0114546322321,0,0.0114546322321,0.127696429636,0.127800043197,0.0081118318589,0.00808375169726,0.0398505807731,0.027230363136,-0.00410884196656,0.84674168011,0.921814669773,0.0397867121803,0.027126749575,-0.0040052284056,0.847232541176,0.922112203233,6.38685927779e-05
OLS,Sentinel-2,AOI-03,sentinel2,OLS,W2024,18857,0.00758339078326,0,0.00758339078326,0.132213187671,0.132272431633,0.00808466126479,0.00806814551021,0.039654930805,0.028110520311,0.000407916068522,0.848242856646,0.921814669773,0.0396204938215,0.0280512763483,0.000467160031258,0.848506318916,0.922006654347,3.44369835138e-05
OLS,Sentinel-2,AOI-03,sentinel2,OLS,W2022_2023,18857,0.0114546322321,0,0.0114546322321,0.128665508435,0.128768397354,0.00821965785733,0.00819156765653,0.0397102284927,0.0273393716792,-0.00313976316674,0.847819319395,0.921814669773,0.0396465454275,0.027236482761,-0.00303687424851,0.848307030577,0.922109149575,6.36830652791e-05
OLS,Sentinel-2,AOI-03,sentinel2,OLS,W2023_2024,18857,0.00922734263138,0,0.00922734263138,0.13013175582,0.130207829144,0.00807931243069,0.00805838692537,0.0396910814364,0.0276451514651,-0.00167351578202,0.847966037744,0.921814669773,0.0396456664646,0.0275690781413,-0.0015974424582,0.848313756561,0.922049299536,4.5414971788e-05
OLS,Sentinel-2,AOI-03,sentinel2,OLS,W2022_2024,18857,0.00970461897439,0,0.00970461897439,0.129886703587,0.129972678088,0.00817357788962,0.00814994020158,0.0396535592198,0.0275614473917,-0.00191856801562,0.84825335442,0.921814669773,0.0396014265936,0.0274754728899,-0.00183259351373,0.848652095469,0.922071651812,5.21326262653e-05
OLS,Landsat 8/9,AOI-03,landsat,OLS,W2022,14402,0.0163171781697,0,0.0163171781697,0.130863320331,0.131019250416,0.00880017889457,0.00875626375747,0.0353724613069,0.0255421207821,-6.82172948452e-05,0.877605435471,0.936849781078,0.035253270818,0.0253861906968,8.77127904706e-05,0.878428883388,0.937320338978,0.000119190488923
OLS,Landsat 8/9,AOI-03,landsat,OLS,W2023,14402,0.00645743646716,0,0.00645743646716,0.152917412799,0.152989679797,0.0105810852153,0.0105574202915,0.0424268501371,0.0336804474457,0.0219858751738,0.823918734414,0.936849781078,0.0423794086953,0.0336081804479,0.0220581421716,0.824312300217,0.937107049302,4.74414417909e-05
OLS,Landsat 8/9,AOI-03,landsat,OLS,W2024,14402,0.00854048048882,0,0.00854048048882,0.137829202393,0.137917021582,0.00895702490947,0.00893105103927,0.0360271610491,0.0270291550133,0.00689766476721,0.873032767626,0.936849781078,0.0359616853412,0.0269413358243,0.00698548395622,0.873493848372,0.937162382312,6.54757078766e-05
OLS,Landsat 8/9,AOI-03,landsat,OLS,W2022_2023,14402,0.0115261769199,0,0.0115261769199,0.139860950077,0.13998025519,0.00960979924083,0.00957391965569,0.0366202362077,0.0276075051922,0.00892941245106,0.86881811909,0.936849781078,0.0365314344673,0.0274882000782,0.009048717565,0.869453563111,0.937226964158,8.88017404261e-05
OLS,Landsat 8/9,AOI-03,landsat,OLS,W2023_2024,14402,0.00729065407582,0,0.00729065407582,0.143888659861,0.143965533406,0.00952625988466,0.0095025536289,0.0377697292745,0.0291171382553,0.012957122235,0.86045338221,0.936849781078,0.0377143325024,0.0290402647099,0.0130339957804,0.860862427402,0.937128515658,5.53967721152e-05
OLS,Landsat 8/9,AOI-03,landsat,OLS,W2022_2024,14402,0.00979030690182,0,0.00979030690182,0.139017192886,0.139122906739,0.00933973801097,0.00930816500651,0.0363240229091,0.0273374029332,0.00808565526092,0.870931740703,0.936849781078,0.0362452988639,0.0272316890806,0.00819136911346,0.871490586562,0.937200006443,7.87240452055e-05
OLS,MODIS,AOI-03,modis,OLS,W2022,17860,0.0133258678611,0,0.0133258678611,0.143230628768,0.143351051343,0.00899061276683,0.00895423711517,0.0293116701408,0.023516941921,0.0111211099343,0.918700440987,0.965540566884,0.0292322838043,0.0233965193463,0.0112415325089,0.919140220377,0.966007392369,7.93863365082e-05
OLS,MODIS,AOI-03,modis,OLS,W2023,17860,0.0101903695409,0,0.0101903695409,0.152139716504,0.152231882767,0.00976109873609,0.00973164786009,0.0334246358243,0.027644149928,0.0200301976705,0.894284071436,0.965540566884,0.0333733073142,0.0275519836651,0.0201223639335,0.894608507265,0.965899934508,5.13285101637e-05
OLS,MODIS,AOI-03,modis,OLS,W2024,17860,0.0310750279955,0,0.0310750279955,0.127542081105,0.127849541603,0.00818450416919,0.00810067270443,0.0285291592784,0.0206906718358,-0.00456743772878,0.922983281946,0.965540566884,0.0282901187306,0.0203832113382,-0.00425997723112,0.924268492689,0.966580831796,0.000239040547827
OLS,MODIS,AOI-03,modis,OLS,W2022_2023,17860,0.0120380739082,0,0.0120380739082,0.147762754134,0.147875463586,0.00945787671808,0.0094227961646,0.0310618175433,0.025340456132,0.0156532353001,0.908702099784,0.965540566884,0.0309921216978,0.0252277466801,0.015765944752,0.909111344714,0.965972638209,6.96958455853e-05
OLS,MODIS,AOI-03,modis,OLS,W2023_2024,17860,0.0141657334826,0,0.0141657334826,0.139334363588,0.139460994492,0.00858766517003,0.0085504211946,0.0284849943025,0.0223969506714,0.00722484475423,0.923221551055,0.965540566884,0.0283988614213,0.0222703197669,0.00735147565878,0.92368517415,0.96603693169,8.61328812528e-05
OLS,MODIS,AOI-03,modis,OLS,W2022_2024,17860,0.0133258678611,0,0.0133258678611,0.140537475599,0.140656039034,0.00865921517643,0.00862407312412,0.0287280148678,0.0227536023901,0.00842795676511,0.921905887399,0.965540566884,0.0286488168816,0.022635038955,0.00854652020018,0.922335876812,0.966008661645,7.91979861935e-05
