Sensor,AOI,sensor,history,train_years,slope,intercept,train_n,training_FCOVER_mean,n,RMSE,MAE,Bias,R2,Pearson_r,fraction_raw_lt_0,fraction_raw_gt_1,fraction_clipped,raw_prediction_mean,clipped_prediction_mean,prediction_variance_raw,prediction_variance_clipped,unclipped_RMSE,unclipped_MAE,unclipped_Bias,unclipped_R2,unclipped_Pearson_r,clipped_RMSE,clipped_MAE,clipped_Bias,clipped_R2,clipped_Pearson_r,delta_RMSE_clipping
Sentinel-2,AOI-00,sentinel2,W2022,2022,0.676320557773,0.129900026751,18240,0.516575658724,19233,0.0630834398164,0.0511500297482,-0.0248776567618,0.585478378091,0.806632031051,5.19939686996e-05,0,5.19939686996e-05,0.541847616335,0.541848075982,0.00666651868333,0.00666601650307,0.0630844921,0.0511504893946,-0.0248781164081,0.585464548854,0.806626166995,0.0630834398164,0.0511500297482,-0.0248776567618,0.585478378091,0.806632031051,1.05228352688e-06
Sentinel-2,AOI-00,sentinel2,W2023,2023,0.707277333121,0.11063274981,20246,0.540646844944,19233,0.0635078202004,0.0512761884867,-0.0252877960974,0.579882406775,0.806645532138,5.19939686996e-05,0,5.19939686996e-05,0.541436145031,0.541437936646,0.00729077009068,0.00728876826166,0.0635122556242,0.0512779801016,-0.0252895877123,0.579823722203,0.806626166995,0.0635078202004,0.0512761884867,-0.0252877960974,0.579882406775,0.806645532138,4.43542379032e-06
Sentinel-2,AOI-00,sentinel2,W2024,2024,0.589113345972,0.177720863413,15819,0.518155383698,19233,0.0657804286961,0.0536638642768,-0.0301752875949,0.549276860547,0.806626166995,0,0,0,0.536550445149,0.536550445149,0.00505814932479,0.00505814932479,0.0657804286961,0.0536638642768,-0.0301752875949,0.549276860547,0.806626166995,0.0657804286961,0.0536638642768,-0.0301752875949,0.549276860547,0.806626166995,0
Sentinel-2,AOI-00,sentinel2,W2022_2023,2022;2023,0.693085676448,0.119760487293,38486,0.529238581247,19233,0.0631696009273,0.05111043214,-0.0248048381325,0.584345274562,0.806639784125,5.19939686996e-05,0,5.19939686996e-05,0.541919728952,0.541920894611,0.00700112401431,0.00699983449296,0.063172391112,0.0511115977988,-0.0248060037913,0.584308555031,0.806626166995,0.0631696009273,0.05111043214,-0.0248048381325,0.584345274562,0.806639784125,2.79018469569e-06
Sentinel-2,AOI-00,sentinel2,W2023_2024,2023;2024,0.658983571443,0.138832235498,36065,0.530781534381,19233,0.063692462534,0.0517376722639,-0.0265058849489,0.577435959769,0.806626166995,0,0,0,0.540219847795,0.540219847795,0.00632911662939,0.00632911662939,0.063692462534,0.0517376722639,-0.0265058849489,0.577435959769,0.806626166995,0.063692462534,0.0517376722639,-0.0265058849489,0.577435959769,0.806626166995,0
Sentinel-2,AOI-00,sentinel2,W2022_2024,2022;2023;2024,0.663924924279,0.136260614515,54305,0.526010055291,19233,0.0635190706275,0.0515710545135,-0.0260677225285,0.579733545707,0.806626166995,0,0,0,0.540658010215,0.540658010215,0.00642438957538,0.00642438957538,0.0635190706275,0.0515710545135,-0.0260677225285,0.579733545707,0.806626166995,0.0635190706275,0.0515710545135,-0.0260677225285,0.579733545707,0.806626166995,0
Landsat 8/9,AOI-00,landsat,W2022,2022,0.913530019294,-0.0431555740518,18588,0.514044760866,20251,0.0486036339772,0.0390026305283,-0.00858203557608,0.75533874689,0.875300807162,0,0,0,0.557344191247,0.557344191247,0.00838217909959,0.00838217909959,0.0486036339772,0.0390026305283,-0.00858203557608,0.75533874689,0.875300807162,0.0486036339772,0.0390026305283,-0.00858203557608,0.75533874689,0.875300807162,0
Landsat 8/9,AOI-00,landsat,W2023,2023,0.854479387937,0.00110152037763,19556,0.541223973313,20251,0.047622661005,0.0388853851638,-0.00314127944034,0.765115136904,0.875300807162,0,0,0,0.562784947383,0.562784947383,0.00733355361878,0.00733355361878,0.047622661005,0.0388853851638,-0.00314127944034,0.765115136904,0.875300807162,0.047622661005,0.0388853851638,-0.00314127944034,0.765115136904,0.875300807162,0
Landsat 8/9,AOI-00,landsat,W2024,2024,0.821342425568,-0.000595910454416,20186,0.52242247197,20251,0.0545914869893,0.0434553527862,-0.0266209590273,0.691341983855,0.875300807162,0,0,0,0.539305267796,0.539305267796,0.00677578789337,0.00677578789337,0.0545914869893,0.0434553527862,-0.0266209590273,0.691341983855,0.875300807162,0.0545914869893,0.0434553527862,-0.0266209590273,0.691341983855,0.875300807162,0
Landsat 8/9,AOI-00,landsat,W2022_2023,2022;2023,0.886085509352,-0.022550811709,38144,0.527979237549,20251,0.047978478439,0.0388599027272,-0.00601764566874,0.761592093413,0.875300807162,0,0,0,0.559908581154,0.559908581154,0.00788610505804,0.00788610505804,0.047978478439,0.0388599027272,-0.00601764566874,0.761592093413,0.875300807162,0.047978478439,0.0388599027272,-0.00601764566874,0.761592093413,0.875300807162,0
Landsat 8/9,AOI-00,landsat,W2023_2024,2023;2024,0.835595516146,0.0015030395496,39742,0.53167419962,20251,0.0499264728446,0.0402435700837,-0.0151528833616,0.74183968424,0.875300807162,0,0,0,0.550773343461,0.550773343461,0.00701299438904,0.00701299438904,0.0499264728446,0.0402435700837,-0.0151528833616,0.74183968424,0.875300807162,0.0499264728446,0.0402435700837,-0.0151528833616,0.74183968424,0.875300807162,0
Landsat 8/9,AOI-00,landsat,W2022_2024,2022;2023;2024,0.857476986046,-0.0112924728687,58330,0.526056232749,20251,0.0494157986509,0.0398007839972,-0.0135648317347,0.747093873476,0.875300807162,0,0,0,0.552361395088,0.552361395088,0.00738509753223,0.00738509753223,0.0494157986509,0.0398007839972,-0.0135648317347,0.747093873476,0.875300807162,0.0494157986509,0.0398007839972,-0.0135648317347,0.747093873476,0.875300807162,0
MODIS,AOI-00,modis,W2022,2022,1.01733010137,-0.129271216302,20256,0.51588309718,20256,0.0388981351379,0.0308910183336,-0.00143625707459,0.844126422004,0.918938144275,0,0,0,0.56437476284,0.56437476284,0.00838383089357,0.00838383089357,0.0388981351379,0.0308910183336,-0.00143625707459,0.844126422004,0.918938144275,0.0388981351379,0.0308910183336,-0.00143625707459,0.844126422004,0.918938144275,0
MODIS,AOI-00,modis,W2023,2023,0.977655307475,-0.100192734704,20256,0.540479463998,20256,0.0389458205608,0.0311352127046,0.000590767754635,0.843744015317,0.918938144275,0,0,0,0.566401787669,0.566401787669,0.00774266099798,0.00774266099798,0.0389458205608,0.0311352127046,0.000590767754635,0.843744015317,0.918938144275,0.0389458205608,0.0311352127046,0.000590767754635,0.843744015317,0.918938144275,0
MODIS,AOI-00,modis,W2024,2024,0.936641171257,-0.0907019204451,20256,0.52221722053,20256,0.04322787931,0.033662001055,-0.0178830782653,0.80749465009,0.918938144275,0,0,0,0.547927941649,0.547927941649,0.00710665459191,0.00710665459191,0.04322787931,0.033662001055,-0.0178830782653,0.80749465009,0.918938144275,0.04322787931,0.033662001055,-0.0178830782653,0.80749465009,0.918938144275,0
MODIS,AOI-00,modis,W2022_2023,2022;2023,0.998787756228,-0.115776735361,40512,0.528181280589,20256,0.0388677931787,0.0309567511108,-0.000584499604653,0.844369501274,0.918938144275,0,0,0,0.56522652031,0.56522652031,0.00808100061429,0.00808100061429,0.0388677931787,0.0309567511108,-0.000584499604653,0.844369501274,0.918938144275,0.0388677931787,0.0309567511108,-0.000584499604653,0.844369501274,0.918938144275,0
MODIS,AOI-00,modis,W2023_2024,2023;2024,0.958794174558,-0.0965155756755,40512,0.531348342264,20256,0.0400221940367,0.0314987315065,-0.00859215569439,0.834987543597,0.918938144275,0,0,0,0.55721886422,0.55721886422,0.00744679662819,0.00744679662819,0.0400221940367,0.0314987315065,-0.00859215569439,0.834987543597,0.918938144275,0.0400221940367,0.0314987315065,-0.00859215569439,0.834987543597,0.918938144275,0
MODIS,AOI-00,modis,W2022_2024,2022;2023;2024,0.975238378722,-0.10571539832,60768,0.526193260569,20256,0.0395079324646,0.0311795790204,-0.00657982990927,0.839200924177,0.918938144275,0,0,0,0.559231190005,0.559231190005,0.00770442599136,0.00770442599136,0.0395079324646,0.0311795790204,-0.00657982990927,0.839200924177,0.918938144275,0.0395079324646,0.0311795790204,-0.00657982990927,0.839200924177,0.918938144275,0
Sentinel-2,AOI-01,sentinel2,W2022,2022,0.0736230007588,-0.00217175588672,19878,0.000139853107648,19878,0.00132426176805,0.000350322956504,-0.000170965131489,0.422556633589,0.838836981918,0.647499748466,0,0.647499748466,-0.000156764864931,0.000174140023384,8.15414565478e-07,3.06747180783e-07,0.00150344779499,0.000681227844819,-0.000501870019804,0.255716451465,0.585862910429,0.00132426176805,0.000350322956504,-0.000170965131489,0.422556633589,0.838836981918,0.000179186026939
Sentinel-2,AOI-01,sentinel2,W2023,2023,0.0761335147129,-0.00245679629663,19729,0.000186121957803,19878,0.0013406903172,0.000316081907719,-0.000225433708226,0.408140449111,0.847752217818,0.772562632056,0,0.772562632056,-0.000373094912254,0.000119671446647,8.71973315345e-07,2.83830177628e-07,0.00158681317273,0.00080884826662,-0.000718200067127,0.170887794052,0.585862910429,0.0013406903172,0.000316081907719,-0.000225433708226,0.408140449111,0.847752217818,0.000246122855524
Sentinel-2,AOI-01,sentinel2,W2024,2024,0.064452505341,-0.00203417000555,19878,0.000183117019413,19878,0.00139513382014,0.000325950711539,-0.000232802582515,0.359095312138,0.847070334112,0.7448938525,0,0.7448938525,-0.000270166660735,0.000112302572358,6.24929523691e-07,2.108178135e-07,0.00155763637794,0.000708419944631,-0.000615271815607,0.201097321147,0.585862910429,0.00139513382014,0.000325950711539,-0.000232802582515,0.359095312138,0.847070334112,0.0001625025578
Sentinel-2,AOI-01,sentinel2,W2022_2023,2022;2023,0.0734493219969,-0.002264588497,39607,0.000162900501915,19878,0.00133851071826,0.000331167464451,-0.000202664682414,0.410063291133,0.845172214189,0.714407888118,0,0.714407888118,-0.000254350896595,0.000142440472459,8.11571930766e-07,2.84330857047e-07,0.00153894004472,0.000727958833505,-0.000599456051467,0.220160703436,0.585862910429,0.00133851071826,0.000331167464451,-0.000202664682414,0.410063291133,0.845172214189,0.000200429326455
Sentinel-2,AOI-01,sentinel2,W2023_2024,2023;2024,0.0706220390962,-0.00225590568594,39607,0.000184613836377,19878,0.00136588981203,0.000320746589372,-0.000228727375776,0.385682275317,0.847579195472,0.761042358386,0,0.761042358386,-0.000323048110834,0.000116377779097,7.5029480853e-07,2.48239890392e-07,0.00157001587238,0.000760172479303,-0.000668153265706,0.188348116756,0.585862910429,0.00136588981203,0.000320746589372,-0.000228727375776,0.385682275317,0.847579195472,0.000204126060348
Sentinel-2,AOI-01,sentinel2,W2022_2024,2022;2023;2024,0.0705736527026,-0.00219467781307,59485,0.000169656220748,19878,0.00135688619776,0.000328774671504,-0.000213485298377,0.393754449249,0.846005175207,0.725726934299,0,0.725726934299,-0.000263144527212,0.000131619856495,7.49267038061e-07,2.58876558342e-07,0.00154553317502,0.000723539055211,-0.000608249682085,0.213464411531,0.585862910429,0.00135688619776,0.000328774671504,-0.000213485298377,0.393754449249,0.846005175207,0.00018864697726
Landsat 8/9,AOI-01,landsat,W2022,2022,0.0880375779597,-0.00466823878406,19149,0.000142461751077,14738,0.00139512800465,0.00051331196335,-2.66464915574e-05,0.333570661625,0.663535073635,0.433708780024,0,0.433708780024,0.000122785614968,0.000354409298772,7.04831125621e-07,3.32174125652e-07,0.00148804792738,0.000744935647154,-0.000258270175361,0.241841805284,0.515019921234,0.00139512800465,0.00051331196335,-2.66464915574e-05,0.333570661625,0.663535073635,9.2919922728e-05
Landsat 8/9,AOI-01,landsat,W2023,2023,0.109540212028,-0.0056856026416,19878,0.000184726838992,14738,0.00135561868885,0.000601387144725,0.000133080336007,0.37078206965,0.648957063224,0.377120369114,0,0.377120369114,0.00027559984334,0.000514136126336,1.09117914481e-06,5.61538821723e-07,0.00147786796973,0.00083992342772,-0.000105455946989,0.252179668894,0.515019921234,0.00135561868885,0.000601387144725,0.000133080336007,0.37078206965,0.648957063224,0.000122249280876
Landsat 8/9,AOI-01,landsat,W2024,2024,0.100808258743,-0.00516514117042,19872,0.000183172308368,14738,0.00137522164806,0.000617049607947,0.000134996085497,0.352452851491,0.640418385265,0.347197720179,0,0.347197720179,0.000320866491924,0.000516051875827,9.24147151008e-07,4.99633121927e-07,0.00146838151287,0.00081223499185,-6.01892984058e-05,0.261749395924,0.515019921234,0.00137522164806,0.000617049607947,0.000134996085497,0.352452851491,0.640418385265,9.31598648102e-05
Landsat 8/9,AOI-01,landsat,W2022_2023,2022;2023,0.098233321949,-0.00515115476905,39027,0.000163989037765,14738,0.00137130101987,0.000554014743539,4.798856368e-05,0.356139781059,0.655875377852,0.402293391234,0,0.402293391234,0.000194724265361,0.000429044354009,8.77539277623e-07,4.33444745476e-07,0.00147778813968,0.000788334832187,-0.000186331524968,0.252260456791,0.515019921234,0.00137130101987,0.000554014743539,4.798856368e-05,0.356139781059,0.655875377852,0.000106487119807
Landsat 8/9,AOI-01,landsat,W2023_2024,2023;2024,0.105328149502,-0.00543241236231,39750,0.000183949691003,14738,0.00136509522525,0.000609735217302,0.000135113224341,0.361954147242,0.644741621579,0.362057266929,0,0.362057266929,0.000299568751488,0.000516169014671,1.0088760466e-06,5.32079716939e-07,0.00147241857929,0.000826335480485,-8.14870388416e-05,0.257684425473,0.515019921234,0.00136509522525,0.000609735217302,0.000135113224341,0.361954147242,0.644741621579,0.000107323354049
Landsat 8/9,AOI-01,landsat,W2022_2024,2022;2023;2024,0.0986989982091,-0.00513481320146,58899,0.000170461303057,14738,0.00137242233825,0.000573814940359,7.48029758357e-05,0.355086376347,0.650517170949,0.381734292306,0,0.381734292306,0.000236408037683,0.000455858766165,8.85878969371e-07,4.51731463265e-07,0.00147329014193,0.000793265668841,-0.000144647752647,0.256805373808,0.515019921234,0.00137242233825,0.000573814940359,7.48029758357e-05,0.355086376347,0.650517170949,0.000100867803683
MODIS,AOI-01,modis,W2022,2022,0.0956840411553,-0.00528951657806,19878,0.000139853107648,19878,0.00139749949088,0.000574249235796,0.000156116145249,0.356919958203,0.671799242044,0.360599657913,0,0.360599657913,0.00032973371469,0.000501221300122,7.45027027123e-07,4.33732824431e-07,0.00145691777762,0.000745736821227,-1.53714401823e-05,0.301073028748,0.55165869981,0.00139749949088,0.000574249235796,0.000156116145249,0.356919958203,0.671799242044,5.9418286741e-05
MODIS,AOI-01,modis,W2023,2023,0.084994799976,-0.00475537710806,19878,0.000184726838992,19878,0.00141775287916,0.000520380690067,6.46554464353e-05,0.338145096954,0.68303105934,0.390985008552,0,0.390985008552,0.000236124597762,0.000409760601308,5.87865159216e-07,3.24037081673e-07,0.00147054051816,0.000694016693612,-0.00010898055711,0.287941450779,0.55165869981,0.00141775287916,0.000520380690067,6.46554464353e-05,0.338145096954,0.68303105934,5.27876389995e-05
MODIS,AOI-01,modis,W2024,2024,0.0511098817216,-0.00281509443283,19878,0.000183117019413,19878,0.00153019142187,0.000472833643629,-7.07382727624e-05,0.229002019197,0.668497574416,0.351091659121,0,0.351091659121,0.000186442859685,0.00027436688211,2.12570386047e-07,1.25745094652e-07,0.00154538488043,0.000560757666055,-0.000158662295188,0.213615341162,0.55165869981,0.00153019142187,0.000472833643629,-7.07382727624e-05,0.229002019197,0.668497574416,1.51934585624e-05
MODIS,AOI-01,modis,W2022_2023,2022;2023,0.0891504755803,-0.00495784978015,39756,0.00016228997332,19878,0.00140886366214,0.000543692500309,0.000103239433656,0.346418651224,0.677311688038,0.375238957642,0,0.375238957642,0.000277702877895,0.000448344588529,6.46755808841e-07,3.66580365422e-07,0.00146354621935,0.000714334210943,-6.74022769775e-05,0.294698838614,0.55165869981,0.00140886366214,0.000543692500309,0.000103239433656,0.346418651224,0.677311688038,5.46825572052e-05
MODIS,AOI-01,modis,W2023_2024,2023;2024,0.066877527541,-0.00372120723021,39756,0.000183921929203,19878,0.00147348265649,0.00049308129556,-1.00240370167e-05,0.285089342385,0.677815940714,0.376194788208,0,0.376194788208,0.000206318840757,0.000335081117856,3.63959807951e-07,2.05786438727e-07,0.00150339851939,0.000621843572659,-0.000138786314115,0.255765238544,0.55165869981,0.00147348265649,0.00049308129556,-1.00240370167e-05,0.285089342385,0.677815940714,2.99158629005e-05
MODIS,AOI-01,modis,W2022_2024,2022;2023;2024,0.0739452694695,-0.00410793912566,59634,0.000169232322018,19878,0.0014507230444,0.000511976429183,2.9472812237e-05,0.307003989912,0.676331104171,0.372723614046,0,0.372723614046,0.000234655230685,0.000374577967109,4.44952653736e-07,2.534040341e-07,0.00148712804647,0.000651899165608,-0.000110449924188,0.271786973971,0.55165869981,0.0014507230444,0.000511976429183,2.9472812237e-05,0.307003989912,0.676331104171,3.64050020726e-05
Sentinel-2,AOI-02,sentinel2,W2022,2022,0.872081558497,0.0049346707807,18847,0.463904494923,18534,0.0605503260564,0.0467095002392,-0.0160328108435,0.873519926224,0.939412039286,0,0,0,0.465214411255,0.465214411255,0.0261488706699,0.0261488706699,0.0605503260564,0.0467095002392,-0.0160328108435,0.873519926224,0.939412039286,0.0605503260564,0.0467095002392,-0.0160328108435,0.873519926224,0.939412039286,0
Sentinel-2,AOI-02,sentinel2,W2023,2023,0.881216268257,0.0317363714769,7586,0.504480886667,18534,0.0605077659737,0.0470411949172,0.0155901382747,0.873697666326,0.939412039286,0,0,0,0.496837360374,0.496837360374,0.0266995378319,0.0266995378319,0.0605077659737,0.0470411949172,0.0155901382747,0.873697666326,0.939412039286,0.0605077659737,0.0470411949172,0.0155901382747,0.873697666326,0.939412039286,0
Sentinel-2,AOI-02,sentinel2,W2024,2024,0.858853649473,0.0332651943616,18284,0.523575804524,18534,0.0586081241975,0.0453224319548,0.00531609677107,0.881503702338,0.939412039286,0,0,0,0.48656331887,0.48656331887,0.0253616241623,0.0253616241623,0.0586081241975,0.0453224319548,0.00531609677107,0.881503702338,0.939412039286,0.0586081241975,0.0453224319548,0.00531609677107,0.881503702338,0.939412039286,0
Sentinel-2,AOI-02,sentinel2,W2022_2023,2022;2023,0.876708509718,0.0114010673304,26061,0.473817582654,18534,0.058854149334,0.0452572767896,-0.00712433546931,0.880506766928,0.939412039286,0,0,0,0.47412288663,0.47412288663,0.0264270797695,0.0264270797695,0.058854149334,0.0452572767896,-0.00712433546931,0.880506766928,0.939412039286,0.058854149334,0.0452572767896,-0.00712433546931,0.880506766928,0.939412039286,0
Sentinel-2,AOI-02,sentinel2,W2023_2024,2023;2024,0.861846901067,0.0342253649646,25498,0.515742254906,18534,0.058888992705,0.0455779273303,0.00785608872651,0.880365238095,0.939412039286,0,0,0,0.489103310825,0.489103310825,0.0255387113951,0.0255387113951,0.058888992705,0.0455779273303,0.00785608872651,0.880365238095,0.939412039286,0.058888992705,0.0455779273303,0.00785608872651,0.880365238095,0.939412039286,0
Sentinel-2,AOI-02,sentinel2,W2022_2024,2022;2023;2024,0.871556658928,0.0186985409461,43973,0.492837969456,18534,0.0584417571153,0.0450129782799,-0.00254597971776,0.882175483027,0.939412039286,0,0,0,0.478701242381,0.478701242381,0.0261174025115,0.0261174025115,0.0584417571153,0.0450129782799,-0.00254597971776,0.882175483027,0.939412039286,0.0584417571153,0.0450129782799,-0.00254597971776,0.882175483027,0.939412039286,0
Landsat 8/9,AOI-02,landsat,W2022,2022,0.977813455252,-0.0789307780039,15357,0.48091424195,7600,0.056423105515,0.0434866053637,0.00225332892558,0.863945608471,0.929618872029,0,0,0,0.491949645631,0.491949645631,0.0199892320094,0.0199892320094,0.056423105515,0.0434866053637,0.00225332892558,0.863945608471,0.929618872029,0.056423105515,0.0434866053637,0.00225332892558,0.863945608471,0.929618872029,0
Landsat 8/9,AOI-02,landsat,W2023,2023,1.03283708891,-0.0879505108268,2686,0.563848102199,7600,0.062223789108,0.0484373797049,0.0253582463862,0.83453295914,0.929618872029,0,0,0,0.515054563092,0.515054563092,0.0223022017614,0.0223022017614,0.062223789108,0.0484373797049,0.0253582463862,0.83453295914,0.929618872029,0.062223789108,0.0484373797049,0.0253582463862,0.83453295914,0.929618872029,0
Landsat 8/9,AOI-02,landsat,W2024,2024,1.01456898987,-0.0883789183777,1542,0.43394033764,7600,0.0583223975344,0.0448803572504,0.0142643074249,0.854631827724,0.929618872029,0,0,0,0.50396062413,0.50396062413,0.0215202473457,0.0215202473457,0.0583223975344,0.0448803572504,0.0142643074249,0.854631827724,0.929618872029,0.0583223975344,0.0448803572504,0.0142643074249,0.854631827724,0.929618872029,0
Landsat 8/9,AOI-02,landsat,W2022_2023,2022;2023,0.995486463353,-0.0823627465966,10105,0.527008016656,7600,0.0571346197443,0.0439498844081,0.00913945761187,0.860492590278,0.929618872029,0,0,0,0.498835774317,0.498835774317,0.020718332961,0.020718332961,0.0571346197443,0.0439498844081,0.00913945761187,0.860492590278,0.929618872029,0.0571346197443,0.0439498844081,0.00913945761187,0.860492590278,0.929618872029,0
Landsat 8/9,AOI-02,landsat,W2023_2024,2023;2024,1.02433415353,-0.0827417245399,3407,0.549363076873,7600,0.0621950237359,0.048449109867,0.025602732658,0.834685910957,0.929618872029,0,0,0,0.515299049363,0.515299049363,0.0219365030638,0.0219365030638,0.0621950237359,0.048449109867,0.025602732658,0.834685910957,0.929618872029,0.0621950237359,0.048449109867,0.025602732658,0.834685910957,0.929618872029,0
Landsat 8/9,AOI-02,landsat,W2022_2024,2022;2023;2024,0.992048874174,-0.0787494148458,10599,0.527840363116,7600,0.0574005936433,0.0441981409077,0.0107458090365,0.859190693232,0.929618872029,0,0,0,0.500442125742,0.500442125742,0.0205754919474,0.0205754919474,0.0574005936433,0.0441981409077,0.0107458090365,0.859190693232,0.929618872029,0.0574005936433,0.0441981409077,0.0107458090365,0.859190693232,0.929618872029,0
MODIS,AOI-02,modis,W2022,2022,1.07868187877,-0.132341879452,18558,0.465856450909,16568,0.0542100339992,0.0425390992415,0.0254507607189,0.896224598126,0.958767551298,0.000241429261226,0,0.000241429261226,0.511556695043,0.511557473256,0.0266710895606,0.0266702896382,0.0542102900166,0.0425398774543,0.0254499825061,0.896223617925,0.958766501193,0.0542100339992,0.0425390992415,0.0254507607189,0.896224598126,0.958767551298,2.56017404381e-07
MODIS,AOI-02,modis,W2023,2023,1.0997951924,-0.167515546114,9553,0.551522245186,16568,0.048153280025,0.036995692619,0.00293032743179,0.91811830682,0.958805308505,0.00392322549493,0,0.00392322549493,0.488986218271,0.489037039969,0.0277253875645,0.027674640787,0.0481888833931,0.0370465143164,0.00287950573435,0.917997179378,0.958766501193,0.048153280025,0.036995692619,0.00293032743179,0.91811830682,0.958805308505,3.56033681937e-05
MODIS,AOI-02,modis,W2024,2024,1.07916660781,-0.13168707626,17909,0.52300854375,16568,0.054662398712,0.0429658917081,0.026394741574,0.894485429423,0.958767327794,0.000241429261226,0,0.000241429261226,0.512500847995,0.512501454111,0.0266950654091,0.0266944414027,0.0546625932174,0.042966497824,0.0263941354581,0.894484678515,0.958766501193,0.054662398712,0.0429658917081,0.026394741574,0.894485429423,0.958767327794,1.94505435591e-07
MODIS,AOI-02,modis,W2022_2023,2022;2023,1.06309273167,-0.130398741844,27583,0.49701714911,16568,0.0511316663191,0.0397297572374,0.0180882356733,0.907675926784,0.958767541693,0.000241429261226,0,0.000241429261226,0.504194188615,0.50419494821,0.0259057571369,0.0259049876005,0.0511319305467,0.0397305168331,0.0180874760777,0.907674972595,0.958766501193,0.0511316663191,0.0397297572374,0.0180882356733,0.907675926784,0.958767541693,2.64227653972e-07
MODIS,AOI-02,modis,W2023_2024,2023;2024,1.07518045823,-0.137210889227,27078,0.534291602715,16568,0.0512937233724,0.0398099263375,0.0184934461397,0.907089774276,0.958769839351,0.000422501207146,0,0.000422501207146,0.504597579057,0.504600158677,0.026498220923,0.0264955969429,0.0512948018816,0.0398125059575,0.0184908665197,0.907085867148,0.958766501193,0.0512937233724,0.0398099263375,0.0184934461397,0.907089774276,0.958769839351,1.07850916407e-06
MODIS,AOI-02,modis,W2022_2024,2022;2023;2024,1.07121915119,-0.132031643895,45108,0.507849606144,16568,0.0523618717323,0.0408374155591,0.0213064041491,0.903179930617,0.958767738635,0.000241429261226,0,0.000241429261226,0.507412197707,0.507413116686,0.0263033248549,0.0263023875567,0.052362189146,0.0408383345385,0.0213054851697,0.903178756782,0.958766501193,0.0523618717323,0.0408374155591,0.0213064041491,0.903179930617,0.958767738635,3.17413626764e-07
Sentinel-2,AOI-03,sentinel2,W2022,2022,0.8372042918,-0.0373421478103,19267,0.129490216819,18857,0.0395187606542,0.0273586069031,-0.00205301105176,0.849283297898,0.922114969878,0.0114546322321,0,0.0114546322321,0.129645675302,0.12975226055,0.00837599517345,0.00834666356632,0.0395853346087,0.0274651921515,-0.0021595963002,0.848775070501,0.921814669773,0.0395187606542,0.0273586069031,-0.00205301105176,0.849283297898,0.922114969878,6.65739545063e-05
Sentinel-2,AOI-03,sentinel2,W2023,2023,0.823896592797,-0.0366370548536,16731,0.151544797532,18857,0.0397867121803,0.027126749575,-0.0040052284056,0.847232541176,0.922112203233,0.0114546322321,0,0.0114546322321,0.127696429636,0.127800043197,0.0081118318589,0.00808375169726,0.0398505807731,0.027230363136,-0.00410884196656,0.84674168011,0.921814669773,0.0397867121803,0.027126749575,-0.0040052284056,0.847232541176,0.922112203233,6.38685927779e-05
Sentinel-2,AOI-03,sentinel2,W2024,2024,0.822515613936,-0.0318448483335,19142,0.148331836262,18857,0.0396204938215,0.0280512763483,0.000467160031258,0.848506318916,0.922006654347,0.00758339078326,0,0.00758339078326,0.132213187671,0.132272431633,0.00808466126479,0.00806814551021,0.039654930805,0.028110520311,0.000407916068522,0.848242856646,0.921814669773,0.0396204938215,0.0280512763483,0.000467160031258,0.848506318916,0.922006654347,3.44369835138e-05
Sentinel-2,AOI-03,sentinel2,W2022_2023,2022;2023,0.829354312065,-0.0367565665789,35998,0.139740652674,18857,0.0396465454275,0.027236482761,-0.00303687424851,0.848307030577,0.922109149575,0.0114546322321,0,0.0114546322321,0.128665508435,0.128768397354,0.00821965785733,0.00819156765653,0.0397102284927,0.0273393716792,-0.00313976316674,0.847819319395,0.921814669773,0.0396465454275,0.027236482761,-0.00303687424851,0.848307030577,0.922109149575,6.36830652791e-05
Sentinel-2,AOI-03,sentinel2,W2023_2024,2023;2024,0.822243479622,-0.0338720005811,35873,0.149830346423,18857,0.0396456664646,0.0275690781413,-0.0015974424582,0.848313756561,0.922049299536,0.00922734263138,0,0.00922734263138,0.13013175582,0.130207829144,0.00807931243069,0.00805838692537,0.0396910814364,0.0276451514651,-0.00167351578202,0.847966037744,0.921814669773,0.0396456664646,0.0275690781413,-0.0015974424582,0.848313756561,0.922049299536,4.5414971788e-05
Sentinel-2,AOI-03,sentinel2,W2022_2024,2022;2023;2024,0.827026336102,-0.0350710359697,55140,0.142723105272,18857,0.0396014265936,0.0274754728899,-0.00183259351373,0.848652095469,0.922071651812,0.00970461897439,0,0.00970461897439,0.129886703587,0.129972678088,0.00817357788962,0.00814994020158,0.0396535592198,0.0275614473917,-0.00191856801562,0.84825335442,0.921814669773,0.0396014265936,0.0274754728899,-0.00183259351373,0.848652095469,0.922071651812,5.21326262653e-05
Landsat 8/9,AOI-03,landsat,W2022,2022,0.879483033252,-0.0769441523346,16230,0.131894763163,14402,0.035253270818,0.0253861906968,8.77127904706e-05,0.878428883388,0.937320338978,0.0163171781697,0,0.0163171781697,0.130863320331,0.131019250416,0.00880017889457,0.00875626375747,0.0353724613069,0.0255421207821,-6.82172948452e-05,0.877605435471,0.936849781078,0.035253270818,0.0253861906968,8.77127904706e-05,0.878428883388,0.937320338978,0.000119190488923
Landsat 8/9,AOI-03,landsat,W2023,2023,0.964376949164,-0.0749491052863,11178,0.154515298358,14402,0.0423794086953,0.0336081804479,0.0220581421716,0.824312300217,0.937107049302,0.00645743646716,0,0.00645743646716,0.152917412799,0.152989679797,0.0105810852153,0.0105574202915,0.0424268501371,0.0336804474457,0.0219858751738,0.823918734414,0.936849781078,0.0423794086953,0.0336081804479,0.0220581421716,0.824312300217,0.937107049302,4.74414417909e-05
Landsat 8/9,AOI-03,landsat,W2024,2024,0.88728595321,-0.0718219727825,15551,0.153463057559,14402,0.0359616853412,0.0269413358243,0.00698548395622,0.873493848372,0.937162382312,0.00854048048882,0,0.00854048048882,0.137829202393,0.137917021582,0.00895702490947,0.00893105103927,0.0360271610491,0.0270291550133,0.00689766476721,0.873032767626,0.936849781078,0.0359616853412,0.0269413358243,0.00698548395622,0.873493848372,0.937162382312,6.54757078766e-05
Landsat 8/9,AOI-03,landsat,W2022_2023,2022;2023,0.919049435472,-0.0772954170379,27408,0.141120257267,14402,0.0365314344673,0.0274882000782,0.009048717565,0.869453563111,0.937226964158,0.0115261769199,0,0.0115261769199,0.139860950077,0.13998025519,0.00960979924083,0.00957391965569,0.0366202362077,0.0276075051922,0.00892941245106,0.86881811909,0.936849781078,0.0365314344673,0.0274882000782,0.009048717565,0.869453563111,0.937226964158,8.88017404261e-05
Landsat 8/9,AOI-03,landsat,W2023_2024,2023;2024,0.915046001928,-0.0723217613115,26729,0.153903101992,14402,0.0377143325024,0.0290402647099,0.0130339957804,0.860862427402,0.937128515658,0.00729065407582,0,0.00729065407582,0.143888659861,0.143965533406,0.00952625988466,0.0095025536289,0.0377697292745,0.0291171382553,0.012957122235,0.86045338221,0.936849781078,0.0377143325024,0.0290402647099,0.0130339957804,0.860862427402,0.937128515658,5.53967721152e-05
Landsat 8/9,AOI-03,landsat,W2022_2024,2022;2023;2024,0.906043527373,-0.0750660906215,42959,0.145588305577,14402,0.0362452988639,0.0272316890806,0.00819136911346,0.871490586562,0.937200006443,0.00979030690182,0,0.00979030690182,0.139017192886,0.139122906739,0.00933973801097,0.00930816500651,0.0363240229091,0.0273374029332,0.00808565526092,0.870931740703,0.936849781078,0.0362452988639,0.0272316890806,0.00819136911346,0.871490586562,0.937200006443,7.87240452055e-05
MODIS,AOI-03,modis,W2022,2022,0.988058911337,-0.103388068177,18858,0.12956665644,17860,0.0292322838043,0.0233965193463,0.0112415325089,0.919140220377,0.966007392369,0.0133258678611,0,0.0133258678611,0.143230628768,0.143351051343,0.00899061276683,0.00895423711517,0.0293116701408,0.023516941921,0.0111211099343,0.918700440987,0.965540566884,0.0292322838043,0.0233965193463,0.0112415325089,0.919140220377,0.966007392369,7.93863365082e-05
MODIS,AOI-03,modis,W2023,2023,1.02952653835,-0.10482926626,17967,0.152903211884,17860,0.0333733073142,0.0275519836651,0.0201223639335,0.894608507265,0.965899934508,0.0101903695409,0,0.0101903695409,0.152139716504,0.152231882767,0.00976109873609,0.00973164786009,0.0334246358243,0.027644149928,0.0200301976705,0.894284071436,0.965540566884,0.0333733073142,0.0275519836651,0.0201223639335,0.894608507265,0.965899934508,5.13285101637e-05
MODIS,AOI-03,modis,W2024,2024,0.942723602091,-0.107760959695,18695,0.150552982598,17860,0.0282901187306,0.0203832113382,-0.00425997723112,0.924268492689,0.966580831796,0.0310750279955,0,0.0310750279955,0.127542081105,0.127849541603,0.00818450416919,0.00810067270443,0.0285291592784,0.0206906718358,-0.00456743772878,0.922983281946,0.965540566884,0.0282901187306,0.0203832113382,-0.00425997723112,0.924268492689,0.966580831796,0.000239040547827
MODIS,AOI-03,modis,W2022_2023,2022;2023,1.01340960806,-0.105183456,36825,0.140952614123,17860,0.0309921216978,0.0252277466801,0.015765944752,0.909111344714,0.965972638209,0.0120380739082,0,0.0120380739082,0.147762754134,0.147875463586,0.00945787671808,0.0094227961646,0.0310618175433,0.025340456132,0.0156532353001,0.908702099784,0.965540566884,0.0309921216978,0.0252277466801,0.015765944752,0.909111344714,0.965972638209,6.96958455853e-05
MODIS,AOI-03,modis,W2023_2024,2023;2024,0.965663340673,-0.101694417218,36662,0.151704762904,17860,0.0283988614213,0.0222703197669,0.00735147565878,0.92368517415,0.96603693169,0.0141657334826,0,0.0141657334826,0.139334363588,0.139460994492,0.00858766517003,0.0085504211946,0.0284849943025,0.0223969506714,0.00722484475423,0.923221551055,0.965540566884,0.0283988614213,0.0222703197669,0.00735147565878,0.92368517415,0.96603693169,8.61328812528e-05
MODIS,AOI-03,modis,W2022_2024,2022;2023;2024,0.969677813581,-0.101493314365,55520,0.144185303039,17860,0.0286488168816,0.022635038955,0.00854652020018,0.922335876812,0.966008661645,0.0133258678611,0,0.0133258678611,0.140537475599,0.140656039034,0.00865921517643,0.00862407312412,0.0287280148678,0.0227536023901,0.00842795676511,0.921905887399,0.965540566884,0.0286488168816,0.022635038955,0.00854652020018,0.922335876812,0.966008661645,7.91979861935e-05
