sensitivity,variant,experiment,AOI,sensor,train_years,target_year,window,n,block_n,RMSE,MAE,Bias,R2,Pearson_r,slope,intercept,train_n,train_block_n
canonical_nonoverlap_primary,nearest_nominal_nonoverlap,multi_aoi,AOI-00,landsat,2022,2025,W2022,20017,39,0.04922975883032955,0.04030136819227294,-0.001051825924206623,0.7405386596973291,0.8607811944412894,0.8526824043574972,0.01125216357510872,13159,39
canonical_nonoverlap_primary,nearest_nominal_nonoverlap,multi_aoi,AOI-00,landsat,2023,2025,W2023,20017,39,0.050040270378964705,0.040883138443291736,-0.008832179468883867,0.7319248633892765,0.8607811944412886,0.8613305584425672,-0.0021525533660406992,12841,39
canonical_nonoverlap_primary,nearest_nominal_nonoverlap,multi_aoi,AOI-00,landsat,2024,2025,W2024,20017,39,0.05644209365083085,0.04587129704179493,-0.027287716492130534,0.6589457461127983,0.8607811944412875,0.7898189829121377,0.025899763643027374,18920,39
canonical_nonoverlap_primary,nearest_nominal_nonoverlap,multi_aoi,AOI-00,landsat,2022;2023,2025,W2022_2023,20017,39,0.04947106938086972,0.04052913757545651,-0.005075015756932243,0.7379888113696362,0.8607811944412872,0.8498933218618941,0.009042865278507839,26000,39
canonical_nonoverlap_primary,nearest_nominal_nonoverlap,multi_aoi,AOI-00,landsat,2023;2024,2025,W2023_2024,20017,39,0.0530310819217106,0.04324926532253731,-0.01975046415360734,0.6989225592062891,0.8607811944412884,0.8205371652514329,0.013459316849945502,31761,39
canonical_nonoverlap_primary,nearest_nominal_nonoverlap,multi_aoi,AOI-00,landsat,2022;2023;2024,2025,W2022_2024,20017,39,0.05143113995008685,0.04213824442732101,-0.014888396042622938,0.7168154590562494,0.8607811944412878,0.8168401225831681,0.020725772215602234,44920,39
canonical_nonoverlap_primary,nearest_nominal_nonoverlap,multi_aoi,AOI-00,modis,2022,2025,W2022,18641,39,0.04285672367494595,0.03300495895994379,-0.009416441759335408,0.8074222535834166,0.9039491553791996,0.994945341615072,-0.12269039762166734,10732,39
canonical_nonoverlap_primary,nearest_nominal_nonoverlap,multi_aoi,AOI-00,modis,2023,2025,W2023,18641,39,0.04183470229949771,0.03296517441319166,-0.0005316982009135427,0.8164976915126667,0.9039382033914638,0.9473292618979152,-0.0814248949855989,20043,39
canonical_nonoverlap_primary,nearest_nominal_nonoverlap,multi_aoi,AOI-00,modis,2024,2025,W2024,18641,39,0.044496397799204924,0.03424488112283048,-0.012799879131827913,0.7924045289014423,0.9039382033914615,0.879818584535097,-0.04778493581239729,16212,39
canonical_nonoverlap_primary,nearest_nominal_nonoverlap,multi_aoi,AOI-00,modis,2022;2023,2025,W2022_2023,18641,39,0.04193122621142726,0.03274749915234318,-0.0037077234002190046,0.8156499362626483,0.9039382033914625,0.9693154995005443,-0.09955184818107021,30775,39
canonical_nonoverlap_primary,nearest_nominal_nonoverlap,multi_aoi,AOI-00,modis,2023;2024,2025,W2023_2024,18641,39,0.042381498610372804,0.03304240663435672,-0.005590445242591954,0.8116694455252969,0.9039382033914632,0.9231765083984462,-0.07005945499690869,36255,39
canonical_nonoverlap_primary,nearest_nominal_nonoverlap,multi_aoi,AOI-00,modis,2022;2023;2024,2025,W2022_2024,18641,39,0.04238135992782645,0.032939932349886646,-0.006595752589322999,0.811670678049817,0.9039382033914619,0.9413932783163945,-0.08345240320736791,46987,39
canonical_nonoverlap_primary,nearest_nominal_nonoverlap,multi_aoi,AOI-00,sentinel2,2022,2025,W2022,12809,39,0.07278598181395345,0.05976965863733369,-0.032090011155433425,0.4714880048218224,0.7579114802276049,0.5975452728285868,0.1839039168491139,5928,39
canonical_nonoverlap_primary,nearest_nominal_nonoverlap,multi_aoi,AOI-00,sentinel2,2023,2025,W2023,12809,39,0.0764232508466077,0.06251825059911735,-0.03808188539220854,0.41734648019330245,0.7579801645602897,0.6734580700077741,0.1333545988857463,13486,39
canonical_nonoverlap_primary,nearest_nominal_nonoverlap,multi_aoi,AOI-00,sentinel2,2024,2025,W2024,12809,39,0.0798319825140218,0.06622923133254918,-0.04587876642690486,0.36421073857309305,0.7578994922621423,0.5747983935698915,0.18346413673472678,8101,39
canonical_nonoverlap_primary,nearest_nominal_nonoverlap,multi_aoi,AOI-00,sentinel2,2022;2023,2025,W2022_2023,12809,39,0.07480303603907396,0.06128456564920127,-0.03554559087989143,0.44178974682911387,0.7579687421506721,0.6499712055659811,0.1496767472984079,19414,39
canonical_nonoverlap_primary,nearest_nominal_nonoverlap,multi_aoi,AOI-00,sentinel2,2023;2024,2025,W2023_2024,12809,39,0.07707192522305065,0.06337048496127758,-0.04029724542171388,0.4074134710845062,0.7579674240266432,0.6419852770970093,0.1496116379591073,21587,39
canonical_nonoverlap_primary,nearest_nominal_nonoverlap,multi_aoi,AOI-00,sentinel2,2022;2023;2024,2025,W2022_2024,12809,39,0.07592273171831543,0.06242630012712057,-0.03829059632556221,0.4249534386598284,0.7579578034819726,0.6309323729346593,0.1581060285129427,27515,39
canonical_nonoverlap_primary,nearest_nominal_nonoverlap,multi_aoi,AOI-01,landsat,2022,2025,W2022,9601,35,0.001242428429767229,0.0005031351925982338,5.742505955217569e-05,0.3999511273373355,0.7203625341946122,0.08433016624625009,-0.004381901313713138,9709,34
canonical_nonoverlap_primary,nearest_nominal_nonoverlap,multi_aoi,AOI-01,landsat,2023,2025,W2023,9601,35,0.0012098680224037,0.0005576301745310038,0.0001593946556148428,0.4309900517005192,0.7134506875280094,0.09942325995912292,-0.005116697230375914,15205,35
canonical_nonoverlap_primary,nearest_nominal_nonoverlap,multi_aoi,AOI-01,landsat,2024,2025,W2024,9601,35,0.0012350993319251607,0.0005652125927523529,0.00014854235779041672,0.4070096353521019,0.7054465839794869,0.09032936401695758,-0.004595983524886811,10862,35
canonical_nonoverlap_primary,nearest_nominal_nonoverlap,multi_aoi,AOI-01,landsat,2022;2023,2025,W2022_2023,9601,35,0.0012197323830697296,0.0005359453060655543,0.00011944664619506003,0.42167366177145105,0.7160638775658889,0.09368817380066649,-0.004839204309057775,24912,34
canonical_nonoverlap_primary,nearest_nominal_nonoverlap,multi_aoi,AOI-01,landsat,2023;2024,2025,W2023_2024,9601,35,0.0012197222847369214,0.0005606587153263471,0.0001550806834690873,0.4216832378190176,0.7103775184797825,0.0957831525544123,-0.004907984590122798,26067,35
canonical_nonoverlap_primary,nearest_nominal_nonoverlap,multi_aoi,AOI-01,landsat,2022;2023;2024,2025,W2022_2024,9601,35,0.0012242071713751306,0.0005445588729091199,0.00012805044105937416,0.4174225079664491,0.712916071686131,0.09268951687021242,-0.004766571779945376,35773,34
canonical_nonoverlap_primary,nearest_nominal_nonoverlap,multi_aoi,AOI-01,modis,2022,2025,W2022,19714,35,0.0014037569395782112,0.0005410276030743692,9.589164980583136e-05,0.34073079825644714,0.6654250687974319,0.08508450636869241,-0.00470543797800376,19809,35
canonical_nonoverlap_primary,nearest_nominal_nonoverlap,multi_aoi,AOI-01,modis,2023,2025,W2023,19714,35,0.001408867653854692,0.0004990877590444322,3.539408937355919e-05,0.33592160392139914,0.6796639317879669,0.08181425079727768,-0.0045980798463686155,19735,35
canonical_nonoverlap_primary,nearest_nominal_nonoverlap,multi_aoi,AOI-01,modis,2024,2025,W2024,19714,35,0.0015115023429366672,0.00047567634335145726,-6.218584233705868e-05,0.23564237074349348,0.6575709350028794,0.051228039399220285,-0.002806461234940477,19776,35
canonical_nonoverlap_primary,nearest_nominal_nonoverlap,multi_aoi,AOI-01,modis,2022;2023,2025,W2022_2023,19714,35,0.0014073432227546384,0.0005183907871877715,6.230365546306616e-05,0.3373579263000901,0.6722940262195224,0.08284881497240304,-0.004618259351742836,39544,35
canonical_nonoverlap_primary,nearest_nominal_nonoverlap,multi_aoi,AOI-01,modis,2023;2024,2025,W2023_2024,19714,35,0.0014605660351389726,0.00048622068117996534,-1.6969499692965838e-05,0.2862907104643526,0.6699813784261468,0.0654850316583946,-0.00364074267761337,39511,35
canonical_nonoverlap_primary,nearest_nominal_nonoverlap,multi_aoi,AOI-01,modis,2022;2023;2024,2025,W2022_2024,19714,35,0.0014436509254424244,0.0004999696919478545,1.1816095187176434e-05,0.3027262070806158,0.6687899265588954,0.0706107227935935,-0.0039203365668231275,59320,35
canonical_nonoverlap_primary,nearest_nominal_nonoverlap,multi_aoi,AOI-01,sentinel2,2022,2025,W2022,19409,35,0.001335624441782628,0.0002990082224308849,-0.00021509397358956226,0.40122982546770325,0.8399322368496508,0.0773033446520107,-0.0025394257306161324,15920,35
canonical_nonoverlap_primary,nearest_nominal_nonoverlap,multi_aoi,AOI-01,sentinel2,2023,2025,W2023,19409,35,0.0013354750127916484,0.0002968420766248868,-0.00021847304769869694,0.40136379818500034,0.8398846313982713,0.07800826035853067,-0.0025849262746615144,13138,35
canonical_nonoverlap_primary,nearest_nominal_nonoverlap,multi_aoi,AOI-01,sentinel2,2024,2025,W2024,19409,35,0.0014091877610971045,0.000331376503922782,-0.00019746924353174666,0.3334554699433572,0.82993450311845,0.05780362482507899,-0.00172541687679959,19112,35
canonical_nonoverlap_primary,nearest_nominal_nonoverlap,multi_aoi,AOI-01,sentinel2,2022;2023,2025,W2022_2023,19409,35,0.0013357805472160467,0.00029803623343683253,-0.00021668503680203773,0.4010898508804336,0.8399310431333413,0.0775695382600132,-0.0025580623026377775,29058,35
canonical_nonoverlap_primary,nearest_nominal_nonoverlap,multi_aoi,AOI-01,sentinel2,2023;2024,2025,W2023_2024,19409,35,0.0013822239014969688,0.0003160442621861409,-0.00020791814068435682,0.3587191951724442,0.8367532279597554,0.06486906212765299,-0.0020237845704211476,32250,35
canonical_nonoverlap_primary,nearest_nominal_nonoverlap,multi_aoi,AOI-01,sentinel2,2022;2023;2024,2025,W2022_2024,19409,35,0.0013650495350562453,0.0003098211827688695,-0.00021023397759630953,0.37455623669682403,0.8385305762230606,0.06920884771339007,-0.0021993962566781997,48170,35
canonical_nonoverlap_primary,nearest_nominal_nonoverlap,multi_aoi,AOI-02,landsat,2022,2025,W2022,1735,28,0.05789036382436021,0.04468107976095543,0.009951496434065477,0.8760985081772599,0.9379718196852974,0.9636602169696928,-0.06938479711207957,4780,34
canonical_nonoverlap_primary,nearest_nominal_nonoverlap,multi_aoi,AOI-02,landsat,2023,2025,W2023,1735,28,0.05990493079842939,0.04612228575331283,0.017668246055808197,0.867324993028732,0.9379718196852979,1.0008740019741795,-0.08271797343493792,581,6
canonical_nonoverlap_primary,nearest_nominal_nonoverlap,multi_aoi,AOI-02,landsat,2024,2025,W2024,1735,28,0.06036333920061194,0.04643628868475326,0.01851721413142559,0.8652866953465363,0.9379718196852976,1.0136239496999098,-0.0890809956309846,1521,30
canonical_nonoverlap_primary,nearest_nominal_nonoverlap,multi_aoi,AOI-02,landsat,2022;2023,2025,W2022_2023,1735,28,0.057445153399661025,0.044310577682450246,0.006946180346448518,0.8779969284805731,0.9379718196852981,0.9661132222807101,-0.07377765225632299,1550,6
canonical_nonoverlap_primary,nearest_nominal_nonoverlap,multi_aoi,AOI-02,landsat,2023;2024,2025,W2023_2024,1735,28,0.06229136122061421,0.048331183741156074,0.024997207653105778,0.85654370169073,0.9379718196852976,0.9819108407963006,-0.06466252598241873,1097,6
canonical_nonoverlap_primary,nearest_nominal_nonoverlap,multi_aoi,AOI-02,landsat,2022;2023;2024,2025,W2022_2024,1735,28,0.058589343207418466,0.04528700034517385,0.013381155985120569,0.8730884241914783,0.9379718196852973,0.9600352665543723,-0.06390468937935878,2066,6
canonical_nonoverlap_primary,nearest_nominal_nonoverlap,multi_aoi,AOI-02,modis,2022,2025,W2022,2190,24,0.05720614284770017,0.04334202555448291,0.013576847047917538,0.7549771974357876,0.8768581830923972,1.0139772723692282,-0.09656087553166415,10412,38
canonical_nonoverlap_primary,nearest_nominal_nonoverlap,multi_aoi,AOI-02,modis,2023,2025,W2023,2190,24,0.05692665115510957,0.04396910580691984,-0.011394906737048809,0.7573655614739481,0.8768579330350761,1.0508661202525462,-0.14501932471392687,2351,31
canonical_nonoverlap_primary,nearest_nominal_nonoverlap,multi_aoi,AOI-02,modis,2024,2025,W2024,2190,24,0.06453791456921774,0.04917723040277579,0.03124542837822801,0.6881462101983714,0.8768581830923973,1.1023545865039992,-0.13516002409519512,11497,38
canonical_nonoverlap_primary,nearest_nominal_nonoverlap,multi_aoi,AOI-02,modis,2022;2023,2025,W2022_2023,2190,24,0.05636664025045441,0.04272532062273195,0.009492283084740089,0.7621158703397992,0.8768581830923973,1.007312870016364,-0.09640237332830254,12160,31
canonical_nonoverlap_primary,nearest_nominal_nonoverlap,multi_aoi,AOI-02,modis,2023;2024,2025,W2023_2024,2190,24,0.06080187500035858,0.04579336845668345,0.02322558088311643,0.7232069922467852,0.8768581830923973,1.0855528539553627,-0.13248260885890528,13359,31
canonical_nonoverlap_primary,nearest_nominal_nonoverlap,multi_aoi,AOI-02,modis,2022;2023;2024,2025,W2022_2024,2190,24,0.05943896869022298,0.04478263275260725,0.020337360009337977,0.7354768403889647,0.8768581830923973,1.0588626440950335,-0.11837780913759322,23168,31
canonical_nonoverlap_primary,nearest_nominal_nonoverlap,multi_aoi,AOI-02,sentinel2,2022,2025,W2022,12637,38,0.06136198909641563,0.047107156341377576,-0.014408225653949105,0.8681801126134924,0.9356596147899816,0.8604729762540086,0.01445797288354489,12476,38
canonical_nonoverlap_primary,nearest_nominal_nonoverlap,multi_aoi,AOI-02,sentinel2,2023,2025,W2023,12637,38,0.06084561716513245,0.04655033574642248,-0.011997472853941904,0.8703893528403873,0.935659614789982,0.8686193484654517,0.012634893056683472,3484,36
canonical_nonoverlap_primary,nearest_nominal_nonoverlap,multi_aoi,AOI-02,sentinel2,2024,2025,W2024,12637,38,0.06216430869729764,0.048123577171258515,0.017221852382500107,0.8647104367449556,0.935659614789983,0.845901107842799,0.05366134248002785,15496,38
canonical_nonoverlap_primary,nearest_nominal_nonoverlap,multi_aoi,AOI-02,sentinel2,2022;2023,2025,W2022_2023,12637,38,0.06128987979595228,0.047002904362196944,-0.014109088744176098,0.8684897458201836,0.935659614789982,0.8634180279478205,0.01322650750490778,15302,36
canonical_nonoverlap_primary,nearest_nominal_nonoverlap,multi_aoi,AOI-02,sentinel2,2023;2024,2025,W2023_2024,12637,38,0.06046461464019977,0.046556586448017204,0.009812415879488948,0.8720074603161226,0.9356596147899822,0.8552458693400452,0.04139524646153675,18099,36
canonical_nonoverlap_primary,nearest_nominal_nonoverlap,multi_aoi,AOI-02,sentinel2,2022;2023;2024,2025,W2022_2024,12637,38,0.05964482743403754,0.045684959310484365,-0.00017280201560009094,0.8754546117614118,0.9356596147899816,0.8651997216361405,0.026236812376418783,29917,36
canonical_nonoverlap_primary,nearest_nominal_nonoverlap,multi_aoi,AOI-03,landsat,2022,2025,W2022,9322,35,0.03677964098060397,0.027741850141007246,0.0074635677135337685,0.861954340963434,0.9317552096621348,0.9030669043214218,-0.07915664210563281,10030,35
canonical_nonoverlap_primary,nearest_nominal_nonoverlap,multi_aoi,AOI-03,landsat,2023,2025,W2023,9322,35,0.044698311799913404,0.03624244392798886,0.025383832364633707,0.7961127704998615,0.9314587026513985,0.9512361900068829,-0.07268321838949679,8852,35
canonical_nonoverlap_primary,nearest_nominal_nonoverlap,multi_aoi,AOI-03,landsat,2024,2025,W2024,9322,35,0.03783313456293764,0.029275904775324452,0.011605758503079183,0.8539328911020295,0.9315467673418729,0.889605834507951,-0.07171354850315076,10134,35
canonical_nonoverlap_primary,nearest_nominal_nonoverlap,multi_aoi,AOI-03,landsat,2022;2023,2025,W2022_2023,9322,35,0.03959787148675906,0.031013048484901207,0.015827627468282528,0.8399884003757282,0.9315861157282401,0.925638022220041,-0.07614377371191083,18882,35
canonical_nonoverlap_primary,nearest_nominal_nonoverlap,multi_aoi,AOI-03,landsat,2023;2024,2025,W2023_2024,9322,35,0.04036082175725066,0.032027633365550506,0.017861925425941595,0.8337629653842307,0.9314929312459389,0.9146149701796158,-0.07143639918646519,18986,35
canonical_nonoverlap_primary,nearest_nominal_nonoverlap,multi_aoi,AOI-03,landsat,2022;2023;2024,2025,W2022_2024,9322,35,0.03885535937353348,0.0303184931299491,0.014269369794490519,0.8459329938398575,0.9315690216747432,0.9116950085663165,-0.07435319239395877,29016,35
canonical_nonoverlap_primary,nearest_nominal_nonoverlap,multi_aoi,AOI-03,modis,2022,2025,W2022,12562,35,0.03676618051336799,0.026615063227692644,0.0005493302605848975,0.8760161748305333,0.9560241372148202,0.815041142173289,-0.07683581296967648,5224,30
canonical_nonoverlap_primary,nearest_nominal_nonoverlap,multi_aoi,AOI-03,modis,2023,2025,W2023,12562,35,0.03209852750178471,0.025388610729700122,0.009457299722509598,0.9054986047475684,0.9567268331912242,0.9841422918695247,-0.11173212323805953,9089,35
canonical_nonoverlap_primary,nearest_nominal_nonoverlap,multi_aoi,AOI-03,modis,2024,2025,W2024,12562,35,0.03313682005383699,0.026465023696020853,0.011385280181398718,0.8992860429741835,0.9564197390356606,0.9616340270987686,-0.10390710693171074,12878,35
canonical_nonoverlap_primary,nearest_nominal_nonoverlap,multi_aoi,AOI-03,modis,2022;2023,2025,W2022_2023,12562,35,0.03221714454298511,0.024989757809783353,0.006448370414982757,0.9047988724830868,0.9565189443494213,0.9409431810850631,-0.10353107343587004,13793,30
canonical_nonoverlap_primary,nearest_nominal_nonoverlap,multi_aoi,AOI-03,modis,2023;2024,2025,W2023_2024,12562,35,0.03271782573013128,0.026019559990907,0.01059897051078372,0.9018168705531248,0.956521703598288,0.9693162941047739,-0.10670352279594617,21967,35
canonical_nonoverlap_primary,nearest_nominal_nonoverlap,multi_aoi,AOI-03,modis,2022;2023;2024,2025,W2022_2024,12562,35,0.03265192901000278,0.02568637237141724,0.008679398632636195,0.9022119720321456,0.9564318457401382,0.9451733994774643,-0.10236860067712883,25664,30
canonical_nonoverlap_primary,nearest_nominal_nonoverlap,multi_aoi,AOI-03,sentinel2,2022,2025,W2022,10590,35,0.04184599311121169,0.028324959899312524,-0.0032225105171374557,0.809102104853717,0.9009694520478974,0.84542731192376,-0.035406246207274006,15651,35
canonical_nonoverlap_primary,nearest_nominal_nonoverlap,multi_aoi,AOI-03,sentinel2,2023,2025,W2023,10590,35,0.043293357127575316,0.02879414628298998,-0.005437582442542344,0.7956682242513468,0.9005999324178938,0.7733040842626465,-0.02408047052271403,7151,35
canonical_nonoverlap_primary,nearest_nominal_nonoverlap,multi_aoi,AOI-03,sentinel2,2024,2025,W2024,10590,35,0.041776005341069254,0.028469251985136522,-0.0024264328666484826,0.8097401274802645,0.9009453347402078,0.847771577654368,-0.035038660591043075,9944,35
canonical_nonoverlap_primary,nearest_nominal_nonoverlap,multi_aoi,AOI-03,sentinel2,2022;2023,2025,W2022_2023,10590,35,0.04233715003739206,0.028376131126573906,-0.004384584262431503,0.8045945731383305,0.9008053410873603,0.8149409092584796,-0.030836593220070846,22802,35
canonical_nonoverlap_primary,nearest_nominal_nonoverlap,multi_aoi,AOI-03,sentinel2,2023;2024,2025,W2023_2024,10590,35,0.04225801317458539,0.028399601794425706,-0.004074101138795301,0.8053243964709831,0.9008128360598033,0.8181085389843844,-0.03111829867783869,17095,35
canonical_nonoverlap_primary,nearest_nominal_nonoverlap,multi_aoi,AOI-03,sentinel2,2022;2023;2024,2025,W2022_2024,10590,35,0.04209396567161412,0.028356104100038027,-0.0037910819019682566,0.8068329415099443,0.9008683316697197,0.8277882324330165,-0.032655307548079576,32746,35
