AOI,sensor,target_year,contrast,mean_difference_RMSE_primary,mean_difference_RMSE_sensitivity,block_contrast_direction_changed
AOI-00,landsat,2024,1y_vs_2y,0.0006368629674129,-0.0008291283830777,True
AOI-00,landsat,2024,1y_vs_3y,0.0010314995164105,0.0002623549373246,False
AOI-00,landsat,2024,2y_vs_3y,0.0003946365489976,0.0010914833204024,False
AOI-00,landsat,2025,1y_vs_2y,0.0032157462577057,0.0021027384342453,False
AOI-00,landsat,2025,1y_vs_3y,0.0033603162016452,0.0031469904174724,False
AOI-00,landsat,2025,2y_vs_3y,0.0001445699439395,0.0010442519832271,False
AOI-00,modis,2024,1y_vs_2y,0.0002866288611451,0.000157812260319,False
AOI-00,modis,2024,1y_vs_3y,0.0010849266791654,0.0001875163096618,False
AOI-00,modis,2024,2y_vs_3y,0.0007982978180202,2.9704049342810696e-05,False
AOI-00,modis,2025,1y_vs_2y,0.002263268784309,0.0011955846324076,False
AOI-00,modis,2025,1y_vs_3y,0.0025130056926483,0.0011850248491366,False
AOI-00,modis,2025,2y_vs_3y,0.0002497369083393,-1.0559783271048356e-05,True
AOI-00,sentinel2,2024,1y_vs_2y,0.0002962054975239,0.0001000751715473,False
AOI-00,sentinel2,2024,1y_vs_3y,-0.0001693026500797,-0.0023382234580035,False
AOI-00,sentinel2,2024,2y_vs_3y,-0.0004655081476036,-0.0024382986295508,False
AOI-00,sentinel2,2025,1y_vs_2y,0.00077698213129,0.0010571738426356,False
AOI-00,sentinel2,2025,1y_vs_3y,0.0008350780013897,0.0019755688324701,False
AOI-00,sentinel2,2025,2y_vs_3y,5.809587009968131e-05,0.0009183949898345,False
AOI-01,landsat,2024,1y_vs_2y,3.510114377702064e-05,6.076580444760074e-06,False
AOI-01,landsat,2024,1y_vs_3y,5.0842880641894537e-05,2.461174190952549e-05,False
AOI-01,landsat,2024,2y_vs_3y,1.5741736864873894e-05,1.8535161464765415e-05,False
AOI-01,landsat,2025,1y_vs_2y,8.972865900384038e-06,5.558648388053625e-06,False
AOI-01,landsat,2025,1y_vs_3y,2.074563365622045e-05,1.0716896029460468e-05,False
AOI-01,landsat,2025,2y_vs_3y,1.1772767755836411e-05,5.158247641406842e-06,False
AOI-01,modis,2024,1y_vs_2y,-2.1760944662685023e-05,-1.724615164778201e-05,False
AOI-01,modis,2024,1y_vs_3y,1.5164467131642173e-05,1.118629718198893e-05,False
AOI-01,modis,2024,2y_vs_3y,3.692541179432719e-05,2.8432448829770935e-05,False
AOI-01,modis,2025,1y_vs_2y,2.991307772738953e-05,2.846786233290662e-05,False
AOI-01,modis,2025,1y_vs_3y,3.701490649663596e-05,3.3202662329268536e-05,False
AOI-01,modis,2025,2y_vs_3y,7.101828769246423e-06,4.7347999963619104e-06,False
AOI-01,sentinel2,2024,1y_vs_2y,-4.320316291068178e-05,-3.4022651115334916e-06,False
AOI-01,sentinel2,2024,1y_vs_3y,-6.551793847755493e-06,-1.4555787543923322e-06,False
AOI-01,sentinel2,2024,2y_vs_3y,3.665136906292629e-05,1.946686357141159e-06,False
AOI-01,sentinel2,2025,1y_vs_2y,1.6187448281870876e-05,1.724683233329768e-05,False
AOI-01,sentinel2,2025,1y_vs_3y,1.919041735893579e-05,2.7131032219935153e-05,False
AOI-01,sentinel2,2025,2y_vs_3y,3.0029690770649173e-06,9.884199886637472e-06,False
AOI-02,landsat,2024,1y_vs_2y,-0.0002206693921099,-0.0021549249934953,False
AOI-02,landsat,2024,1y_vs_3y,-0.0011470677905716,-0.0005681585637204,False
AOI-02,landsat,2024,2y_vs_3y,-0.0009263983984616,0.0015867664297749,True
AOI-02,landsat,2025,1y_vs_2y,-0.0041243923730948,-0.0027839275084825,False
AOI-02,landsat,2025,1y_vs_3y,0.0008976396559302,0.0017611019338749,False
AOI-02,landsat,2025,2y_vs_3y,0.005022032029025,0.0045450294423574,False
AOI-02,modis,2024,1y_vs_2y,0.0047229859821771,0.0099778043346874,False
AOI-02,modis,2024,1y_vs_3y,0.0049040696718765,0.0105291247862215,False
AOI-02,modis,2024,2y_vs_3y,0.0001810836896993,0.0005513204515341,False
AOI-02,modis,2025,1y_vs_2y,0.0036132957409357,0.0032042749695061,False
AOI-02,modis,2025,1y_vs_3y,0.002434111415897,0.0042914953509693,False
AOI-02,modis,2025,2y_vs_3y,-0.0011791843250387,0.0010872203814631,True
AOI-02,sentinel2,2024,1y_vs_2y,-0.0003622353976475,-0.00077921194539,False
AOI-02,sentinel2,2024,1y_vs_3y,0.0006246798424657,0.0035477962594719,False
AOI-02,sentinel2,2024,2y_vs_3y,0.0009869152401133,0.0043270082048619,False
AOI-02,sentinel2,2025,1y_vs_2y,-0.0003999518905303,0.0016190078408096,True
AOI-02,sentinel2,2025,1y_vs_3y,0.0003661807294784,0.0024201416878417,False
AOI-02,sentinel2,2025,2y_vs_3y,0.0007661326200088,0.000801133847032,False
AOI-03,landsat,2024,1y_vs_2y,0.0060858411174118,0.0042759475030834,False
AOI-03,landsat,2024,1y_vs_3y,0.0054896043425865,0.0048498168591073,False
AOI-03,landsat,2024,2y_vs_3y,-0.0005962367748253,0.0005738693560239,True
AOI-03,landsat,2025,1y_vs_2y,-0.0022318458622204,-0.0025914044063974,False
AOI-03,landsat,2025,1y_vs_3y,-0.0004889250407924,-0.0011448075628093,False
AOI-03,landsat,2025,2y_vs_3y,0.001742920821428,0.001446596843588,False
AOI-03,modis,2024,1y_vs_2y,0.0032573121426312,-0.0001438768074962,True
AOI-03,modis,2024,1y_vs_3y,0.0076544574984253,-0.0005902274005168,True
AOI-03,modis,2024,2y_vs_3y,0.004397145355794,-0.0004463505930205,True
AOI-03,modis,2025,1y_vs_2y,-0.0010383781321086,0.0003760747871238,True
AOI-03,modis,2025,1y_vs_3y,-0.001318260558585,0.0004557495321614,True
AOI-03,modis,2025,2y_vs_3y,-0.0002798824264764,7.967474503762203e-05,True
AOI-03,sentinel2,2024,1y_vs_2y,-6.146882767937111e-05,4.267309856508349e-05,True
AOI-03,sentinel2,2024,1y_vs_3y,-0.000304410234201,-0.000296494725426,False
AOI-03,sentinel2,2024,2y_vs_3y,-0.0002429414065217,-0.0003391678239911,False
AOI-03,sentinel2,2025,1y_vs_2y,0.0003023338938934,-0.0003113462327793,True
AOI-03,sentinel2,2025,1y_vs_3y,0.0003726183649329,-0.0001821029537023,True
AOI-03,sentinel2,2025,2y_vs_3y,7.028447103948596e-05,0.000129243279077,False
