AOI,sensor,window,primary_n,primary_RMSE,primary_MAE,primary_Bias,primary_R2,primary_Pearson_r,primary_slope,primary_intercept,sensitivity_n,sensitivity_RMSE,sensitivity_MAE,sensitivity_Bias,sensitivity_R2,sensitivity_Pearson_r,sensitivity_slope,sensitivity_intercept,primary_matched_n,primary_matched_RMSE,primary_matched_MAE,primary_matched_Bias,primary_matched_R2,primary_matched_Pearson_r,primary_matched_slope,primary_matched_intercept,sensitivity_matched_n,sensitivity_matched_RMSE,sensitivity_matched_MAE,sensitivity_matched_Bias,sensitivity_matched_R2,sensitivity_matched_Pearson_r,sensitivity_matched_slope,sensitivity_matched_intercept,matched_n,retention_fraction,delta_RMSE_operational,delta_RMSE_matched,delta_MAE_operational,delta_MAE_matched,delta_Bias_operational,delta_Bias_matched,delta_slope_operational,delta_slope_matched,delta_intercept_operational,delta_intercept_matched
AOI-00,landsat,W2022,20251,0.0486036339771582,0.0390026305283235,-0.0085820355760818,0.7553387468902046,0.875300807162066,0.9135300192938256,-0.04315557405183,20017,0.0492297588303295,0.0403013681922729,-0.0010518259242066,0.7405386596973291,0.8607811944412894,0.8526824043574972,0.0112521635751087,20017,0.0478815754626884,0.0387659922071513,-0.0015231374536982,0.7545550482122758,0.8709496879560632,0.9140471829239694,-0.0363858514288211,20017,0.0492297588303295,0.0403013681922729,-0.0010518259242066,0.7405386596973291,0.8607811944412894,0.8526824043574972,0.0112521635751087,20017,0.9884450150609846,0.0006261248531712962,0.001348183367641101,0.0012987376639494036,0.001535375985121601,0.0075302096518752,0.00047131152949159995,-0.0608476149363284,-0.061364778566472156,0.0544077376269387,0.0476380150039298
AOI-00,landsat,W2023,20251,0.0476226610050057,0.0388853851637769,-0.003141279440335,0.7651151369039468,0.8753008071620674,0.8544793879372266,0.0011015203776342,20017,0.0500402703789647,0.0408831384432917,-0.0088321794688838,0.7319248633892765,0.8607811944412886,0.8613305584425672,-0.0021525533660406,20017,0.0475372634754631,0.0388293118993302,-0.0019929067808683,0.7580723004240353,0.8709496879560626,0.8613305584425657,-0.0021525533660397,20017,0.0500402703789647,0.0408831384432917,-0.0088321794688838,0.7319248633892765,0.8607811944412886,0.8613305584425672,-0.0021525533660406,20017,0.9884450150609846,0.002417609373958997,0.002503006903501595,0.001997753279514798,0.0020538265439615025,-0.005690900028548801,-0.006839272688015501,0.006851170505340676,1.5543122344752192e-15,-0.0032540737436748002,-8.998878031629687e-16
AOI-00,landsat,W2024,20251,0.0545914869893199,0.0434553527861851,-0.0266209590273057,0.6913419838552175,0.8753008071620639,0.8213424255681432,-0.0005959104544164,20017,0.0564420936508308,0.0458712970417949,-0.0272877164921305,0.6589457461127983,0.8607811944412875,0.7898189829121377,0.0258997636430273,20017,0.0545190651562544,0.0433690072009969,-0.0266215311902341,0.6817898403881015,0.8709496879560623,0.8247297840292268,-0.0026870868982747,20017,0.0564420936508308,0.0458712970417949,-0.0272877164921305,0.6589457461127983,0.8607811944412875,0.7898189829121377,0.0258997636430273,20017,0.9884450150609846,0.0018506066615108993,0.001923028494576401,0.0024159442556098004,0.0025022898407979985,-0.0006667574648248006,-0.0006661853018963999,-0.031523442656005485,-0.03491080111708911,0.0264956740974437,0.028586850541302
AOI-00,landsat,W2022_2023,20251,0.0479784784390302,0.0388599027272407,-0.0060176456687356,0.761592093412617,0.8753008071620674,0.8860855093515934,-0.0225508117090089,20017,0.0494710693808697,0.0405291375754565,-0.0050750157569322,0.7379888113696362,0.8607811944412872,0.8498933218618941,0.0090428652785078,20017,0.047648546698748,0.0387575242093318,-0.0020888716509322,0.7569382845134918,0.8709496879560621,0.8872239938178333,-0.0192940260170931,20017,0.0494710693808697,0.0405291375754565,-0.0050750157569322,0.7379888113696362,0.8607811944412872,0.8498933218618941,0.0090428652785078,20017,0.9884450150609846,0.0014925909418395042,0.0018225226821217064,0.0016692348482158018,0.0017716133661246983,0.0009426299118034005,-0.0029861441059999996,-0.03619218748969921,-0.0373306719559392,0.0315936769875167,0.0283368912956009
AOI-00,landsat,W2023_2024,20251,0.0499264728445752,0.0402435700837246,-0.015152883361565,0.7418396842401008,0.8753008071620672,0.8355955161455593,0.0015030395496026,20017,0.0530310819217106,0.0432492653225373,-0.0197504641536073,0.6989225592062891,0.8607811944412884,0.8205371652514329,0.0134593168499455,20017,0.0503948902360802,0.0405140239103064,-0.01677724731718,0.7281118698479166,0.8709496879560615,0.8368114827028112,-0.0007961196000023,20017,0.0530310819217106,0.0432492653225373,-0.0197504641536073,0.6989225592062891,0.8607811944412884,0.8205371652514329,0.0134593168499455,20017,0.9884450150609846,0.0031046090771353965,0.0026361916856303957,0.0030056952388126945,0.0027352414122308946,-0.0045975807920422985,-0.0029732168364272997,-0.015058350894126327,-0.016274317451378306,0.0119562773003429,0.0142554364499478
AOI-00,landsat,W2022_2024,20251,0.0494157986509318,0.0398007839971875,-0.0135648317347084,0.7470938734763888,0.875300807162066,0.8574769860461495,-0.0112924728687063,20017,0.0514311399500868,0.042138244427321,-0.0148883960426229,0.7168154590562494,0.8607811944412878,0.8168401225831681,0.0207257722156022,20017,0.0492347512843823,0.0397286968505663,-0.0129878029039112,0.7404860324030976,0.8709496879560616,0.8511369229484604,-0.0064370346440402,20017,0.0514311399500868,0.042138244427321,-0.0148883960426229,0.7168154590562494,0.8607811944412878,0.8168401225831681,0.0207257722156022,20017,0.9884450150609846,0.002015341299155003,0.002196388665704499,0.0023374604301335047,0.0024095475767547045,-0.0013235643079145005,-0.0019005931387116991,-0.040636863462981454,-0.03429680036529237,0.0320182450843085,0.0271628068596424
AOI-00,modis,W2022,20256,0.0388981351378991,0.0308910183336295,-0.001436257074586,0.8441264220036429,0.9189381442753436,1.0173301013686742,-0.1292712163021439,18641,0.0428567236749459,0.0330049589599437,-0.0094164417593354,0.8074222535834166,0.9039491553791996,0.994945341615072,-0.1226903976216673,18641,0.0397442349040179,0.0312346831576246,-0.0066049289948469,0.8343786011268833,0.9164303457763628,1.0408087769520054,-0.1498354868010443,18641,0.0428567236749459,0.0330049589599437,-0.0094164417593354,0.8074222535834166,0.9039491553791996,0.994945341615072,-0.1226903976216673,18641,0.9202705371248026,0.003958588537046795,0.0031124887709279986,0.0021139406263142035,0.0017702758023191018,-0.007980184684749399,-0.0028115127644885,-0.022384759753602212,-0.04586343533693338,0.006580818680476594,0.02714508917937701
AOI-00,modis,W2023,20256,0.038945820560779,0.0311352127045507,0.0005907677546352,0.8437440153165496,0.9189381442753428,0.977655307475334,-0.100192734703512,18641,0.0418347022994977,0.0329651744131916,-0.0005316982009135,0.8164976915126667,0.9039382033914638,0.9473292618979152,-0.0814248949855989,18641,0.0391964598623712,0.0313327457089173,0.0001730976160664,0.838912495011925,0.9164204100718234,0.9746527911216444,-0.098147164634848,18641,0.0418347022994977,0.0329651744131916,-0.0005316982009135,0.8164976915126667,0.9039382033914638,0.9473292618979152,-0.0814248949855989,18641,0.9202705371248026,0.0028888817387187,0.0026382424371265006,0.0018299617086408974,0.0016324287042742969,-0.0011224659555487,-0.0007047958169799,-0.030326045577418803,-0.02732352922372916,0.0187678397179131,0.016722269649249097
AOI-00,modis,W2024,20256,0.0432278793099662,0.0336620010550069,-0.0178830782652511,0.8074946500900887,0.918938144275343,0.9366411712572598,-0.0907019204451208,18641,0.0444963977992049,0.0342448811228304,-0.0127998791318279,0.7924045289014423,0.9039382033914616,0.879818584535097,-0.0477849358123972,18641,0.0447127212634664,0.0347966338612722,-0.0206222912777597,0.7903811321593328,0.9164204100718232,0.9312146601959904,-0.0894554582222545,18641,0.0444963977992049,0.0342448811228304,-0.0127998791318279,0.7924045289014423,0.9039382033914616,0.879818584535097,-0.0477849358123972,18641,0.9202705371248026,0.0012685184892386944,-0.00021632346426150167,0.0005828800678235047,-0.0005517527384417964,0.0050831991334232,0.007822412145931802,-0.05682258672216278,-0.05139607566089344,0.04291698463272361,0.041670522409857295
AOI-00,modis,W2022_2023,20256,0.0388677931786501,0.030956751110787,-0.000584499604653,0.8443695012741552,0.9189381442753438,0.9987877562275846,-0.1157767353605744,18641,0.0419312262114272,0.0327474991523431,-0.003707723400219,0.8156499362626483,0.9039382033914624,0.9693154995005444,-0.0995518481810702,18641,0.0391599135678825,0.0310887994388094,-0.0023774177276433,0.8392127469664552,0.9164204100718228,1.002802294862217,-0.1198064004031853,18641,0.0419312262114272,0.0327474991523431,-0.003707723400219,0.8156499362626483,0.9039382033914624,0.9693154995005444,-0.0995518481810702,18641,0.9202705371248026,0.003063433032777098,0.0027713126435446947,0.001790748041556104,0.001658699713533704,-0.003123223795566,-0.0013303056725757,-0.029472256727040236,-0.03348679536167265,0.016224887179504197,0.0202545522221151
AOI-00,modis,W2023_2024,20256,0.0400221940366738,0.0314987315064868,-0.0085921556943929,0.8349875435965004,0.9189381442753424,0.958794174558208,-0.0965155756754545,18641,0.0423814986103728,0.0330424066343567,-0.0055904452425919,0.8116694455252969,0.9039382033914632,0.9231765083984462,-0.0700594549969086,18641,0.0403352986023342,0.0317362395475535,-0.0089799702529822,0.8294158329599023,0.9164204100718226,0.9592098114556422,-0.0968170785669584,18641,0.0423814986103728,0.0330424066343567,-0.0055904452425919,0.8116694455252969,0.9039382033914632,0.9231765083984462,-0.0700594549969086,18641,0.9202705371248026,0.0023593045736989976,0.0020462000080385956,0.0015436751278699035,0.0013061670868032005,0.0030017104518009997,0.0033895250103902997,-0.03561766615976181,-0.03603330305719599,0.0264561206785459,0.026757623570049793
AOI-00,modis,W2022_2024,20256,0.0395079324646098,0.0311795790203667,-0.0065798299092691,0.8392009241772134,0.9189381442753416,0.9752383787223315,-0.1057153983201129,18641,0.0423813599278264,0.0329399323498866,-0.0065957525893229,0.811670678049817,0.903938203391462,0.9413932783163944,-0.0834524032073679,18641,0.0401299951123111,0.0315565053919577,-0.0087145965590294,0.8311479335093583,0.9164204100718236,0.978420488071424,-0.1095924835667274,18641,0.0423813599278264,0.0329399323498866,-0.0065957525893229,0.811670678049817,0.903938203391462,0.9413932783163944,-0.0834524032073679,18641,0.9202705371248026,0.002873427463216602,0.0022513648155153,0.0017603533295198967,0.001383426957928896,-1.592268005380041e-05,0.0021188439697065005,-0.033845100405937134,-0.0370272097550296,0.022262995112745,0.02614008035935951
AOI-00,sentinel2,W2022,19233,0.0630834398164498,0.0511500297482146,-0.0248776567617562,0.5854783780909002,0.8066320310505886,0.6763205577731803,0.129900026751047,12809,0.0727859818139534,0.0597696586373336,-0.0320900111554334,0.4714880048218224,0.7579114802276049,0.5975452728285868,0.1839039168491139,12809,0.0657128764796083,0.0544634242185875,-0.0283871684938057,0.5692152548999296,0.8064575898009937,0.6404465942366467,0.150984549040561,12809,0.0727859818139534,0.0597696586373336,-0.0320900111554334,0.4714880048218224,0.7579114802276049,0.5975452728285868,0.1839039168491139,12809,0.6659907450735715,0.009702541997503603,0.007073105334345103,0.008619628889118998,0.0053062344187461,-0.007212354393677196,-0.0037028426616276984,-0.07877528494459352,-0.04290132140805991,0.05400389009806689,0.032919367808552896
AOI-00,sentinel2,W2023,19233,0.0635078202004074,0.0512761884867122,-0.0252877960974007,0.5798824067749908,0.8066455321378111,0.707277333121073,0.1106327498096276,12809,0.0764232508466077,0.0625182505991173,-0.0380818853922085,0.4173464801933024,0.7579801645602897,0.6734580700077741,0.1333545988857463,12809,0.0654444027162737,0.0539447161556962,-0.0275611594939938,0.5727280563935966,0.8064819225625341,0.6992721558332868,0.1162379140169003,12809,0.0764232508466077,0.0625182505991173,-0.0380818853922085,0.4173464801933024,0.7579801645602897,0.6734580700077741,0.1333545988857463,12809,0.6659907450735715,0.012915430646200293,0.010978848130333993,0.011242062112405096,0.008573534443421092,-0.012794089294807798,-0.010520725898214699,-0.03381926311329886,-0.0258140858255127,0.022721849076118697,0.017116684868846002
AOI-00,sentinel2,W2024,19233,0.0657804286961394,0.0536638642768462,-0.0301752875949149,0.5492768605473173,0.8066261669952048,0.5891133459720407,0.1777208634126911,12809,0.0798319825140218,0.0662292313325491,-0.0458787664269048,0.364210738573093,0.7578994922621423,0.5747983935698915,0.1834641367347267,12809,0.0693035233293397,0.0576113756514309,-0.0348136905596849,0.520851659876744,0.8064575898009934,0.5869177021573005,0.1769257674126263,12809,0.0798319825140218,0.0662292313325491,-0.0458787664269048,0.364210738573093,0.7578994922621423,0.5747983935698915,0.1834641367347267,12809,0.6659907450735715,0.014051553817882395,0.010528459184682093,0.012565367055702902,0.008617855681118197,-0.015703478831989897,-0.0110650758672199,-0.014314952402149195,-0.012119308587409061,0.005743273322035586,0.00653836932210039
AOI-00,sentinel2,W2022_2023,19233,0.0631696009273403,0.0511104321399925,-0.0248048381325324,0.5843452745618674,0.8066397841245443,0.6930856764475416,0.1197604872931187,12809,0.0748030360390739,0.0612845656492012,-0.0355455908798914,0.4417897468291138,0.7579687421506721,0.6499712055659811,0.1496767472984079,12809,0.0652784831162656,0.0539043840101556,-0.0274004769678381,0.5748918143517232,0.8064714840892548,0.6835517013062149,0.1259054151849636,12809,0.0748030360390739,0.0612845656492012,-0.0355455908798914,0.4417897468291138,0.7579687421506721,0.6499712055659811,0.1496767472984079,12809,0.6659907450735715,0.011633435111733606,0.009524552922808294,0.010174133509208698,0.007380181639045601,-0.010740752747358997,-0.008145113912053296,-0.04311447088156051,-0.03358049574023381,0.029916260005289214,0.023771332113444316
AOI-00,sentinel2,W2023_2024,19233,0.0636924625340405,0.0517376722639086,-0.0265058849489071,0.5774359597685467,0.8066261669952032,0.6589835714426353,0.138832235498326,12809,0.0770719252230506,0.0633704849612775,-0.0402972454217138,0.4074134710845062,0.7579674240266432,0.6419852770970093,0.1496116379591073,12809,0.0660589946920462,0.0546820665332881,-0.0293105438369862,0.5646653059445994,0.8064575898009932,0.6617374084268253,0.1371870879345237,12809,0.0770719252230506,0.0633704849612775,-0.0402972454217138,0.4074134710845062,0.7579674240266432,0.6419852770970093,0.1496116379591073,12809,0.6659907450735715,0.013379462689010108,0.011012930531004411,0.011632812697368905,0.008688418427989404,-0.013791360472806699,-0.010986701584727598,-0.016998294345626053,-0.019752131329816014,0.010779402460781323,0.01242455002458362
AOI-00,sentinel2,W2022_2024,19233,0.0635190706274575,0.0515710545134839,-0.0260677225284827,0.5797335457065202,0.8066261669952041,0.6639249242787757,0.1362606145153957,12809,0.0759227317183154,0.0624263001271205,-0.0382905963255622,0.4249534386598284,0.7579578034819726,0.6309323729346593,0.1581060285129427,12809,0.065942539370224,0.054601719457529,-0.0290392735737895,0.5661988550170851,0.8064575898009925,0.6574934449657039,0.140024589300245,12809,0.0759227317183154,0.0624263001271205,-0.0382905963255622,0.4249534386598284,0.7579578034819726,0.6309323729346593,0.1581060285129427,12809,0.6659907450735715,0.012403661090857901,0.009980192348091402,0.0108552456136366,0.007824580669591498,-0.012222873797079498,-0.009251322751772699,-0.03299255134411638,-0.02656107203104463,0.021845413997546997,0.018081439212697697
AOI-01,landsat,W2022,14738,0.0013951280046526,0.0005133119633503,-2.6646491557405347e-05,0.3335706616250535,0.6635350736346466,0.0880375779596922,-0.0046682387840633,9601,0.0012424284297672,0.0005031351925982,5.742505955217569e-05,0.3999511273373355,0.7203625341946122,0.08433016624625,-0.0043819013137131,9601,0.0012032481189989,0.0004979752742595,7.879918695190871e-05,0.4371997963243885,0.7344642965527511,0.0947369577144108,-0.0049867592409211,9601,0.0012424284297672,0.0005031351925982,5.742505955217569e-05,0.3999511273373355,0.7203625341946122,0.08433016624625,-0.0043819013137131,9601,0.6514452435880038,-0.00015269957488539998,3.918031076829997e-05,-1.0176770752100034e-05,5.159918338700029e-06,8.407155110958104e-05,-2.1374127399733018e-05,-0.003707411713442202,-0.0104067914681608,0.0002863374703502,0.0006048579272079999
AOI-01,landsat,W2023,14738,0.0013556186888521,0.0006013871447245,0.0001330803360065,0.3707820696504035,0.6489570632237263,0.1095402120280271,-0.005685602641599,9601,0.0012098680224037,0.000557630174531,0.0001593946556148,0.4309900517005192,0.7134506875280094,0.0994232599591229,-0.0051166972303759,9601,0.0011863664682869,0.0005566421014765,0.0001785642316341,0.4528812613616898,0.7242498455690726,0.1061676874261413,-0.0055095229378458,9601,0.0012098680224037,0.000557630174531,0.0001593946556148,0.4309900517005192,0.7134506875280094,0.0994232599591229,-0.0051166972303759,9601,0.6514452435880038,-0.00014575066644839998,2.350155411679996e-05,-4.375697019349991e-05,9.880730545000016e-07,2.6314319608300023e-05,-1.91695760193e-05,-0.0101169520689042,-0.0067444274670183935,0.0005689054112231005,0.00039282570746990066
AOI-01,landsat,W2024,14738,0.0013752216480642,0.0006170496079467,0.0001349960854972,0.3524528514911028,0.6404183852649107,0.1008082587428436,-0.0051651411704176,9601,0.0012350993319251,0.0005652125927523,0.0001485423577904,0.4070096353521019,0.7054465839794869,0.0903293640169575,-0.0045959835248868,9601,0.0012001021052102,0.0005318088431598,0.000128988306282,0.4401389449449184,0.7264280258241015,0.0980351747807159,-0.0051031398846483,9601,0.0012350993319251,0.0005652125927523,0.0001485423577904,0.4070096353521019,0.7054465839794869,0.0903293640169575,-0.0045959835248868,9601,0.6514452435880038,-0.00014012231613910004,3.4997226714900045e-05,-5.183701519439999e-05,3.3403749592499934e-05,1.35462722932e-05,1.95540515084e-05,-0.010478894725886104,-0.007705810763758397,0.0005691576455307996,0.0005071563597615
AOI-01,landsat,W2022_2023,14738,0.0013713010198709,0.0005540147435389,4.798856368002982e-05,0.3561397810590151,0.6558753778521125,0.0982333219489715,-0.005151154769054,9601,0.0012197323830697,0.0005359453060655,0.000119446646195,0.421673661771451,0.7160638775658889,0.0936881738006664,-0.0048392043090577,9601,0.0011897385052335,0.0005332839930409,0.0001401735525113,0.449766664720935,0.728199029229375,0.102154150765038,-0.0053307772552853,9601,0.0012197323830697,0.0005359453060655,0.000119446646195,0.421673661771451,0.7160638775658889,0.0936881738006664,-0.0048392043090577,9601,0.6514452435880038,-0.00015156863680120002,2.9993877836199858e-05,-1.806943747339996e-05,2.661313024599995e-06,7.145808251497018e-05,-2.0726906316300008e-05,-0.004545148148305103,-0.00846597696437161,0.0003119504599962998,0.0004915729462275998
AOI-01,landsat,W2023_2024,14738,0.0013650952252453,0.000609735217302,0.0001351132243413,0.3619541472415132,0.6447416215787831,0.1053281495021411,-0.0054324123623114,9601,0.0012197222847369,0.0005606587153263,0.000155080683469,0.4216832378190176,0.7103775184797825,0.0957831525544123,-0.0049079845901227,9601,0.0011912512338369,0.0005454480392644,0.0001568659178204,0.4483665539206619,0.7253228767299523,0.1027739267417286,-0.005341488255316,9601,0.0012197222847369,0.0005606587153263,0.000155080683469,0.4216832378190176,0.7103775184797825,0.0957831525544123,-0.0049079845901227,9601,0.6514452435880038,-0.00014537294050840006,2.8471050899999892e-05,-4.907650197569994e-05,1.5210676061900024e-05,1.996745912769999e-05,-1.785234351399991e-06,-0.009544996947728798,-0.006990774187316293,0.0005244277721887002,0.00043350366519330063
AOI-01,landsat,W2022_2024,14738,0.0013724223382514,0.0005738149403587,7.480297583573888e-05,0.3550863763471589,0.6505171709492424,0.0986989982091235,-0.0051348132014611,9601,0.0012242071713751,0.0005445588729091,0.0001280504410593,0.4174225079664491,0.712916071686131,0.0926895168702124,-0.0047665717799453,9601,0.0011928478935703,0.0005324806194597,0.0001362365282503,0.4468868305104131,0.7277454770254972,0.1008609592840067,-0.0052599606292766,9601,0.0012242071713751,0.0005445588729091,0.0001280504410593,0.4174225079664491,0.712916071686131,0.0926895168702124,-0.0047665717799453,9601,0.6514452435880038,-0.00014821516687630004,3.1359277804800115e-05,-2.9256067449600015e-05,1.2078253449400033e-05,5.324746522356112e-05,-8.186087191000004e-06,-0.006009481338911105,-0.008171442413794291,0.00036824142151579975,0.0004933888493312997
AOI-01,modis,W2022,19878,0.0013974994908815,0.0005742492357957,0.000156116145249,0.3569199582033443,0.6717992420444419,0.0956840411553286,-0.0052895165780591,19714,0.0014037569395782,0.0005410276030743,9.589164980583136e-05,0.3407307982564471,0.6654250687974319,0.0850845063686924,-0.0047054379780037,19714,0.0013827106643184,0.0005721136404526,0.0001592946180584,0.3603512137355998,0.6723048553388795,0.0966738438452286,-0.0053462292774283,19714,0.0014037569395782,0.0005410276030743,9.589164980583136e-05,0.3407307982564471,0.6654250687974319,0.0850845063686924,-0.0047054379780037,19714,0.9917496730053326,6.257448696699985e-06,2.1046275259799805e-05,-3.322163272139996e-05,-3.108603737829994e-05,-6.022449544316865e-05,-6.340296825256863e-05,-0.010599534786636194,-0.011589337476536204,0.0005840786000553995,0.0006407912994245996
AOI-01,modis,W2023,19878,0.0014177528791645,0.0005203806900668,6.465544643525729e-05,0.3381450969537696,0.6830310593402389,0.0849947999759786,-0.0047553771080641,19714,0.0014088676538546,0.0004990877590444,3.539408937355919e-05,0.3359216039213991,0.6796639317879669,0.0818142507972776,-0.0045980798463686,19714,0.0013889924976338,0.0005209595588605,8.179544320937903e-05,0.3545259971001278,0.6863860692071108,0.0907488985147827,-0.005094112047038,19714,0.0014088676538546,0.0004990877590444,3.539408937355919e-05,0.3359216039213991,0.6796639317879669,0.0818142507972776,-0.0045980798463686,19714,0.9917496730053326,-8.885225309900003e-06,1.9875156220800112e-05,-2.129293102240003e-05,-2.1871799816099982e-05,-2.9261357061698096e-05,-4.6401353835819834e-05,-0.003180549178701003,-0.008934647717505101,0.00015729726169550016,0.0004960322006693999
AOI-01,modis,W2024,19878,0.0015301914218663,0.0004728336436292,-7.073827276235444e-05,0.2290020191971791,0.6684975744159392,0.0511098817215989,-0.0028150944328324,19714,0.0015115023429366,0.0004756763433514,-6.218584233705868e-05,0.2356423707434934,0.6575709350028794,0.0512280393992202,-0.0028064612349404,19714,0.0014710862464752,0.0004763422597493,-3.411448779207706e-05,0.2759722268775306,0.6818175818012645,0.0638174420311025,-0.0035654022941035,19714,0.0015115023429366,0.0004756763433514,-6.218584233705868e-05,0.2356423707434934,0.6575709350028794,0.0512280393992202,-0.0028064612349404,19714,0.9917496730053326,-1.8689078929699917e-05,4.04160964614e-05,2.8426997222000196e-06,-6.659163979000089e-07,8.552430425295756e-06,-2.807135454498162e-05,0.00011815767762130003,-0.012589402631882296,8.63319789199974e-06,0.0007589410591630997
AOI-01,modis,W2022_2023,19878,0.0014088636621423,0.0005436925003089,0.0001032394336561,0.3464186512238266,0.6773116880380224,0.0891504755802703,-0.004957849780149,19714,0.0014073432227546,0.0005183907871877,6.230365546306616e-05,0.3373579263000901,0.6722940262195224,0.082848814972403,-0.0046182593517428,19714,0.0013867897848517,0.0005440488700798,0.0001155672694918,0.356571604220389,0.6791224650211667,0.0928378262281159,-0.0051719883241891,19714,0.0014073432227546,0.0005183907871877,6.230365546306616e-05,0.3373579263000901,0.6722940262195224,0.082848814972403,-0.0046182593517428,19714,0.9917496730053326,-1.5204393876999157e-06,2.0553437902900117e-05,-2.5301713121200038e-05,-2.5658082892099994e-05,-4.093577819303383e-05,-5.326361402873383e-05,-0.006301660607867299,-0.009989011255712901,0.00033959042840620013,0.0005537289724462996
AOI-01,modis,W2023_2024,19878,0.0014734826564928,0.0004930812955601,-1.0024037016673304e-05,0.2850893423852669,0.6778159407140044,0.0668775275409987,-0.0037212072302103,19714,0.0014605660351389,0.0004862206811799,-1.6969499692965838e-05,0.2862907104643526,0.6699813784261468,0.0654850316583946,-0.0036407426776133,19714,0.0014282659814937,0.0004964454574425,1.9971609929313797e-05,0.3175086681525942,0.6850517491380265,0.0767913392058189,-0.0043046941636647,19714,0.0014605660351389,0.0004862206811799,-1.6969499692965838e-05,0.2862907104643526,0.6699813784261468,0.0654850316583946,-0.0036407426776133,19714,0.9917496730053326,-1.2916621353899942e-05,3.230005364519991e-05,-6.860614380199952e-06,-1.0224776262599965e-05,-6.945462676292534e-06,-3.6941109622279635e-05,-0.0013924958826040945,-0.011306307547424302,8.046455259699999e-05,0.0006639514860514004
AOI-01,modis,W2022_2024,19878,0.0014507230444003,0.0005119764291834,2.9472812236953387e-05,0.3070039899124258,0.6763311041706928,0.0739452694694675,-0.0041079391256634,19714,0.0014436509254424,0.0004999696919478,1.1816095187176434e-05,0.3027262070806158,0.6687899265588954,0.0706107227935935,-0.0039203365668231,19714,0.0014144478595565,0.0005158895773286,5.5339450569689645e-05,0.3306506577831304,0.680827455963828,0.0816788995836632,-0.0045585470346912,19714,0.0014436509254424,0.0004999696919478,1.1816095187176434e-05,0.3027262070806158,0.6687899265588954,0.0706107227935935,-0.0039203365668231,19714,0.9917496730053326,-7.072118957900065e-06,2.9203065885899816e-05,-1.2006737235599994e-05,-1.5919885380800015e-05,-1.765671704977695e-05,-4.352335538251321e-05,-0.0033345466758740033,-0.011068176790069703,0.00018760255884030068,0.0006382104678681003
AOI-01,sentinel2,W2022,19878,0.001324261768048,0.0003503229565036,-0.0001709651314889,0.4225566335891377,0.8388369819179768,0.073623000758823,-0.0021717558867151,19409,0.0013356244417826,0.0002990082224308,-0.0002150939735895,0.4012298254677032,0.8399322368496508,0.0773033446520107,-0.0025394257306161,19409,0.0012643381334472,0.0003125143218426,-0.0001661015977997,0.4634404648390513,0.8489222424866206,0.0828624580285343,-0.0025532985254751,19409,0.0013356244417826,0.0002990082224308,-0.0002150939735895,0.4012298254677032,0.8399322368496508,0.0773033446520107,-0.0025394257306161,19409,0.9764060770701278,1.1362673734600015e-05,7.128630833540001e-05,-5.13147340728e-05,-1.3506099411800016e-05,-4.4128842100599994e-05,-4.89923757898e-05,0.003680343893187707,-0.0055591133765235945,-0.000367669843901,1.3872794859000077e-05
AOI-01,sentinel2,W2023,19878,0.0013406903172037,0.000316081907719,-0.0002254337082259,0.4081404491105725,0.8477522178176599,0.0761335147128928,-0.0024567962966337,19409,0.0013354750127916,0.0002968420766248,-0.0002184730476986,0.4013637981850003,0.8398846313982713,0.0780082603585306,-0.0025849262746615,19409,0.0013158550916978,0.0002911847558153,-0.0002177452209811,0.4188241304099159,0.852594101785976,0.0780082603585306,-0.0025849262746615,19409,0.0013354750127916,0.0002968420766248,-0.0002184730476986,0.4013637981850003,0.8398846313982713,0.0780082603585306,-0.0025849262746615,19409,0.9764060770701278,-5.215304412099948e-06,1.961992109379999e-05,-1.923983109420002e-05,5.657320809500008e-06,6.960660527300012e-06,-7.278267174999945e-07,0.0018747456456378042,0.0,-0.00012812997802780007,0.0
AOI-01,sentinel2,W2024,19878,0.0013951338201383,0.0003259507115386,-0.0002328025825148,0.3590953121375849,0.8470703341120515,0.0644525053410461,-0.002034170005547,19409,0.0014091877610971,0.0003313765039227,-0.0001974692435317,0.3334554699433572,0.82993450311845,0.0578036248250789,-0.0017254168767995,19409,0.0013656925440447,0.0003091349297316,-0.0002102648038286,0.3739668651439629,0.8509447043683604,0.0651604574670224,-0.0020460100811503,19409,0.0014091877610971,0.0003313765039227,-0.0001974692435317,0.3334554699433572,0.82993450311845,0.0578036248250789,-0.0017254168767995,19409,0.9764060770701278,1.4053940958800009e-05,4.3495217052399874e-05,5.425792384099995e-06,2.2241574191099987e-05,3.533333898310002e-05,1.279556029690001e-05,-0.006648880515967202,-0.007356832641943499,0.0003087531287475,0.00032059320435080005
AOI-01,sentinel2,W2022_2023,19878,0.0013385107182646,0.0003311674644508,-0.0002026646824135,0.4100632911333084,0.8451722141893854,0.0734493219968637,-0.0022645884969966,19409,0.001335780547216,0.0002980362334368,-0.000216685036802,0.4010898508804336,0.8399310431333413,0.0775695382600132,-0.0025580623026377,19409,0.0012916138371207,0.0003008732427931,-0.0001933458993654,0.4400402364769884,0.85198096513836,0.0797791244076268,-0.0025405177693824,19409,0.001335780547216,0.0002980362334368,-0.000216685036802,0.4010898508804336,0.8399310431333413,0.0775695382600132,-0.0025580623026377,19409,0.9764060770701278,-2.7301710486000302e-06,4.416671009529983e-05,-3.313123101400002e-05,-2.837009356299969e-06,-1.4020354388499996e-05,-2.3339137436599984e-05,0.004120216263149498,-0.0022095861476136014,-0.0002934738056411001,-1.7544533255299706e-05
AOI-01,sentinel2,W2023_2024,19878,0.0013658898120329,0.000320746589372,-0.0002287273757756,0.3856822753170371,0.8475791954719489,0.0706220390962005,-0.0022559056859421,19409,0.0013822239014969,0.0003160442621861,-0.0002079181406843,0.3587191951724442,0.8367532279597554,0.0648690621276529,-0.0020237845704211,19409,0.0013446013059972,0.0003013163854063,-0.000213460051215,0.3931539897737991,0.8524178508455749,0.0703625979431088,-0.0022604543343236,19409,0.0013822239014969,0.0003160442621861,-0.0002079181406843,0.3587191951724442,0.8367532279597554,0.0648690621276529,-0.0020237845704211,19409,0.9764060770701278,1.633408946400002e-05,3.7622595499700075e-05,-4.7023271858999925e-06,1.4727876779799991e-05,2.0809235091299994e-05,5.541910530699985e-06,-0.00575297696854761,-0.005493535815455905,0.00023212111552099995,0.00023666976390249997
AOI-01,sentinel2,W2022_2024,19878,0.0013568861977573,0.0003287746715037,-0.0002134852983773,0.3937544492492609,0.8460051752069516,0.0705736527026175,-0.002194677813068,19409,0.0013650495350562,0.0003098211827688,-0.0002102339775963,0.374556236696824,0.8385305762230606,0.06920884771339,-0.0021993962566781,19409,0.0013177024340521,0.0003036386787356,-0.0001996299855739,0.4171911474978135,0.8517265196800871,0.0745720560155815,-0.0023651593882318,19409,0.0013650495350562,0.0003098211827688,-0.0002102339775963,0.374556236696824,0.8385305762230606,0.06920884771339,-0.0021993962566781,19409,0.9764060770701278,8.163337298900016e-06,4.734710100409993e-05,-1.8953488734900037e-05,6.182504033199973e-06,3.251320781000002e-06,-1.0603992022399997e-05,-0.0013648049892275027,-0.005363208302191502,-4.7184436100999524e-06,0.00016576313155369999
AOI-02,landsat,W2022,7600,0.0564231055150082,0.043486605363749,0.0022533289255756,0.8639456084714267,0.9296188720290788,0.977813455251819,-0.0789307780039256,1735,0.0578903638243602,0.0446810797609554,0.0099514964340654,0.8760985081772599,0.9379718196852974,0.9636602169696928,-0.0693847971120795,1735,0.0560061172004847,0.0433039330745358,0.0101107196687098,0.8840328705155373,0.9423048807545296,0.9606899159551844,-0.0688440717394873,1735,0.0578903638243602,0.0446810797609554,0.0099514964340654,0.8760985081772599,0.9379718196852974,0.9636602169696928,-0.0693847971120795,1735,0.22828947368421051,0.0014672583093520014,0.001884246623875499,0.0011944743972064006,0.0013771466864196044,0.007698167508489801,-0.0001592232346443994,-0.014153238282126113,0.0029703010145084585,0.009545980891846106,-0.000540725372592199
AOI-02,landsat,W2023,7600,0.0622237891080278,0.0484373797049463,0.025358246386221,0.834532959139618,0.9296188720290792,1.0328370889095937,-0.0879505108267932,1735,0.0599049307984293,0.0461222857533128,0.0176682460558081,0.867324993028732,0.937971819685298,1.0008740019741795,-0.0827179734349379,1735,0.0563590198592078,0.0432898192041964,0.0110638018761378,0.8825668147384154,0.9423048995079124,1.0022940082381235,-0.0914805398128362,1735,0.0599049307984293,0.0461222857533128,0.0176682460558081,0.867324993028732,0.937971819685298,1.0008740019741795,-0.0827179734349379,1735,0.22828947368421051,-0.0023188583095984996,0.0035459109392214985,-0.0023150939516334984,0.002832466549116397,-0.007690000330412901,0.0066044441796703005,-0.031963086935414164,-0.001420006263944007,0.005232537391855294,0.008762566377898295
AOI-02,landsat,W2024,7600,0.0583223975344482,0.0448803572503994,0.0142643074248919,0.8546318277236518,0.9296188720290796,1.0145689898668873,-0.0883789183777191,1735,0.0603633392006119,0.0464362886847532,0.0185172141314255,0.8652866953465363,0.9379718196852976,1.0136239496999098,-0.0890809956309846,1735,0.0591689406077006,0.0455159800783931,0.0206257945591647,0.8705650487381777,0.94230488075453,1.0141287724911017,-0.0886288497828041,1735,0.0603633392006119,0.0464362886847532,0.0185172141314255,0.8652866953465363,0.9379718196852976,1.0136239496999098,-0.0890809956309846,1735,0.22828947368421051,0.002040941666163698,0.0011943985929112957,0.0015559314343537994,0.0009203086063600957,0.0042529067065336,-0.0021085804277392005,-0.0009450401669774955,-0.0005048227911919057,-0.0007020772532654873,-0.0004521458481804991
AOI-02,landsat,W2022_2023,7600,0.0571346197442864,0.0439498844080555,0.0091394576118681,0.8604925902778102,0.9296188720290792,0.9954864633534538,-0.082362746596592,1735,0.057445153399661,0.0443105776824502,0.0069461803464485,0.8779969284805731,0.937971819685298,0.96611322228071,-0.0737776522563229,1735,0.0553499029711411,0.042787237003942,0.0055288849626592,0.8867344846629909,0.9423048807545296,0.9634131442644708,-0.0749699779812192,1735,0.057445153399661,0.0443105776824502,0.0069461803464485,0.8779969284805731,0.937971819685298,0.96611322228071,-0.0737776522563229,1735,0.22828947368421051,0.0003105336553745966,0.0020952504285199,0.00036069327439469667,0.001523340678508199,-0.0021932772654196,0.0014172953837892997,-0.02937324107274386,0.0027000780162391713,0.008585094340269092,0.0011923257248962899
AOI-02,landsat,W2023_2024,7600,0.0621950237358768,0.0484491098669703,0.0256027326580251,0.8346859109573713,0.9296188720290792,1.024334153531635,-0.0827417245398514,1735,0.0622913612206142,0.048331183741156,0.0249972076531057,0.85654370169073,0.9379718196852976,0.9819108407963006,-0.0646625259824187,1735,0.0597774659131103,0.0463067481956668,0.0232806349048413,0.8678890004450327,0.94230488075453,0.9757823460320222,-0.0642315703663201,1735,0.0622913612206142,0.048331183741156,0.0249972076531057,0.85654370169073,0.9379718196852976,0.9819108407963006,-0.0646625259824187,1735,0.22828947368421051,9.633748473739795e-05,0.0025138953075038994,-0.00011792612581430079,0.0020244355454892005,-0.0006055250049194008,0.001716572748264398,-0.042423312735334395,0.006128494764278458,0.018079198557432702,-0.00043095561609859945
AOI-02,landsat,W2022_2024,7600,0.0574005936432642,0.0441981409076883,0.0107458090365366,0.8591906932319451,0.9296188720290786,0.9920488741735304,-0.0787494148457917,1735,0.0585893432074184,0.0452870003451738,0.0133811559851205,0.8730884241914783,0.9379718196852972,0.9600352665543724,-0.0639046893793587,1735,0.0566729302346013,0.0438771547904749,0.0131718537624178,0.8812550049470822,0.9423048807545296,0.9553551010505896,-0.0627580954706952,1735,0.0585893432074184,0.0452870003451738,0.0133811559851205,0.8730884241914783,0.9379718196852972,0.9600352665543724,-0.0639046893793587,1735,0.22828947368421051,0.0011887495641541984,0.001916412972817097,0.0010888594374854968,0.0014098455546988978,0.002635346948583899,0.00020930222270269978,-0.03201360761915795,0.004680165503782807,0.014844725466433006,-0.001146593908663493
AOI-02,modis,W2022,16568,0.0542100339992009,0.0425390992414672,0.0254507607189207,0.8962245981261968,0.958767551298315,1.0786818787665444,-0.1323418794515132,2190,0.0572061428477001,0.0433420255544829,0.0135768470479175,0.7549771974357876,0.8768581830923972,1.0139772723692282,-0.0965608755316641,2190,0.0502548073177781,0.0407968906938952,0.0323305675611141,0.8109065894767484,0.9430181727413954,1.0815071177706657,-0.1325309422416855,2190,0.0572061428477001,0.0433420255544829,0.0135768470479175,0.7549771974357876,0.8768581830923972,1.0139772723692282,-0.0965608755316641,2190,0.1321825205214872,0.002996108848499199,0.006951335529921998,0.000802926313015706,0.0025451348605877028,-0.0118739136710032,-0.018753720513196598,-0.06470460639731623,-0.06752984540143747,0.035781003919849105,0.035970066710021384
AOI-02,modis,W2023,16568,0.0481532800249521,0.0369956926189654,0.0029303274317861,0.9181183068195168,0.958805308505012,1.0997951923976506,-0.1675155461141249,2190,0.0569266511551095,0.0439691058069198,-0.0113949067370488,0.7573655614739481,0.8768579330350761,1.0508661202525462,-0.1450193247139268,2190,0.0391635345736377,0.0306444064910818,0.0073810539955693,0.8851621820197229,0.943019510012243,1.0617848922378972,-0.1447103038364199,2190,0.0569266511551095,0.0439691058069198,-0.0113949067370488,0.7573655614739481,0.8768579330350761,1.0508661202525462,-0.1450193247139268,2190,0.1321825205214872,0.0087733711301574,0.017763116581471804,0.0069734131879544,0.013324699315838004,-0.0143252341688349,-0.0187759607326181,-0.048929072145104335,-0.010918771985350961,0.02249622140019808,-0.0003090208775069214
AOI-02,modis,W2024,16568,0.0546623987120001,0.0429658917080637,0.0263947415740085,0.8944854294225392,0.9587673277944574,1.0791666078148947,-0.1316870762599913,2190,0.0645379145692177,0.0491772304027757,0.031245428378228,0.6881462101983714,0.8768581830923973,1.1023545865039992,-0.1351600240951951,2190,0.0516003672869039,0.0420754225674372,0.0343312195823995,0.8006451727203392,0.9430181727413952,1.0917610135675628,-0.1371699067142048,2190,0.0645379145692177,0.0491772304027757,0.031245428378228,0.6881462101983714,0.8768581830923973,1.1023545865039992,-0.1351600240951951,2190,0.1321825205214872,0.009875515857217604,0.012937547282313805,0.006211338694712,0.0071018078353384945,0.0048506868042195,-0.0030857912041715,0.023187978689104494,0.010593572936436368,-0.003472947835203799,0.0020098826190096952
AOI-02,modis,W2022_2023,16568,0.0511316663190923,0.0397297572374273,0.0180882356733452,0.907675926784101,0.958767541692796,1.0630927316723822,-0.1303987418442526,2190,0.0563666402504544,0.0427253206227319,0.00949228308474,0.7621158703397992,0.8768581830923973,1.007312870016364,-0.0964023733283025,2190,0.0470162522607701,0.037758515962046,0.0270469267068431,0.8344926876507212,0.9430181727413954,1.0644190578166963,-0.1267496993712916,2190,0.0563666402504544,0.0427253206227319,0.00949228308474,0.7621158703397992,0.8768581830923973,1.007312870016364,-0.0964023733283025,2190,0.1321825205214872,0.005234973931362102,0.009350387989684301,0.0029955633853046004,0.0049668046606859,-0.0085959525886052,-0.0175546436221031,-0.055779861656018115,-0.057106187800332275,0.0339963685159501,0.030347326042989106
AOI-02,modis,W2023_2024,16568,0.0512937233724461,0.0398099263374938,0.0184934461396666,0.9070897742762098,0.9587698393509936,1.0751804582260784,-0.1372108892267317,2190,0.0608018750003585,0.0457933684566834,0.0232255808831164,0.7232069922467852,0.8768581830923973,1.0855528539553627,-0.1324826088589052,2190,0.0483456216547605,0.0389729961365954,0.0292595852429055,0.8250010396718344,0.9430181727413957,1.0846448053097917,-0.1376336442447665,2190,0.0608018750003585,0.0457933684566834,0.0232255808831164,0.7232069922467852,0.8768581830923973,1.0855528539553627,-0.1324826088589052,2190,0.1321825205214872,0.009508151627912402,0.012456253345598002,0.005983442119189601,0.006820372320088003,0.004732134743449797,-0.0060340043597891,0.010372395729284278,0.0009080486455710357,0.004728280367826493,0.005151035385861313
AOI-02,modis,W2022_2024,16568,0.0523618717323295,0.0408374155591161,0.0213064041491022,0.9031799306167724,0.9587677386349794,1.071219151193047,-0.1320316438948811,2190,0.0594389686902229,0.0447826327526072,0.0203373600093379,0.7354768403889647,0.8768581830923973,1.0588626440950335,-0.1183778091375932,2190,0.0492525280750018,0.0398436642449452,0.0307506307231226,0.8183739136184682,0.9430181727413952,1.0812277915549615,-0.1339300093901778,2190,0.0594389686902229,0.0447826327526072,0.0203373600093379,0.7354768403889647,0.8768581830923973,1.0588626440950335,-0.1183778091375932,2190,0.1321825205214872,0.0070770969578934015,0.010186440615221101,0.003945217193491099,0.004938968507662005,-0.0009690441397642996,-0.0104132707137847,-0.012356507098013392,-0.022365147459928014,0.013653834757287889,0.015552200252584594
AOI-02,sentinel2,W2022,18534,0.0605503260563768,0.0467095002392066,-0.0160328108434913,0.8735199262236242,0.93941203928624,0.8720815584970307,0.0049346707807029,12637,0.0613619890964156,0.0471071563413775,-0.0144082256539491,0.8681801126134924,0.9356596147899816,0.8604729762540086,0.0144579728835448,12637,0.056420038705216,0.0438884549374168,-0.0117990067974595,0.8885580154228137,0.9452213084718082,0.869538679914865,0.0081416795052826,12637,0.0613619890964156,0.0471071563413775,-0.0144082256539491,0.8681801126134924,0.9356596147899816,0.8604729762540086,0.0144579728835448,12637,0.6818279917988561,0.0008116630400388028,0.004941950391199601,0.0003976561021708999,0.0032187014039607026,0.0016245851895421992,-0.0026092188564895997,-0.01160858224302208,-0.00906570366085635,0.009523302102841899,0.0063162933782622
AOI-02,sentinel2,W2023,18534,0.060507765973717,0.0470411949171734,0.0155901382746959,0.873697666325849,0.9394120392862392,0.8812162682571696,0.0317363714769487,12637,0.0608456171651324,0.0465503357464224,-0.0119974728539419,0.8703893528403873,0.935659614789982,0.8686193484654517,0.0126348930566834,12637,0.0555764287487096,0.0431848781519122,-0.0067042747563078,0.8918657305488296,0.9452213084718092,0.8645987702007649,0.0158277208319354,12637,0.0608456171651324,0.0465503357464224,-0.0119974728539419,0.8703893528403873,0.935659614789982,0.8686193484654517,0.0126348930566834,12637,0.6818279917988561,0.00033785119141539754,0.0052691884164228,-0.0004908591707509999,0.0033654575945102003,-0.0275876111286378,-0.0052931980976341,-0.012596919791717842,0.004020578264686825,-0.0191014784202653,-0.0031928277752519985
AOI-02,sentinel2,W2024,18534,0.058608124197518,0.0453224319548005,0.0053160967710665,0.881503702338176,0.9394120392862394,0.8588536494727442,0.0332651943615636,12637,0.0621643086972976,0.0481235771712585,0.0172218523825001,0.8647104367449556,0.935659614789983,0.845901107842799,0.0536613424800278,12637,0.0559458413560171,0.0434189817507169,0.0091449799260611,0.8904234312509584,0.945221308471809,0.8576427494281302,0.0353258683608308,12637,0.0621643086972976,0.0481235771712585,0.0172218523825001,0.8647104367449556,0.935659614789983,0.845901107842799,0.0536613424800278,12637,0.6818279917988561,0.0035561844997796035,0.006218467341280502,0.0028011452164580022,0.0047045954205416005,0.0119057556114336,0.008076872456439,-0.012952541629945191,-0.011741641585331197,0.0203961481184642,0.018335474119197004
AOI-02,sentinel2,W2022_2023,18534,0.0588541493339651,0.0452572767896126,-0.0071243354693103,0.8805067669281802,0.9394120392862396,0.8767085097180896,0.0114010673304122,12637,0.0612898797959522,0.0470029043621969,-0.014109088744176,0.8684897458201836,0.935659614789982,0.8634180279478205,0.0132265075049077,12637,0.0562538333327831,0.0437413139210519,-0.0109781608081515,0.8892136326473008,0.945221308471808,0.86939071303565,0.009040143906717,12637,0.0612898797959522,0.0470029043621969,-0.014109088744176,0.8684897458201836,0.935659614789982,0.8634180279478205,0.0132265075049077,12637,0.6818279917988561,0.0024357304619870984,0.005036046463169096,0.001745627572584306,0.003261590441145004,-0.0069847532748656994,-0.0031309279360244996,-0.013290481770269036,-0.0059726850878294435,0.001825440174495499,0.004186363598190699
AOI-02,sentinel2,W2023_2024,18534,0.058888992705033,0.0455779273302871,0.0078560887265058,0.8803652380953709,0.9394120392862396,0.861846901067456,0.0342253649645554,12637,0.0604646146401997,0.0465565864480172,0.0098124158794889,0.8720074603161226,0.9356596147899822,0.8552458693400452,0.0413952464615367,12637,0.0553986110357041,0.0429675613766177,0.0049614988403165,0.8925565783945173,0.945221308471808,0.861859465471298,0.0289304408895493,12637,0.0604646146401997,0.0465565864480172,0.0098124158794889,0.8720074603161226,0.9356596147899822,0.8552458693400452,0.0413952464615367,12637,0.6818279917988561,0.0015756219351667003,0.005066003604495599,0.0009786591177300963,0.0035890250713995,0.001956327152983099,0.004850917039172399,-0.006601031727410778,-0.006613596131252786,0.007169881496981299,0.0124648055719874
AOI-02,sentinel2,W2022_2024,18534,0.0584417571152951,0.0450129782798967,-0.0025459797177648,0.8821754830274435,0.9394120392862396,0.8715566589278798,0.0186985409460812,12637,0.0596448274340375,0.0456849593104843,-0.0001728020156,0.8754546117614118,0.9356596147899816,0.8651997216361405,0.0262368123764187,12637,0.0552171136804632,0.0427929336188581,-0.0021117695802869,0.8932594390738373,0.9452213084718089,0.8712666515540392,0.0169224813394575,12637,0.0596448274340375,0.0456849593104843,-0.0001728020156,0.8754546117614118,0.9356596147899816,0.8651997216361405,0.0262368123764187,12637,0.6818279917988561,0.001203070318742401,0.0044277137535743,0.0006719810305876039,0.0028920256916262,0.0023731777021648,0.0019389675646869,-0.006356937291739362,-0.0060669299178987,0.007538271430337501,0.0093143310369612
AOI-03,landsat,W2022,14402,0.0352532708179777,0.025386190696769,8.771279047055058e-05,0.8784288833879982,0.937320338978168,0.8794830332519278,-0.0769441523345696,9322,0.0367796409806039,0.0277418501410072,0.0074635677135337,0.861954340963434,0.9317552096621348,0.9030669043214218,-0.0791566421056328,9322,0.0359427689005886,0.026922885894453,0.006661071708074,0.8681649633493589,0.9344010534131628,0.9036296886741364,-0.0796001297531573,9322,0.0367796409806039,0.0277418501410072,0.0074635677135337,0.861954340963434,0.9317552096621348,0.9030669043214218,-0.0791566421056328,9322,0.6472712123316207,0.0015263701626261963,0.0008368720800153023,0.0023556594442382013,0.0008189642465542026,0.00737585492306315,0.0008024960054597002,0.023583871069494,-0.0005627843527146181,-0.0022124897710631974,0.00044348764752451253
AOI-03,landsat,W2023,14402,0.0423794086952989,0.0336081804478637,0.0220581421716106,0.8243123002170549,0.9371070493023296,0.9643769491644604,-0.0749491052862718,9322,0.0446983117999134,0.0362424439279888,0.0253838323646337,0.7961127704998615,0.9314587026513984,0.9512361900068828,-0.0726832183894967,9322,0.0438070502192759,0.0355243342893966,0.024879072210647,0.804162523450721,0.934119278441542,0.951243841264831,-0.0726713823095089,9322,0.0446983117999134,0.0362424439279888,0.0253838323646337,0.7961127704998615,0.9314587026513984,0.9512361900068828,-0.0726832183894967,9322,0.6472712123316207,0.0023189031046144948,0.0008912615806374938,0.002634263480125104,0.0007181096385922014,0.0033256901930231,0.0005047601539867018,-0.01314075915757762,-7.65125794821575e-06,0.0022658868967750934,-1.1836079987809223e-05
AOI-03,landsat,W2024,14402,0.0359616853412303,0.0269413358242545,0.0069854839562236,0.8734938483724931,0.937162382311951,0.8872859532100696,-0.071821972782521,9322,0.0378331345629376,0.0292759047753244,0.0116057585030791,0.8539328911020295,0.9315467673418728,0.889605834507951,-0.0717135485031507,9322,0.0369490181361243,0.028457633679274,0.0108471601664505,0.8606799609433109,0.9342089274563874,0.8905279008073241,-0.07220938026197,9322,0.0378331345629376,0.0292759047753244,0.0116057585030791,0.8539328911020295,0.9315467673418728,0.889605834507951,-0.0717135485031507,9322,0.6472712123316207,0.0018714492217072956,0.0008841164268132973,0.002334568951069902,0.0008182710960503992,0.0046202745468555,0.0007585983366285992,0.00231988129788141,-0.000922066299373081,0.00010842427937030052,0.0004958317588193012
AOI-03,landsat,W2022_2023,14402,0.0365314344673062,0.0274882000782446,0.009048717564997,0.8694535631114149,0.9372269641581712,0.919049435471816,-0.077295417037905,9322,0.039597871486759,0.0310130484849012,0.0158276274682825,0.8399884003757282,0.93158611572824,0.925638022220041,-0.0761437737119108,9322,0.0386750696726487,0.0302070126634943,0.0151597433062199,0.8473594252343726,0.9342385422568324,0.92560110962632,-0.0762969823028782,9322,0.039597871486759,0.0310130484849012,0.0158276274682825,0.8399884003757282,0.93158611572824,0.925638022220041,-0.0761437737119108,9322,0.6472712123316207,0.0030664370194527987,0.0009228018141103009,0.0035248484066566013,0.0008060358214069009,0.0067789099032855,0.0006678841620626,0.006588586748225045,3.691259372096134e-05,0.0011516433259941977,0.00015320859096738804
AOI-03,landsat,W2023_2024,14402,0.0377143325023685,0.0290402647099493,0.0130339957803673,0.8608624274020508,0.9371285156581728,0.915046001927823,-0.072321761311474,9322,0.0403608217572506,0.0320276333655505,0.0178619254259415,0.8337629653842307,0.9314929312459388,0.9146149701796158,-0.0714363991864651,9322,0.039444119214146,0.0312373998185258,0.0172224050885172,0.8412285874383953,0.9341538319507784,0.9149435368696002,-0.0716565099233816,9322,0.0403608217572506,0.0320276333655505,0.0178619254259415,0.8337629653842307,0.9314929312459388,0.9146149701796158,-0.0714363991864651,9322,0.6472712123316207,0.0026464892548821034,0.0009167025431046014,0.002987368655601199,0.0007902335470246977,0.004827929645574202,0.0006395203374243014,-0.00043103174820724455,-0.00032856668998437755,0.0008853621250088928,0.00022011073691649563
AOI-03,landsat,W2022_2024,14402,0.0362452988639407,0.0272316890806303,0.0081913691134555,0.8714905865617243,0.9372000064427638,0.9060435273731696,-0.075066090621527,9322,0.0388553593735334,0.0303184931299491,0.0142693697944905,0.8459329938398575,0.9315690216747432,0.9116950085663164,-0.0743531923939587,9322,0.0379461905819744,0.0295080850279059,0.0135721700209651,0.8530586077566146,0.9342252876635136,0.9120333586871154,-0.0746342548543138,9322,0.0388553593735334,0.0303184931299491,0.0142693697944905,0.8459329938398575,0.9315690216747432,0.9116950085663164,-0.0743531923939587,9322,0.6472712123316207,0.0026100605095926988,0.0009091687915590008,0.0030868040493187976,0.0008104081020431989,0.006078000681034999,0.0006971997735254008,0.005651481193146735,-0.0003383501207990802,0.000712898227568301,0.00028106246035509985
AOI-03,modis,W2022,17860,0.029232283804308,0.0233965193463282,0.011241532508911,0.9191402203765808,0.9660073923688977,0.9880589113373855,-0.1033880681769305,12562,0.0367661805133679,0.0266150632276926,0.0005493302605848,0.8760161748305333,0.9560241372148202,0.815041142173289,-0.0768358129696764,12562,0.0280711883046667,0.0220288462845713,0.0084702806491533,0.9277247511187344,0.9689802811246088,0.9762079367035424,-0.105717857767356,12562,0.0367661805133679,0.0266150632276926,0.0005493302605848,0.8760161748305333,0.9560241372148202,0.815041142173289,-0.0768358129696764,12562,0.7033594624860022,0.007533896709059899,0.0086949922087012,0.003218543881364399,0.0045862169431213,-0.010692202248326201,-0.0079209503885685,-0.1730177691640965,-0.1611667945302534,0.0265522552072541,0.0288820447976796
AOI-03,modis,W2023,17860,0.0333733073141814,0.0275519836650777,0.0201223639334614,0.8946085072647207,0.9658999345079082,1.029526538347603,-0.1048292662599816,12562,0.0320985275017847,0.0253886107297001,0.0094572997225095,0.9054986047475684,0.9567268331912242,0.9841422918695248,-0.1117321232380595,12562,0.0329984594362307,0.0273678414362216,0.0205441252498521,0.9001253361385261,0.968985740276699,1.0604899848999148,-0.1149740835842681,12562,0.0320985275017847,0.0253886107297001,0.0094572997225095,0.9054986047475684,0.9567268331912242,0.9841422918695248,-0.1117321232380595,12562,0.7033594624860022,-0.0012747798123967022,-0.0008999319344459994,-0.0021633729353775985,-0.0019792307065214995,-0.010665064210951898,-0.0110868255273426,-0.04538424647807826,-0.07634769303038991,-0.006902856978077909,0.0032419603462085916
AOI-03,modis,W2024,17860,0.0282901187305938,0.0203832113381556,-0.0042599772311234,0.924268492688769,0.966580831796315,0.942723602090946,-0.1077609596947245,12562,0.0331368200538369,0.0264650236960208,0.0113852801813987,0.8992860429741835,0.9564197390356606,0.9616340270987686,-0.1039071069317107,12562,0.0267007329549903,0.0202457923156409,0.0039788978451565,0.9346095437908604,0.9693167662954614,0.987570725461079,-0.113189463560286,12562,0.0331368200538369,0.0264650236960208,0.0113852801813987,0.8992860429741835,0.9564197390356606,0.9616340270987686,-0.1039071069317107,12562,0.7033594624860022,0.004846701323243097,0.006436087098846598,0.006081812357865202,0.0062192313803799,0.0156452574125221,0.007406382336242199,0.018910425007822584,-0.025936698362310495,0.0038538527630138097,0.009282356628575308
AOI-03,modis,W2022_2023,17860,0.0309921216977622,0.0252277466801052,0.0157659447520322,0.9091113447140328,0.965972638209182,1.0134096080627302,-0.1051834560001221,12562,0.0322171445429851,0.0249897578097833,0.0064483704149827,0.9047988724830868,0.9565189443494212,0.9409431810850633,-0.10353107343587,12562,0.0304705420308393,0.0248334273191297,0.016270511416752,0.9148414299188974,0.9690899136162202,1.0466259686192636,-0.1157716044541427,12562,0.0322171445429851,0.0249897578097833,0.0064483704149827,0.9047988724830868,0.9565189443494212,0.9409431810850633,-0.10353107343587,12562,0.7033594624860022,0.0012250228452228978,0.0017466025121457979,-0.00023798887032189936,0.00015633049065360075,-0.009317574337049501,-0.0098221410017693,-0.07246642697766692,-0.10568278753420035,0.0016523825642521112,0.012240531018272702
AOI-03,modis,W2023_2024,17860,0.028398861421267,0.0222703197668772,0.0073514756587782,0.9236851741498808,0.966036931690068,0.9656633406731696,-0.1016944172181998,12562,0.0327178257301312,0.026019559990907,0.0105989705107837,0.9018168705531248,0.956521703598288,0.969316294104774,-0.1067035227959461,12562,0.0282797704397663,0.0224814521977237,0.0106482800420584,0.9266466824638968,0.9690508816867353,1.0016165097048315,-0.1099904745984447,12562,0.0327178257301312,0.026019559990907,0.0105989705107837,0.9018168705531248,0.956521703598288,0.969316294104774,-0.1067035227959461,12562,0.7033594624860022,0.004318964308864196,0.004438055290364899,0.003749240224029799,0.003538107793183299,0.003247494852005499,-4.930953127470043e-05,0.003652953431604433,-0.03230021560005747,-0.005009105577746295,0.0032869518024986055
AOI-03,modis,W2022_2024,17860,0.028648816881596,0.0226350389550225,0.0085465202001805,0.9223358768123576,0.9660086616446903,0.9696778135810632,-0.1014933143649762,12562,0.0326519290100027,0.0256863723714172,0.0086793986326361,0.9022119720321456,0.9564318457401382,0.9451733994774644,-0.1023686006771288,12562,0.0282914110497489,0.0224524151159305,0.0102010950905521,0.92658628217882,0.9690077039836412,0.9921934134754165,-0.1080402135126829,12562,0.0326519290100027,0.0256863723714172,0.0086793986326361,0.9022119720321456,0.9564318457401382,0.9451733994774644,-0.1023686006771288,12562,0.7033594624860022,0.004003112128406702,0.004360517960253805,0.0030513334163947033,0.0032339572554867003,0.00013287843245559858,-0.0015216964579160015,-0.024504414103598826,-0.04702001399795208,-0.0008752863121525983,0.0056716128355541046
AOI-03,sentinel2,W2022,18857,0.0395187606541772,0.027358606903054,-0.0020530110517562,0.8492832978981008,0.9221149698776744,0.8372042917999825,-0.0373421478103083,10590,0.0418459931112116,0.0283249598993125,-0.0032225105171374,0.809102104853717,0.9009694520478974,0.84542731192376,-0.035406246207274,10590,0.0373312146791158,0.0256266982069888,-0.0024951335930004,0.848072068911393,0.9219648138294811,0.8417607821211393,-0.0384486264030343,10590,0.0418459931112116,0.0283249598993125,-0.0032225105171374,0.809102104853717,0.9009694520478974,0.84542731192376,-0.035406246207274,10590,0.5615951635997243,0.002327232457034402,0.004514778432095801,0.0009663529962584995,0.0026982616923236988,-0.0011694994653811998,-0.0007273769241369996,0.008223020123777514,0.0036665298026207216,0.0019359016030342999,0.003042380195760301
AOI-03,sentinel2,W2023,18857,0.0397867121802851,0.0271267495750297,-0.0040052284055976,0.8472325411759636,0.9221122032332008,0.8238965927972801,-0.0366370548536343,10590,0.0432933571275753,0.0287941462829899,-0.0054375824425423,0.7956682242513468,0.9005999324178938,0.7733040842626465,-0.024080470522714,10590,0.0379626792398171,0.0261074676894726,-0.0024111378277083,0.8428888193315758,0.9217375288101296,0.8002969095990571,-0.0303499262460444,10590,0.0432933571275753,0.0287941462829899,-0.0054375824425423,0.7956682242513468,0.9005999324178938,0.7733040842626465,-0.024080470522714,10590,0.5615951635997243,0.003506644947290201,0.005330677887758199,0.001667396707960199,0.002686678593517299,-0.0014323540369447002,-0.003026444614834,-0.050592508534633596,-0.026992825336410564,0.012556584330920297,0.006269455723330399
AOI-03,sentinel2,W2024,18857,0.0396204938215159,0.0280512763482519,0.000467160031258,0.848506318916378,0.9220066543467396,0.8225156139359112,-0.0318448483335401,10590,0.0417760053410692,0.0284692519851365,-0.0024264328666484,0.8097401274802645,0.9009453347402078,0.847771577654368,-0.035038660591043,10590,0.0374358295650698,0.0259619930482821,-0.0014000394045094,0.8472193673083591,0.9218474212045326,0.828665363647014,-0.0348048043419688,10590,0.0417760053410692,0.0284692519851365,-0.0024264328666484,0.8097401274802645,0.9009453347402078,0.847771577654368,-0.035038660591043,10590,0.5615951635997243,0.002155511519553302,0.004340175775999398,0.0004179756368846016,0.0025072589368544014,-0.0028935928979064,-0.0010263934621389998,0.02525596371845673,0.019106214007353906,-0.003193812257502898,-0.00023385624907419633
AOI-03,sentinel2,W2022_2023,18857,0.0396465454274599,0.0272364827609937,-0.0030368742485098,0.8483070305774125,0.9221091495745114,0.8293543120646574,-0.0367565665789052,10590,0.042337150037392,0.0283761311265739,-0.0043845842624315,0.8045945731383305,0.9008053410873604,0.8149409092584796,-0.0308365932200708,10590,0.0375375660079704,0.0257109856682216,-0.002735018867563,0.8463878388617982,0.921882037539268,0.8260853038510033,-0.0356568691296892,10590,0.042337150037392,0.0283761311265739,-0.0043845842624315,0.8045945731383305,0.9008053410873604,0.8149409092584796,-0.0308365932200708,10590,0.5615951635997243,0.002690604609932104,0.004799584029421607,0.001139648365580198,0.0026651454583523013,-0.0013477100139216995,-0.0016495653948684998,-0.014413402806177755,-0.011144394592523699,0.005919973358834398,0.004820275909618397
AOI-03,sentinel2,W2023_2024,18857,0.0396456664646305,0.0275690781412779,-0.0015974424581981,0.848313756560833,0.9220492995359216,0.8222434796223715,-0.0338720005810521,10590,0.0422580131745853,0.0283996017944257,-0.0040741011387953,0.8053243964709831,0.9008128360598032,0.8181085389843844,-0.0311182986778386,10590,0.0376092978328709,0.0259526822740191,-0.0019680068951364,0.8458001924053464,0.9218126823394384,0.818394530643992,-0.0333945558740434,10590,0.0422580131745853,0.0283996017944257,-0.0040741011387953,0.8053243964709831,0.9008128360598032,0.8181085389843844,-0.0311182986778386,10590,0.5615951635997243,0.0026123467099548048,0.0046487153417144045,0.0008305236531477994,0.0024469195204065985,-0.0024766586805971998,-0.0021060942436589,-0.004134940637987139,-0.00028599165960763173,0.0027537019032135013,0.002276257196204799
AOI-03,sentinel2,W2022_2024,18857,0.0396014265935821,0.0274754728898516,-0.0018325935137303,0.8486520954685244,0.9220716518121864,0.8270263361017155,-0.035071035969743,10590,0.0420939656716141,0.028356104100038,-0.0037910819019682,0.8068329415099443,0.9008683316697196,0.8277882324330165,-0.0326553075480795,10590,0.0374949495424714,0.0257767753844052,-0.002333485514574,0.8467364331894122,0.9218739549877324,0.827359445684816,-0.0354967711590671,10590,0.0420939656716141,0.028356104100038,-0.0037910819019682,0.8068329415099443,0.9008683316697196,0.8277882324330165,-0.0326553075480795,10590,0.5615951635997243,0.0024925390780319995,0.004599016129142701,0.0008806312101863993,0.0025793287156327983,-0.0019584883882379,-0.0014575963873942003,0.0007618963313009708,0.00042878674820046037,0.0024157284216635017,0.002841463610987603
