sensitivity,variant,AOI,sensor,target_year,contrast,history_left,history_right,paired_block_n,mean_difference_RMSE,t,p,Holm_adjusted_p,significant
spatial_aggregation_order,reflectance_first,AOI-00,landsat,2024,1y_vs_2y,1,2,39,0.0005286225411212722,1.7346178420856642,0.09091450227813071,0.09091450227813071,False
spatial_aggregation_order,reflectance_first,AOI-00,landsat,2024,1y_vs_3y,1,3,39,0.0009635730972747269,3.3790345667763395,0.0016928115397253694,0.003385623079450739,True
spatial_aggregation_order,reflectance_first,AOI-00,landsat,2024,2y_vs_3y,2,3,39,0.0004349505561534547,4.161704684608231,0.00017426471481408082,0.0005227941444422425,True
spatial_aggregation_order,reflectance_first,AOI-00,landsat,2025,1y_vs_2y,1,2,39,0.0032184961539328716,3.4617101219889883,0.0013426168754081345,0.004027850626224403,True
spatial_aggregation_order,reflectance_first,AOI-00,landsat,2025,1y_vs_3y,1,3,39,0.003417338086090541,3.0575190181859564,0.004073467621919592,0.008146935243839184,True
spatial_aggregation_order,reflectance_first,AOI-00,landsat,2025,2y_vs_3y,2,3,39,0.00019884193215767023,0.9568232336378115,0.34470457562167095,0.34470457562167095,False
spatial_aggregation_order,reflectance_first,AOI-00,modis,2024,1y_vs_2y,1,2,39,0.00023211502676919802,1.2763141035608363,0.20959013788213463,0.20959013788213463,False
spatial_aggregation_order,reflectance_first,AOI-00,modis,2024,1y_vs_3y,1,3,39,0.0010852416611180397,3.142032598973355,0.0032461117887997255,0.006492223577599451,True
spatial_aggregation_order,reflectance_first,AOI-00,modis,2024,2y_vs_3y,2,3,39,0.0008531266343488416,3.824144545904452,0.00047405990273954385,0.0014221797082186315,True
spatial_aggregation_order,reflectance_first,AOI-00,modis,2025,1y_vs_2y,1,2,39,0.0022837669237227064,3.160741471813656,0.003085829486436575,0.009257488459309725,True
spatial_aggregation_order,reflectance_first,AOI-00,modis,2025,1y_vs_3y,1,3,39,0.0025323019000296357,2.7762785502024703,0.008487661097128247,0.016975322194256494,True
spatial_aggregation_order,reflectance_first,AOI-00,modis,2025,2y_vs_3y,2,3,39,0.0002485349763069294,1.2758463922864576,0.209753713201957,0.209753713201957,False
spatial_aggregation_order,reflectance_first,AOI-00,sentinel2,2024,1y_vs_2y,1,2,39,0.0006260882953875402,2.3566186149078816,0.02369928689780913,0.07109786069342738,False
spatial_aggregation_order,reflectance_first,AOI-00,sentinel2,2024,1y_vs_3y,1,3,39,0.00028418735549237906,0.2499778080888726,0.8039510199871656,1.0,False
spatial_aggregation_order,reflectance_first,AOI-00,sentinel2,2024,2y_vs_3y,2,3,39,-0.00034190093989516123,-0.38324952221844705,0.7036704990759587,1.0,False
spatial_aggregation_order,reflectance_first,AOI-00,sentinel2,2025,1y_vs_2y,1,2,39,0.00022831109786406738,0.33598365222050935,0.7387313782000218,1.0,False
spatial_aggregation_order,reflectance_first,AOI-00,sentinel2,2025,1y_vs_3y,1,3,39,0.0005036904527419375,0.6778722104716646,0.5019596657218632,1.0,False
spatial_aggregation_order,reflectance_first,AOI-00,sentinel2,2025,2y_vs_3y,2,3,39,0.00027537935487787006,3.3687737695918676,0.001741931403758931,0.005225794211276793,True
spatial_aggregation_order,reflectance_first,AOI-01,landsat,2024,1y_vs_2y,1,2,35,3.526659117845508e-05,2.7499701990564156,0.009478537343110036,0.009478537343110036,True
spatial_aggregation_order,reflectance_first,AOI-01,landsat,2024,1y_vs_3y,1,3,35,5.0722289563029614e-05,3.1173072458669178,0.0037006738664452986,0.007401347732890597,True
spatial_aggregation_order,reflectance_first,AOI-01,landsat,2024,2y_vs_3y,2,3,35,1.5455698384574523e-05,4.359224377893794,0.00011436852643078052,0.00034310557929234154,True
spatial_aggregation_order,reflectance_first,AOI-01,landsat,2025,1y_vs_2y,1,2,35,8.785894159152685e-06,2.6680892137205583,0.011602332559223097,0.03480699767766929,True
spatial_aggregation_order,reflectance_first,AOI-01,landsat,2025,1y_vs_3y,1,3,35,2.0253873505448475e-05,2.17553961639653,0.03663559067095155,0.0732711813419031,False
spatial_aggregation_order,reflectance_first,AOI-01,landsat,2025,2y_vs_3y,2,3,35,1.1467979346295789e-05,0.9305345077556598,0.3586548173040144,0.3586548173040144,False
spatial_aggregation_order,reflectance_first,AOI-01,modis,2024,1y_vs_2y,1,2,35,-2.0843178562475187e-05,-5.524339305465276,3.5770104637792125e-06,1.0731031391337637e-05,True
spatial_aggregation_order,reflectance_first,AOI-01,modis,2024,1y_vs_3y,1,3,35,1.8473797255347007e-05,4.65070026449786,4.851070495250882e-05,4.851070495250882e-05,True
spatial_aggregation_order,reflectance_first,AOI-01,modis,2024,2y_vs_3y,2,3,35,3.93169758178222e-05,5.078776465092575,1.3577650307536439e-05,2.7155300615072877e-05,True
spatial_aggregation_order,reflectance_first,AOI-01,modis,2025,1y_vs_2y,1,2,35,1.912598211163932e-05,1.146385327909564,0.2596399718733223,0.7789199156199669,False
spatial_aggregation_order,reflectance_first,AOI-01,modis,2025,1y_vs_3y,1,3,35,1.9122525128017002e-05,0.7760182511433825,0.44310311701390115,0.8862062340278023,False
spatial_aggregation_order,reflectance_first,AOI-01,modis,2025,2y_vs_3y,2,3,35,-3.456983622315376e-09,-0.00043336281848671836,0.9996567592733046,0.9996567592733046,False
spatial_aggregation_order,reflectance_first,AOI-01,sentinel2,2024,1y_vs_2y,1,2,35,-4.135178626477652e-05,-9.294396179970532,7.341829375806833e-11,1.4683658751613667e-10,True
spatial_aggregation_order,reflectance_first,AOI-01,sentinel2,2024,1y_vs_3y,1,3,35,-5.061668133707285e-06,-3.1751731626901503,0.00317649486100258,0.00317649486100258,True
spatial_aggregation_order,reflectance_first,AOI-01,sentinel2,2024,2y_vs_3y,2,3,35,3.629011813106923e-05,10.410490574523218,4.12234664538867e-12,1.236703993616601e-11,True
spatial_aggregation_order,reflectance_first,AOI-01,sentinel2,2025,1y_vs_2y,1,2,35,6.672740830451411e-06,3.242804780681688,0.0026533526994187147,0.007960058098256144,True
spatial_aggregation_order,reflectance_first,AOI-01,sentinel2,2025,1y_vs_3y,1,3,35,4.319579544578345e-06,1.1777965641780108,0.24705628664469836,0.49411257328939673,False
spatial_aggregation_order,reflectance_first,AOI-01,sentinel2,2025,2y_vs_3y,2,3,35,-2.353161285873065e-06,-0.8482110406925412,0.40225264239390185,0.49411257328939673,False
spatial_aggregation_order,reflectance_first,AOI-02,landsat,2024,1y_vs_2y,1,2,30,-3.894282125021173e-05,-0.026103530211751498,0.9793535632383289,1.0,False
spatial_aggregation_order,reflectance_first,AOI-02,landsat,2024,1y_vs_3y,1,3,30,-0.0008430156727453405,-0.43043488238617844,0.6700614615091435,1.0,False
spatial_aggregation_order,reflectance_first,AOI-02,landsat,2024,2y_vs_3y,2,3,30,-0.0008040728514951287,-1.664914024240576,0.1066990070299481,0.3200970210898443,False
spatial_aggregation_order,reflectance_first,AOI-02,landsat,2025,1y_vs_2y,1,2,36,-0.004415642805787256,-7.83516718671361,3.3033151648457205e-09,9.909945494537162e-09,True
spatial_aggregation_order,reflectance_first,AOI-02,landsat,2025,1y_vs_3y,1,3,36,0.0005455681582301617,2.2147359074850788,0.033382839406126706,0.033382839406126706,True
spatial_aggregation_order,reflectance_first,AOI-02,landsat,2025,2y_vs_3y,2,3,36,0.004961210964017418,6.979777184597862,4.057120176250989e-08,8.114240352501979e-08,True
spatial_aggregation_order,reflectance_first,AOI-02,modis,2024,1y_vs_2y,1,2,38,0.004900473320625421,6.651729363158729,8.287673966405502e-08,2.486302189921651e-07,True
spatial_aggregation_order,reflectance_first,AOI-02,modis,2024,1y_vs_3y,1,3,38,0.00508902523607837,6.248219950673933,2.8979435745567713e-07,5.795887149113543e-07,True
spatial_aggregation_order,reflectance_first,AOI-02,modis,2024,2y_vs_3y,2,3,38,0.00018855191545294836,1.7484365142668996,0.08868218431688764,0.08868218431688764,False
spatial_aggregation_order,reflectance_first,AOI-02,modis,2025,1y_vs_2y,1,2,38,0.003650389421598093,13.365902682010702,9.79413605775046e-16,2.5855501588867283e-15,True
spatial_aggregation_order,reflectance_first,AOI-02,modis,2025,1y_vs_3y,1,3,38,0.002412191456888472,13.421447772197876,8.618500529622428e-16,2.5855501588867283e-15,True
spatial_aggregation_order,reflectance_first,AOI-02,modis,2025,2y_vs_3y,2,3,38,-0.0012381979647096205,-11.369295341472172,1.2403610397882058e-13,1.2403610397882058e-13,True
spatial_aggregation_order,reflectance_first,AOI-02,sentinel2,2024,1y_vs_2y,1,2,38,-0.00012208116286966625,-0.09133626176640033,0.9277181152397606,0.950534504510332,False
spatial_aggregation_order,reflectance_first,AOI-02,sentinel2,2024,1y_vs_3y,1,3,38,0.0005670439401560768,1.4368327544509678,0.1591683442370517,0.4775050327111551,False
spatial_aggregation_order,reflectance_first,AOI-02,sentinel2,2024,2y_vs_3y,2,3,38,0.0006891251030257431,0.7212854473718006,0.475267252255166,0.950534504510332,False
spatial_aggregation_order,reflectance_first,AOI-02,sentinel2,2025,1y_vs_2y,1,2,38,-0.00039258753286677465,-2.59044413910801,0.013632548581501045,0.040897645744503136,True
spatial_aggregation_order,reflectance_first,AOI-02,sentinel2,2025,1y_vs_3y,1,3,38,0.00037005385962406704,0.60346013239299,0.549884485556058,0.6302187632845531,False
spatial_aggregation_order,reflectance_first,AOI-02,sentinel2,2025,2y_vs_3y,2,3,38,0.0007626413924908417,1.0183824011951963,0.31510938164227653,0.6302187632845531,False
spatial_aggregation_order,reflectance_first,AOI-03,landsat,2024,1y_vs_2y,1,2,35,0.006002950865166871,8.761987333487264,3.070633572218693e-10,6.141267144437386e-10,True
spatial_aggregation_order,reflectance_first,AOI-03,landsat,2024,1y_vs_3y,1,3,35,0.005608081282579282,9.399581557315253,5.558005378604979e-11,1.6674016135814937e-10,True
spatial_aggregation_order,reflectance_first,AOI-03,landsat,2024,2y_vs_3y,2,3,35,-0.0003948695825875896,-4.317625879597133,0.0001291496901803254,0.0001291496901803254,True
spatial_aggregation_order,reflectance_first,AOI-03,landsat,2025,1y_vs_2y,1,2,35,-0.002318107438566604,-4.807602411829224,3.0464537119550854e-05,6.092907423910171e-05,True
spatial_aggregation_order,reflectance_first,AOI-03,landsat,2025,1y_vs_3y,1,3,35,-0.0005461604216276275,-3.5662091861093166,0.0011003891910569112,0.0011003891910569112,True
spatial_aggregation_order,reflectance_first,AOI-03,landsat,2025,2y_vs_3y,2,3,35,0.001771947016938976,5.074612233426188,1.3747611436062338e-05,4.124283430818701e-05,True
spatial_aggregation_order,reflectance_first,AOI-03,modis,2024,1y_vs_2y,1,2,35,0.0033177105697261866,23.858129710453554,8.166954208487486e-23,2.4500862625462456e-22,True
spatial_aggregation_order,reflectance_first,AOI-03,modis,2024,1y_vs_3y,1,3,35,0.007730296271942423,20.58408665666095,8.994918314974827e-21,1.7989836629949654e-20,True
spatial_aggregation_order,reflectance_first,AOI-03,modis,2024,2y_vs_3y,2,3,35,0.0044125857022162375,18.29436599092108,3.5877483973200855e-19,3.5877483973200855e-19,True
spatial_aggregation_order,reflectance_first,AOI-03,modis,2025,1y_vs_2y,1,2,35,-0.0010823345230617136,-0.9897499627852163,0.32928812465890844,0.5245785773597539,False
spatial_aggregation_order,reflectance_first,AOI-03,modis,2025,1y_vs_3y,1,3,35,-0.0013642720315266378,-1.1399135347898643,0.26228928867987694,0.5245785773597539,False
spatial_aggregation_order,reflectance_first,AOI-03,modis,2025,2y_vs_3y,2,3,35,-0.00028193750846492404,-2.676528240401408,0.011364608273019265,0.034093824819057796,True
spatial_aggregation_order,reflectance_first,AOI-03,sentinel2,2024,1y_vs_2y,1,2,35,-8.958521925083936e-06,-0.07824584753708455,0.9380911828999027,1.0,False
spatial_aggregation_order,reflectance_first,AOI-03,sentinel2,2024,1y_vs_3y,1,3,35,-0.00020254293319602195,-0.662327635479167,0.5122261404914425,1.0,False
spatial_aggregation_order,reflectance_first,AOI-03,sentinel2,2024,2y_vs_3y,2,3,35,-0.000193584411270938,-1.002002792945052,0.32342051274429856,0.9702615382328956,False
spatial_aggregation_order,reflectance_first,AOI-03,sentinel2,2025,1y_vs_2y,1,2,35,0.00034625380046280865,1.4247040434918914,0.16335778027866482,0.2069573592638941,False
spatial_aggregation_order,reflectance_first,AOI-03,sentinel2,2025,1y_vs_3y,1,3,35,0.000415008988484687,1.673135472837304,0.10347867963194705,0.2069573592638941,False
spatial_aggregation_order,reflectance_first,AOI-03,sentinel2,2025,2y_vs_3y,2,3,35,6.875518802187829e-05,2.0915127694232485,0.04402532569903807,0.13207597709711422,False
