sensitivity,variant,experiment,AOI,sensor,train_years,target_year,rolling_id,history_length,target_n,target_block_n,RMSE,MAE,Bias,R2,Pearson_r,n,slope,intercept,train_n,train_block_n,history_length_rank_by_global_RMSE
spatial_aggregation_order,reflectance_first,rolling_origin,AOI-00,landsat,2023,2024,R2024-H1,1,20186,39,0.05276157347487824,0.04296099045787257,0.022767629367115867,0.6754618129219094,0.858413900579172,20186,0.8796615906547738,-0.017036407191977965,19556,39,3.0
spatial_aggregation_order,reflectance_first,rolling_origin,AOI-00,landsat,2022;2023,2024,R2024-H2,2,20186,39,0.05173547281673084,0.04207227697655606,0.019627619788590404,0.6879622244097934,0.8584139005791726,20186,0.9112278021813347,-0.040351630833053265,38144,39,2.0
spatial_aggregation_order,reflectance_first,rolling_origin,AOI-00,landsat,2021;2022;2023,2024,R2024-H3,3,20186,39,0.05137977518419046,0.04179725549749935,0.019278308078045366,0.6922381899197425,0.8584139005791722,20186,0.8844598858506456,-0.023592508687807268,56238,39,1.0
spatial_aggregation_order,reflectance_first,rolling_origin,AOI-00,landsat,2024,2025,R2025-H1,1,20251,39,0.05280808239081498,0.04201761747400946,-0.02539954140290189,0.7111791730194649,0.8830785333091564,20251,0.8486990389827637,-0.02001464538112685,20186,39,3.0
spatial_aggregation_order,reflectance_first,rolling_origin,AOI-00,landsat,2023;2024,2025,R2025-H2,2,20251,39,0.048261806306298415,0.03888872695060301,-0.013955655275328166,0.7587680335114823,0.8830785333091561,20251,0.8618293986808044,-0.017242984578397458,39742,39,2.0
spatial_aggregation_order,reflectance_first,rolling_origin,AOI-00,landsat,2022;2023;2024,2025,R2025-H3,3,20251,39,0.04768080766174186,0.03841934346611188,-0.01211780427773856,0.7645412039401419,0.883078533309156,20251,0.88299681554054,-0.02938560424376513,58330,39,1.0
spatial_aggregation_order,reflectance_first,rolling_origin,AOI-00,modis,2023,2024,R2024-H1,1,20256,39,0.04505682831277443,0.03688656472338168,0.017403367963728503,0.765689616161719,0.8954818126586269,20256,0.9988414834200422,-0.1148279891577697,20256,39,3.0
spatial_aggregation_order,reflectance_first,rolling_origin,AOI-00,modis,2022;2023,2024,R2024-H2,2,20256,39,0.04462857607660177,0.03648479087223501,0.015800762045852016,0.770122554713218,0.8955078568079645,20256,1.0201245421326584,-0.13037984536360092,40512,39,2.0
spatial_aggregation_order,reflectance_first,rolling_origin,AOI-00,modis,2021;2022;2023,2024,R2024-H3,3,20256,39,0.04371818103071421,0.03568897167739753,0.013630064421467063,0.7794056070649047,0.8954860701704842,20256,0.9958247781656219,-0.11662536639313581,60760,39,1.0
spatial_aggregation_order,reflectance_first,rolling_origin,AOI-00,modis,2024,2025,R2025-H1,1,20256,39,0.04233180119270407,0.03310753616715157,-0.017368574497018136,0.8153928835890571,0.9219061343701244,20256,0.9608389067676995,-0.10732932271457873,20256,39,3.0
spatial_aggregation_order,reflectance_first,rolling_origin,AOI-00,modis,2023;2024,2025,R2025-H2,2,20256,39,0.03921920396195828,0.03099294873191111,-0.008098381820210339,0.8415426123179728,0.9219061343701241,20256,0.9814397459467787,-0.1121191859309173,40512,39,2.0
spatial_aggregation_order,reflectance_first,rolling_origin,AOI-00,modis,2022;2023;2024,2025,R2025-H3,3,20256,39,0.03872040712259553,0.030694085811477836,-0.005989020908483589,0.8455475602126823,0.9219061343701245,20256,0.9973548856274186,-0.12087189483643712,60768,39,1.0
spatial_aggregation_order,reflectance_first,rolling_origin,AOI-00,sentinel2,2023,2024,R2024-H1,1,15819,39,0.061747117116605556,0.047748219312595916,-0.0009384109371025458,0.5563766642851601,0.7646819267245629,15819,0.7466053662428246,0.08305608963141475,20246,39,3.0
spatial_aggregation_order,reflectance_first,rolling_origin,AOI-00,sentinel2,2022;2023,2024,R2024-H2,2,15819,39,0.06107007779869916,0.04755793969943135,0.0016662064631739637,0.5660517333935073,0.7646822919082359,15819,0.7205086857923343,0.10083649473366246,38486,39,1.0
spatial_aggregation_order,reflectance_first,rolling_origin,AOI-00,sentinel2,2021;2022;2023,2024,R2024-H3,3,15819,39,0.06170745973056729,0.048570954290565384,0.011783817214525434,0.5569463197808362,0.7646822919082358,15819,0.6983822467072806,0.12382091524640682,58460,39,2.0
spatial_aggregation_order,reflectance_first,rolling_origin,AOI-00,sentinel2,2024,2025,R2025-H1,1,19233,39,0.06539027029209259,0.05299742332049201,-0.02945317291171412,0.5546076834467007,0.8062735838406093,19233,0.6120440391586506,0.16224387949353464,15819,39,3.0
spatial_aggregation_order,reflectance_first,rolling_origin,AOI-00,sentinel2,2023;2024,2025,R2025-H2,2,19233,39,0.0637877877911855,0.051351215087024865,-0.026550328134023044,0.5761701531889618,0.8062735838406093,19233,0.6898235013732413,0.11748752459688538,36065,39,2.0
spatial_aggregation_order,reflectance_first,rolling_origin,AOI-00,sentinel2,2022;2023;2024,2025,R2025-H3,3,19233,39,0.06338104279267266,0.051022512999163556,-0.02555685860295351,0.5815580510570184,0.8062735838406092,19233,0.6899057314693744,0.11843060781183418,54305,39,1.0
spatial_aggregation_order,reflectance_first,rolling_origin,AOI-01,landsat,2023,2024,R2024-H1,1,19872,35,0.001211705534037744,0.0004394081065048719,0.00021866968084031173,0.4076193922601197,0.7094131868982949,19872,0.10817722338391461,-0.005619240968126002,19878,35,1.0
spatial_aggregation_order,reflectance_first,rolling_origin,AOI-01,landsat,2022;2023,2024,R2024-H2,2,19872,35,0.0012268673333832706,0.0003858356787086439,0.00014635156798173532,0.39270199235836434,0.7207391198201121,19872,0.09624730782774661,-0.0050503206535354485,39027,35,3.0
spatial_aggregation_order,reflectance_first,rolling_origin,AOI-01,landsat,2021;2022;2023,2024,R2024-H3,3,19872,35,0.0012260647785492683,0.000363679242389672,0.00012001213678031756,0.3934962600439934,0.7298488800232155,19872,0.09472063963003205,-0.0050099995532618515,50177,35,2.0
spatial_aggregation_order,reflectance_first,rolling_origin,AOI-01,landsat,2024,2025,R2025-H1,1,14738,35,0.0013931302934365242,0.0006198440825228318,0.00012630686996159568,0.3354778417237675,0.628777594558186,14738,0.09936742914799072,-0.005094944074035908,19872,35,3.0
spatial_aggregation_order,reflectance_first,rolling_origin,AOI-01,landsat,2023;2024,2025,R2025-H2,2,14738,35,0.0013831832203390346,0.0006128520923988804,0.00012654871094355076,0.34493345738692227,0.6333271722382995,14738,0.10391054604338824,-0.005363296609299788,39750,35,1.0
spatial_aggregation_order,reflectance_first,rolling_origin,AOI-01,landsat,2022;2023;2024,2025,R2025-H3,3,14738,35,0.0013917244756025992,0.0005760658676129688,6.490939722880085e-05,0.33681831325471256,0.6393220871505332,14738,0.09685462220068826,-0.005042144662105236,58899,35,2.0
spatial_aggregation_order,reflectance_first,rolling_origin,AOI-01,modis,2023,2024,R2024-H1,1,19878,35,0.0013779716555862007,0.000470743743161004,0.00021464334584212863,0.23366872129634741,0.5556453757256288,19878,0.0897094291401135,-0.005035339699133171,19878,35,2.0
spatial_aggregation_order,reflectance_first,rolling_origin,AOI-01,modis,2022;2023,2024,R2024-H2,2,19878,35,0.0013834330585621145,0.0004991962412470583,0.0002474001925824379,0.22758218427480426,0.546342262195145,19878,0.09145777268021406,-0.005094476965883652,39756,35,3.0
spatial_aggregation_order,reflectance_first,rolling_origin,AOI-01,modis,2021;2022;2023,2024,R2024-H3,3,19878,35,0.0013754781286796503,0.00044444709303231107,0.0001834917671750684,0.2364396618117972,0.5639833593823248,19878,0.0872002349729993,-0.004926566227200771,59634,35,1.0
spatial_aggregation_order,reflectance_first,rolling_origin,AOI-01,modis,2024,2025,R2025-H1,1,19878,35,0.0014859293780517026,0.0004811219158077392,-3.162040426067646e-05,0.2729604225849346,0.6768415796993814,19878,0.06448205432531214,-0.0036062775396577995,19878,35,3.0
spatial_aggregation_order,reflectance_first,rolling_origin,AOI-01,modis,2023;2024,2025,R2025-H2,2,19878,35,0.0014456458535492122,0.0005014049559557607,2.1285055442622363e-05,0.31184614927587007,0.6795810022334191,19878,0.07689858882519784,-0.004312925247725995,39756,35,2.0
spatial_aggregation_order,reflectance_first,rolling_origin,AOI-01,modis,2022;2023;2024,2025,R2025-H3,3,19878,35,0.0014332470790654733,0.0005207073834331044,5.547967028663002e-05,0.3235996161882999,0.6751468757603009,19878,0.08137408694437652,-0.0045429163299821745,59634,35,1.0
spatial_aggregation_order,reflectance_first,rolling_origin,AOI-01,sentinel2,2023,2024,R2024-H1,1,19878,35,0.001303191249226995,0.00038746616794759745,0.00010969357152036698,0.3145870690177851,0.6928378090004625,19878,0.07482772635364511,-0.0024040533368408883,19729,35,2.0
spatial_aggregation_order,reflectance_first,rolling_origin,AOI-01,sentinel2,2022;2023,2024,R2024-H2,2,19878,35,0.0013258339469738388,0.00044223729283181354,0.00016525030960791638,0.29056231769510865,0.6640168451894407,19878,0.07059221266378517,-0.0021615266499519998,39607,35,3.0
spatial_aggregation_order,reflectance_first,rolling_origin,AOI-01,sentinel2,2021;2022;2023,2024,R2024-H3,3,19878,35,0.0013014913620090192,0.0003956347549542301,0.00011954216266624048,0.3163740128523925,0.6903452812627748,19878,0.07582053427520528,-0.0024266139942922113,59485,35,1.0
spatial_aggregation_order,reflectance_first,rolling_origin,AOI-01,sentinel2,2024,2025,R2025-H1,1,19878,35,0.001422440979522395,0.0003275789791025,-0.00023736802911378905,0.33376073299844955,0.844869201069109,19878,0.06938952999554135,-0.0022009991700898636,19878,35,3.0
spatial_aggregation_order,reflectance_first,rolling_origin,AOI-01,sentinel2,2023;2024,2025,R2025-H2,2,19878,35,0.0014108184403231426,0.00032499571856438206,-0.00023649459643110943,0.3446037234565227,0.8454592958462194,19878,0.07235799521171608,-0.0023107477882826476,39607,35,1.0
spatial_aggregation_order,reflectance_first,rolling_origin,AOI-01,sentinel2,2022;2023;2024,2025,R2025-H3,3,19878,35,0.001411513424851734,0.00033442715815124106,-0.00022309491072761375,0.3439578537272836,0.8418720900309995,19878,0.07000125788176859,-0.0021687844617165673,59485,35,2.0
spatial_aggregation_order,reflectance_first,rolling_origin,AOI-02,landsat,2023,2024,R2024-H1,1,1542,30,0.06202264414639057,0.04771406135772911,0.010709723666277347,0.9010325449860151,0.9509502683467742,1542,1.028743960263303,-0.0859748041331474,2686,15,3.0
spatial_aggregation_order,reflectance_first,rolling_origin,AOI-02,landsat,2022;2023,2024,R2024-H2,2,1542,30,0.061173378848717784,0.04716388858219675,-0.0022847209669954556,0.9037242775888151,0.9509502683467734,1542,0.9871930733906722,-0.07753735258300998,10105,15,1.0
spatial_aggregation_order,reflectance_first,rolling_origin,AOI-02,landsat,2021;2022;2023,2024,R2024-H3,3,1542,30,0.06165745278666322,0.04760968059882492,-0.006925428528891172,0.9021945611221037,0.9509502683467735,1542,0.9782025222938651,-0.07754074498171637,6670,9,2.0
spatial_aggregation_order,reflectance_first,rolling_origin,AOI-02,landsat,2024,2025,R2025-H1,1,7600,36,0.0584901305165188,0.04503133748764845,0.012785239807412795,0.853794478766587,0.9283384902968217,7600,1.0096618785959404,-0.08684201361887539,1542,30,2.0
spatial_aggregation_order,reflectance_first,rolling_origin,AOI-02,landsat,2023;2024,2025,R2025-H2,2,7600,36,0.06253300632950952,0.048815279723445404,0.025225533197488038,0.8328843166949693,0.9283384902968215,7600,1.0196603020993638,-0.08023764090644259,3407,14,3.0
spatial_aggregation_order,reflectance_first,rolling_origin,AOI-02,landsat,2022;2023;2024,2025,R2025-H3,3,7600,36,0.0578555193786341,0.04462904041896063,0.010600932873072417,0.856949893379038,0.9283384902968221,7600,0.9840158514766824,-0.07405714267098151,10599,14,1.0
spatial_aggregation_order,reflectance_first,rolling_origin,AOI-02,modis,2023,2024,R2024-H1,1,17909,38,0.05006921784395731,0.03965110734648129,-0.023712287234611506,0.9173339128165148,0.9675444137383522,17909,1.0991643454510596,-0.16737951243333016,9553,35,3.0
spatial_aggregation_order,reflectance_first,rolling_origin,AOI-02,modis,2022;2023,2024,R2024-H2,2,17909,38,0.044932542793768605,0.034549273714335416,-0.008470139341563637,0.9334255234074429,0.9675025309916212,17909,1.0610320578120123,-0.12893221423934947,27583,35,2.0
spatial_aggregation_order,reflectance_first,rolling_origin,AOI-02,modis,2021;2022;2023,2024,R2024-H3,3,17909,38,0.04464589764614674,0.03421175916060658,-0.007327306725233761,0.9342722317891987,0.9675053737777558,17909,1.073956447795265,-0.13563047949186247,34987,31,1.0
spatial_aggregation_order,reflectance_first,rolling_origin,AOI-02,modis,2024,2025,R2025-H1,1,16568,38,0.05509108279013218,0.04317819018236915,0.026377653833433812,0.8928239662336793,0.9579152505739952,16568,1.0792496661709425,-0.13150519453536613,17909,38,3.0
spatial_aggregation_order,reflectance_first,rolling_origin,AOI-02,modis,2023;2024,2025,R2025-H2,2,16568,38,0.051692188964026796,0.04000977461584566,0.018326872429813554,0.9056406564121209,0.9579175210622396,16568,1.0746511310238778,-0.13681388305902897,27078,35,1.0
spatial_aggregation_order,reflectance_first,rolling_origin,AOI-02,modis,2022;2023;2024,2025,R2025-H3,3,16568,38,0.05280687952917729,0.04107725917475204,0.021311405094146765,0.9015272482172807,0.9579154505805947,16568,1.0699622319341187,-0.1310297786436726,45108,35,2.0
spatial_aggregation_order,reflectance_first,rolling_origin,AOI-02,sentinel2,2023,2024,R2024-H1,1,18284,38,0.058891845252075456,0.04541396737572629,0.010822740650289635,0.8832263754461875,0.9422307013350394,18284,0.8681876939524352,0.03911976395346556,7586,37,2.0
spatial_aggregation_order,reflectance_first,rolling_origin,AOI-02,sentinel2,2022;2023,2024,R2024-H2,2,18284,38,0.05898624275908836,0.045753701454880634,-0.01158539385150041,0.8828517234559632,0.9422307013350388,18284,0.8642498987919686,0.018958040453997016,26061,37,3.0
spatial_aggregation_order,reflectance_first,rolling_origin,AOI-02,sentinel2,2021;2022;2023,2024,R2024-H3,3,18284,38,0.058234286064977256,0.044842095735336186,0.005149468072263693,0.8858194982521785,0.9422307013350386,18284,0.875268359338348,0.029407153629698035,43571,37,1.0
spatial_aggregation_order,reflectance_first,rolling_origin,AOI-02,sentinel2,2024,2025,R2025-H1,1,18534,38,0.05900188294732622,0.04579319669727293,0.004914597074393177,0.8799061185975815,0.9384835970767953,18534,0.8456852651181478,0.041134081009933154,18284,38,2.0
spatial_aggregation_order,reflectance_first,rolling_origin,AOI-02,sentinel2,2023;2024,2025,R2025-H2,2,18534,38,0.05925386378154117,0.04601966677135719,0.007369004756481957,0.8788781522387047,0.9384835970767955,18534,0.8489322497382372,0.04187981729743684,25498,37,3.0
spatial_aggregation_order,reflectance_first,rolling_origin,AOI-02,sentinel2,2022;2023;2024,2025,R2025-H3,3,18534,38,0.058895580960937687,0.045552946838477056,-0.0029087186738358905,0.8803384681174954,0.9384835970767953,18534,0.8587874100842277,0.02641598042880544,43973,37,1.0
spatial_aggregation_order,reflectance_first,rolling_origin,AOI-03,landsat,2023,2024,R2024-H1,1,15551,35,0.03624660598390905,0.027561431220887465,0.01660449441336612,0.8721510616285327,0.9513309127597661,15551,0.9550248396612672,-0.07333017177038215,11178,35,3.0
spatial_aggregation_order,reflectance_first,rolling_origin,AOI-03,landsat,2022;2023,2024,R2024-H2,2,15551,35,0.031523272715157126,0.021992034231091362,0.002979122471542552,0.9033003213765105,0.9514002945721363,15551,0.9130425688716752,-0.07631132132443352,27408,35,1.0
spatial_aggregation_order,reflectance_first,rolling_origin,AOI-03,landsat,2021;2022;2023,2024,R2024-H3,3,15551,35,0.03175531980308183,0.0223687698364485,0.004486545747267291,0.9018714426653909,0.9513909886157423,15551,0.917231146436867,-0.0758627237575698,14331,13,2.0
spatial_aggregation_order,reflectance_first,rolling_origin,AOI-03,landsat,2024,2025,R2025-H1,1,14402,35,0.035269936151248814,0.02626610631136995,0.006983263562047549,0.8783139152156845,0.939730276223802,14402,0.8816392661338747,-0.07116456543473856,15551,35,1.0
spatial_aggregation_order,reflectance_first,rolling_origin,AOI-03,landsat,2023;2024,2025,R2025-H2,2,14402,35,0.03706704025822156,0.028385685550504577,0.0130978931824151,0.8655974865422584,0.9396880575404212,14402,0.9078603843933202,-0.07125140272137442,26729,35,3.0
spatial_aggregation_order,reflectance_first,rolling_origin,AOI-03,landsat,2022;2023;2024,2025,R2025-H3,3,14402,35,0.03559474866369445,0.026603784166960798,0.008356454289969084,0.8760622999640939,0.9397667563315728,14402,0.9000774742486002,-0.07417894915472259,42959,35,2.0
spatial_aggregation_order,reflectance_first,rolling_origin,AOI-03,modis,2023,2024,R2024-H1,1,18695,35,0.0433380990268608,0.03165248999863326,0.027184642248042068,0.8166846677321052,0.9467043532517827,18695,1.0253966121147282,-0.10440612276157446,17967,35,3.0
spatial_aggregation_order,reflectance_first,rolling_origin,AOI-03,modis,2022;2023,2024,R2024-H2,2,18695,35,0.04014464341682655,0.028684970794269977,0.02237246507368614,0.8427052293657126,0.9467614900189663,18695,1.0090811804972573,-0.10475661593519081,36825,35,2.0
spatial_aggregation_order,reflectance_first,rolling_origin,AOI-03,modis,2021;2022;2023,2024,R2024-H3,3,18695,35,0.036045299111886725,0.02514331499729132,0.014623088360544165,0.8731891707207454,0.9469256152318111,18695,0.992617842291237,-0.10806520302972142,51685,35,1.0
spatial_aggregation_order,reflectance_first,rolling_origin,AOI-03,modis,2024,2025,R2025-H1,1,17860,35,0.02828557263221701,0.020223829105009437,-0.004497084435931162,0.9242928301773009,0.9670469677917982,17860,0.9366638829163044,-0.10702604748263059,18695,35,2.0
spatial_aggregation_order,reflectance_first,rolling_origin,AOI-03,modis,2023;2024,2025,R2025-H2,2,17860,35,0.02827682051858845,0.022063041939488465,0.007213233733134365,0.9243396735098364,0.9664970755413558,17860,0.9601152703877346,-0.10100255971020233,36662,35,1.0
spatial_aggregation_order,reflectance_first,rolling_origin,AOI-03,modis,2022;2023;2024,2025,R2025-H3,3,17860,35,0.028510222071878217,0.022422659217676076,0.008407445029943467,0.9230854929807355,0.9664704414940009,17860,0.9644159785437897,-0.10087688855220564,55520,35,3.0
spatial_aggregation_order,reflectance_first,rolling_origin,AOI-03,sentinel2,2023,2024,R2024-H1,1,19142,35,0.03553354561527521,0.024386902222690666,-0.005457546475796002,0.878657967320127,0.9389346592816178,19142,0.8161238797241077,-0.035143176889861544,16731,35,3.0
spatial_aggregation_order,reflectance_first,rolling_origin,AOI-03,sentinel2,2022;2023,2024,R2024-H2,2,19142,35,0.035319601687128215,0.024323734561791936,-0.003927437363198984,0.8801147450332452,0.9389343734900079,19142,0.824572221616096,-0.03545522355919861,35998,35,2.0
spatial_aggregation_order,reflectance_first,rolling_origin,AOI-03,sentinel2,2021;2022;2023,2024,R2024-H3,3,19142,35,0.0351286871898643,0.024482987528826227,-0.001127176331718611,0.881407283670005,0.938922762007576,19142,0.8295523171284108,-0.033719247503301575,55364,35,1.0
spatial_aggregation_order,reflectance_first,rolling_origin,AOI-03,sentinel2,2024,2025,R2025-H1,1,18857,35,0.039547335525910124,0.027772075569385383,0.0008144035717705953,0.8490652613307558,0.9222866377977146,18857,0.8216629959360076,-0.03074920913209006,19142,35,1.0
spatial_aggregation_order,reflectance_first,rolling_origin,AOI-03,sentinel2,2023;2024,2025,R2025-H2,2,18857,35,0.039609872170618406,0.027205366308117093,-0.0017242971487991525,0.8485875343253307,0.9223275108211141,18857,0.8181336589070517,-0.03260249606672724,35873,35,3.0
spatial_aggregation_order,reflectance_first,rolling_origin,AOI-03,sentinel2,2022;2023;2024,2025,R2025-H3,3,18857,35,0.03954866164989646,0.02711658392353985,-0.0018620183898170658,0.8490551387002134,0.9223503121059042,18857,0.8238406775859353,-0.03388481291854692,55140,35,2.0
