execution_id,experiment,AOI,sensor,train_years,target_year,processing_hash,source_manifest_hash,AOI_geometry_hash,block_manifest_hash,code_version,timestamp,window,n,block_n,RMSE,MAE,Bias,R2,Pearson_r
multi_aoi-a36834effcd97a6a8567,multi_aoi,AOI-00,sentinel2,2022,2025,3fab57b81623045f745beeaa0c1615c51b0d44344beaa74a1025ee4450b699c7,9abcfb4ecbe4b063ec61cc922755009544dc617843ae27ba909a649bab41a3d6,1546767a1ff01463f1bf4ea81cd86b44fbf42ba20f48c2d45d50120a3bab3ca5,da07a6bbac9293f09a6effffcf5dbea99b553c25f0c77c183163cdcec9ea4121,af4df0f16941f432b974d6e8b45e35a5d7c1137eb538357ab65e2c7289f95a43,2026-08-11T15:27:19.444529+00:00,W2022,19233,39,0.06308343981644987,0.05115002974821464,-0.024877656761756215,0.5854783780909002,0.8066320310505886
multi_aoi-f5bdcc604faf5ae53d55,multi_aoi,AOI-00,sentinel2,2023,2025,3fab57b81623045f745beeaa0c1615c51b0d44344beaa74a1025ee4450b699c7,9abcfb4ecbe4b063ec61cc922755009544dc617843ae27ba909a649bab41a3d6,1546767a1ff01463f1bf4ea81cd86b44fbf42ba20f48c2d45d50120a3bab3ca5,da07a6bbac9293f09a6effffcf5dbea99b553c25f0c77c183163cdcec9ea4121,af4df0f16941f432b974d6e8b45e35a5d7c1137eb538357ab65e2c7289f95a43,2026-08-11T15:27:19.528153+00:00,W2023,19233,39,0.06350782020040742,0.05127618848671227,-0.025287796097400707,0.5798824067749908,0.8066455321378111
multi_aoi-43cbcb80b08f23ac4d98,multi_aoi,AOI-00,sentinel2,2024,2025,3fab57b81623045f745beeaa0c1615c51b0d44344beaa74a1025ee4450b699c7,9abcfb4ecbe4b063ec61cc922755009544dc617843ae27ba909a649bab41a3d6,1546767a1ff01463f1bf4ea81cd86b44fbf42ba20f48c2d45d50120a3bab3ca5,da07a6bbac9293f09a6effffcf5dbea99b553c25f0c77c183163cdcec9ea4121,af4df0f16941f432b974d6e8b45e35a5d7c1137eb538357ab65e2c7289f95a43,2026-08-11T15:27:19.593342+00:00,W2024,19233,39,0.0657804286961394,0.05366386427684627,-0.030175287594914984,0.5492768605473173,0.8066261669952048
multi_aoi-853e296141c6e0ccf1e5,multi_aoi,AOI-00,sentinel2,2022;2023,2025,3fab57b81623045f745beeaa0c1615c51b0d44344beaa74a1025ee4450b699c7,9abcfb4ecbe4b063ec61cc922755009544dc617843ae27ba909a649bab41a3d6,1546767a1ff01463f1bf4ea81cd86b44fbf42ba20f48c2d45d50120a3bab3ca5,da07a6bbac9293f09a6effffcf5dbea99b553c25f0c77c183163cdcec9ea4121,af4df0f16941f432b974d6e8b45e35a5d7c1137eb538357ab65e2c7289f95a43,2026-08-11T15:27:19.665632+00:00,W2022_2023,19233,39,0.06316960092734038,0.05111043213999259,-0.024804838132532404,0.5843452745618674,0.8066397841245443
multi_aoi-3f5bded011d4dfe87fb5,multi_aoi,AOI-00,sentinel2,2023;2024,2025,3fab57b81623045f745beeaa0c1615c51b0d44344beaa74a1025ee4450b699c7,9abcfb4ecbe4b063ec61cc922755009544dc617843ae27ba909a649bab41a3d6,1546767a1ff01463f1bf4ea81cd86b44fbf42ba20f48c2d45d50120a3bab3ca5,da07a6bbac9293f09a6effffcf5dbea99b553c25f0c77c183163cdcec9ea4121,af4df0f16941f432b974d6e8b45e35a5d7c1137eb538357ab65e2c7289f95a43,2026-08-11T15:27:19.790138+00:00,W2023_2024,19233,39,0.0636924625340405,0.05173767226390861,-0.02650588494890715,0.5774359597685467,0.8066261669952032
multi_aoi-ab4af1fb4532921a54a6,multi_aoi,AOI-00,sentinel2,2022;2023;2024,2025,3fab57b81623045f745beeaa0c1615c51b0d44344beaa74a1025ee4450b699c7,9abcfb4ecbe4b063ec61cc922755009544dc617843ae27ba909a649bab41a3d6,1546767a1ff01463f1bf4ea81cd86b44fbf42ba20f48c2d45d50120a3bab3ca5,da07a6bbac9293f09a6effffcf5dbea99b553c25f0c77c183163cdcec9ea4121,af4df0f16941f432b974d6e8b45e35a5d7c1137eb538357ab65e2c7289f95a43,2026-08-11T15:27:19.916543+00:00,W2022_2024,19233,39,0.06351907062745758,0.05157105451348397,-0.026067722528482776,0.5797335457065202,0.8066261669952041
multi_aoi-2fe0fede1b585c17c8a7,multi_aoi,AOI-00,landsat,2022,2025,3fab57b81623045f745beeaa0c1615c51b0d44344beaa74a1025ee4450b699c7,9abcfb4ecbe4b063ec61cc922755009544dc617843ae27ba909a649bab41a3d6,1546767a1ff01463f1bf4ea81cd86b44fbf42ba20f48c2d45d50120a3bab3ca5,da07a6bbac9293f09a6effffcf5dbea99b553c25f0c77c183163cdcec9ea4121,af4df0f16941f432b974d6e8b45e35a5d7c1137eb538357ab65e2c7289f95a43,2026-08-11T15:27:20.109035+00:00,W2022,20251,39,0.04860363397715827,0.03900263052832358,-0.00858203557608183,0.7553387468902046,0.875300807162066
multi_aoi-543ff2c85c4b3fd2c64f,multi_aoi,AOI-00,landsat,2023,2025,3fab57b81623045f745beeaa0c1615c51b0d44344beaa74a1025ee4450b699c7,9abcfb4ecbe4b063ec61cc922755009544dc617843ae27ba909a649bab41a3d6,1546767a1ff01463f1bf4ea81cd86b44fbf42ba20f48c2d45d50120a3bab3ca5,da07a6bbac9293f09a6effffcf5dbea99b553c25f0c77c183163cdcec9ea4121,af4df0f16941f432b974d6e8b45e35a5d7c1137eb538357ab65e2c7289f95a43,2026-08-11T15:27:20.177635+00:00,W2023,20251,39,0.04762266100500571,0.038885385163776987,-0.0031412794403350205,0.7651151369039468,0.8753008071620674
multi_aoi-88c06dd85c5124a7b298,multi_aoi,AOI-00,landsat,2024,2025,3fab57b81623045f745beeaa0c1615c51b0d44344beaa74a1025ee4450b699c7,9abcfb4ecbe4b063ec61cc922755009544dc617843ae27ba909a649bab41a3d6,1546767a1ff01463f1bf4ea81cd86b44fbf42ba20f48c2d45d50120a3bab3ca5,da07a6bbac9293f09a6effffcf5dbea99b553c25f0c77c183163cdcec9ea4121,af4df0f16941f432b974d6e8b45e35a5d7c1137eb538357ab65e2c7289f95a43,2026-08-11T15:27:20.248038+00:00,W2024,20251,39,0.0545914869893199,0.04345535278618511,-0.026620959027305754,0.6913419838552175,0.8753008071620639
multi_aoi-4c0e085c837eef32c748,multi_aoi,AOI-00,landsat,2022;2023,2025,3fab57b81623045f745beeaa0c1615c51b0d44344beaa74a1025ee4450b699c7,9abcfb4ecbe4b063ec61cc922755009544dc617843ae27ba909a649bab41a3d6,1546767a1ff01463f1bf4ea81cd86b44fbf42ba20f48c2d45d50120a3bab3ca5,da07a6bbac9293f09a6effffcf5dbea99b553c25f0c77c183163cdcec9ea4121,af4df0f16941f432b974d6e8b45e35a5d7c1137eb538357ab65e2c7289f95a43,2026-08-11T15:27:20.326198+00:00,W2022_2023,20251,39,0.04797847843903021,0.03885990272724078,-0.006017645668735663,0.761592093412617,0.8753008071620674
multi_aoi-a6e7fff6cb1a38527b31,multi_aoi,AOI-00,landsat,2023;2024,2025,3fab57b81623045f745beeaa0c1615c51b0d44344beaa74a1025ee4450b699c7,9abcfb4ecbe4b063ec61cc922755009544dc617843ae27ba909a649bab41a3d6,1546767a1ff01463f1bf4ea81cd86b44fbf42ba20f48c2d45d50120a3bab3ca5,da07a6bbac9293f09a6effffcf5dbea99b553c25f0c77c183163cdcec9ea4121,af4df0f16941f432b974d6e8b45e35a5d7c1137eb538357ab65e2c7289f95a43,2026-08-11T15:27:20.450769+00:00,W2023_2024,20251,39,0.04992647284457529,0.04024357008372468,-0.01515288336156502,0.7418396842401008,0.8753008071620672
multi_aoi-22c1fddfb8d877b8125b,multi_aoi,AOI-00,landsat,2022;2023;2024,2025,3fab57b81623045f745beeaa0c1615c51b0d44344beaa74a1025ee4450b699c7,9abcfb4ecbe4b063ec61cc922755009544dc617843ae27ba909a649bab41a3d6,1546767a1ff01463f1bf4ea81cd86b44fbf42ba20f48c2d45d50120a3bab3ca5,da07a6bbac9293f09a6effffcf5dbea99b553c25f0c77c183163cdcec9ea4121,af4df0f16941f432b974d6e8b45e35a5d7c1137eb538357ab65e2c7289f95a43,2026-08-11T15:27:20.582908+00:00,W2022_2024,20251,39,0.04941579865093187,0.0398007839971875,-0.013564831734708419,0.7470938734763888,0.875300807162066
multi_aoi-3fd42668df20ca8be9a0,multi_aoi,AOI-00,modis,2022,2025,3fab57b81623045f745beeaa0c1615c51b0d44344beaa74a1025ee4450b699c7,9abcfb4ecbe4b063ec61cc922755009544dc617843ae27ba909a649bab41a3d6,1546767a1ff01463f1bf4ea81cd86b44fbf42ba20f48c2d45d50120a3bab3ca5,da07a6bbac9293f09a6effffcf5dbea99b553c25f0c77c183163cdcec9ea4121,af4df0f16941f432b974d6e8b45e35a5d7c1137eb538357ab65e2c7289f95a43,2026-08-11T15:27:20.780379+00:00,W2022,20256,39,0.038898135137899116,0.03089101833362958,-0.0014362570745860748,0.8441264220036429,0.9189381442753435
multi_aoi-4da35621bb9ba008581b,multi_aoi,AOI-00,modis,2023,2025,3fab57b81623045f745beeaa0c1615c51b0d44344beaa74a1025ee4450b699c7,9abcfb4ecbe4b063ec61cc922755009544dc617843ae27ba909a649bab41a3d6,1546767a1ff01463f1bf4ea81cd86b44fbf42ba20f48c2d45d50120a3bab3ca5,da07a6bbac9293f09a6effffcf5dbea99b553c25f0c77c183163cdcec9ea4121,af4df0f16941f432b974d6e8b45e35a5d7c1137eb538357ab65e2c7289f95a43,2026-08-11T15:27:20.849169+00:00,W2023,20256,39,0.03894582056077907,0.03113521270455072,0.0005907677546352493,0.8437440153165496,0.9189381442753429
multi_aoi-dd61b8e5102f6e674406,multi_aoi,AOI-00,modis,2024,2025,3fab57b81623045f745beeaa0c1615c51b0d44344beaa74a1025ee4450b699c7,9abcfb4ecbe4b063ec61cc922755009544dc617843ae27ba909a649bab41a3d6,1546767a1ff01463f1bf4ea81cd86b44fbf42ba20f48c2d45d50120a3bab3ca5,da07a6bbac9293f09a6effffcf5dbea99b553c25f0c77c183163cdcec9ea4121,af4df0f16941f432b974d6e8b45e35a5d7c1137eb538357ab65e2c7289f95a43,2026-08-11T15:27:20.916778+00:00,W2024,20256,39,0.04322787930996629,0.0336620010550069,-0.017883078265251123,0.8074946500900887,0.918938144275343
multi_aoi-2548119df2ac39ba86e4,multi_aoi,AOI-00,modis,2022;2023,2025,3fab57b81623045f745beeaa0c1615c51b0d44344beaa74a1025ee4450b699c7,9abcfb4ecbe4b063ec61cc922755009544dc617843ae27ba909a649bab41a3d6,1546767a1ff01463f1bf4ea81cd86b44fbf42ba20f48c2d45d50120a3bab3ca5,da07a6bbac9293f09a6effffcf5dbea99b553c25f0c77c183163cdcec9ea4121,af4df0f16941f432b974d6e8b45e35a5d7c1137eb538357ab65e2c7289f95a43,2026-08-11T15:27:20.993829+00:00,W2022_2023,20256,39,0.038867793178650106,0.030956751110787037,-0.0005844996046530758,0.8443695012741552,0.9189381442753438
multi_aoi-e7cf62d64ebe5aa890e3,multi_aoi,AOI-00,modis,2023;2024,2025,3fab57b81623045f745beeaa0c1615c51b0d44344beaa74a1025ee4450b699c7,9abcfb4ecbe4b063ec61cc922755009544dc617843ae27ba909a649bab41a3d6,1546767a1ff01463f1bf4ea81cd86b44fbf42ba20f48c2d45d50120a3bab3ca5,da07a6bbac9293f09a6effffcf5dbea99b553c25f0c77c183163cdcec9ea4121,af4df0f16941f432b974d6e8b45e35a5d7c1137eb538357ab65e2c7289f95a43,2026-08-11T15:27:21.120502+00:00,W2023_2024,20256,39,0.04002219403667385,0.03149873150648683,-0.008592155694392995,0.8349875435965004,0.9189381442753424
multi_aoi-57467b4a18d0a1582c69,multi_aoi,AOI-00,modis,2022;2023;2024,2025,3fab57b81623045f745beeaa0c1615c51b0d44344beaa74a1025ee4450b699c7,9abcfb4ecbe4b063ec61cc922755009544dc617843ae27ba909a649bab41a3d6,1546767a1ff01463f1bf4ea81cd86b44fbf42ba20f48c2d45d50120a3bab3ca5,da07a6bbac9293f09a6effffcf5dbea99b553c25f0c77c183163cdcec9ea4121,af4df0f16941f432b974d6e8b45e35a5d7c1137eb538357ab65e2c7289f95a43,2026-08-11T15:27:21.258005+00:00,W2022_2024,20256,39,0.039507932464609805,0.0311795790203667,-0.006579829909269168,0.8392009241772134,0.9189381442753416
multi_aoi-9e2f6cda3f3b3509c43d,multi_aoi,AOI-01,sentinel2,2022,2025,3fab57b81623045f745beeaa0c1615c51b0d44344beaa74a1025ee4450b699c7,9abcfb4ecbe4b063ec61cc922755009544dc617843ae27ba909a649bab41a3d6,18ae788e0cf1ef68015dfee09e2ef7a0a1af4676e0b5d436994b707dfe92dec3,a8f53f162d19c589361001b4f38cd05f828cb16b4c645292c65e266e42c873ff,af4df0f16941f432b974d6e8b45e35a5d7c1137eb538357ab65e2c7289f95a43,2026-08-11T15:27:21.457567+00:00,W2022,19878,35,0.0013242617680480912,0.0003503229565036344,-0.00017096513148891722,0.42255663358913775,0.8388369819179768
multi_aoi-3fa9a0c892e31b86d751,multi_aoi,AOI-01,sentinel2,2023,2025,3fab57b81623045f745beeaa0c1615c51b0d44344beaa74a1025ee4450b699c7,9abcfb4ecbe4b063ec61cc922755009544dc617843ae27ba909a649bab41a3d6,18ae788e0cf1ef68015dfee09e2ef7a0a1af4676e0b5d436994b707dfe92dec3,a8f53f162d19c589361001b4f38cd05f828cb16b4c645292c65e266e42c873ff,af4df0f16941f432b974d6e8b45e35a5d7c1137eb538357ab65e2c7289f95a43,2026-08-11T15:27:21.528890+00:00,W2023,19878,35,0.001340690317203712,0.00031608190771903753,-0.00022543370822596099,0.40814044911057257,0.8477522178176599
multi_aoi-c974b893530fad9b2ace,multi_aoi,AOI-01,sentinel2,2024,2025,3fab57b81623045f745beeaa0c1615c51b0d44344beaa74a1025ee4450b699c7,9abcfb4ecbe4b063ec61cc922755009544dc617843ae27ba909a649bab41a3d6,18ae788e0cf1ef68015dfee09e2ef7a0a1af4676e0b5d436994b707dfe92dec3,a8f53f162d19c589361001b4f38cd05f828cb16b4c645292c65e266e42c873ff,af4df0f16941f432b974d6e8b45e35a5d7c1137eb538357ab65e2c7289f95a43,2026-08-11T15:27:21.598146+00:00,W2024,19878,35,0.0013951338201383312,0.00032595071153869004,-0.0002328025825148485,0.35909531213758494,0.8470703341120515
multi_aoi-affc9c6500dfef269b29,multi_aoi,AOI-01,sentinel2,2022;2023,2025,3fab57b81623045f745beeaa0c1615c51b0d44344beaa74a1025ee4450b699c7,9abcfb4ecbe4b063ec61cc922755009544dc617843ae27ba909a649bab41a3d6,18ae788e0cf1ef68015dfee09e2ef7a0a1af4676e0b5d436994b707dfe92dec3,a8f53f162d19c589361001b4f38cd05f828cb16b4c645292c65e266e42c873ff,af4df0f16941f432b974d6e8b45e35a5d7c1137eb538357ab65e2c7289f95a43,2026-08-11T15:27:21.675227+00:00,W2022_2023,19878,35,0.0013385107182646676,0.0003311674644508639,-0.00020266468241356616,0.4100632911333084,0.8451722141893854
multi_aoi-2b11925fbb1288d1b83d,multi_aoi,AOI-01,sentinel2,2023;2024,2025,3fab57b81623045f745beeaa0c1615c51b0d44344beaa74a1025ee4450b699c7,9abcfb4ecbe4b063ec61cc922755009544dc617843ae27ba909a649bab41a3d6,18ae788e0cf1ef68015dfee09e2ef7a0a1af4676e0b5d436994b707dfe92dec3,a8f53f162d19c589361001b4f38cd05f828cb16b4c645292c65e266e42c873ff,af4df0f16941f432b974d6e8b45e35a5d7c1137eb538357ab65e2c7289f95a43,2026-08-11T15:27:21.798500+00:00,W2023_2024,19878,35,0.0013658898120329913,0.0003207465893720884,-0.00022872737577569834,0.38568227531703714,0.8475791954719489
multi_aoi-f6ba22729ece71813088,multi_aoi,AOI-01,sentinel2,2022;2023;2024,2025,3fab57b81623045f745beeaa0c1615c51b0d44344beaa74a1025ee4450b699c7,9abcfb4ecbe4b063ec61cc922755009544dc617843ae27ba909a649bab41a3d6,18ae788e0cf1ef68015dfee09e2ef7a0a1af4676e0b5d436994b707dfe92dec3,a8f53f162d19c589361001b4f38cd05f828cb16b4c645292c65e266e42c873ff,af4df0f16941f432b974d6e8b45e35a5d7c1137eb538357ab65e2c7289f95a43,2026-08-11T15:27:21.928427+00:00,W2022_2024,19878,35,0.0013568861977573923,0.00032877467150374973,-0.0002134852983773004,0.39375444924926095,0.8460051752069516
multi_aoi-a6d91658f199c73b0c6a,multi_aoi,AOI-01,landsat,2022,2025,3fab57b81623045f745beeaa0c1615c51b0d44344beaa74a1025ee4450b699c7,9abcfb4ecbe4b063ec61cc922755009544dc617843ae27ba909a649bab41a3d6,18ae788e0cf1ef68015dfee09e2ef7a0a1af4676e0b5d436994b707dfe92dec3,a8f53f162d19c589361001b4f38cd05f828cb16b4c645292c65e266e42c873ff,af4df0f16941f432b974d6e8b45e35a5d7c1137eb538357ab65e2c7289f95a43,2026-08-11T15:27:22.126940+00:00,W2022,14738,35,0.0013951280046526457,0.0005133119633503603,-2.6646491557405347e-05,0.33357066162505355,0.6635350736346466
multi_aoi-ae4a37a750b8d9fb4be7,multi_aoi,AOI-01,landsat,2023,2025,3fab57b81623045f745beeaa0c1615c51b0d44344beaa74a1025ee4450b699c7,9abcfb4ecbe4b063ec61cc922755009544dc617843ae27ba909a649bab41a3d6,18ae788e0cf1ef68015dfee09e2ef7a0a1af4676e0b5d436994b707dfe92dec3,a8f53f162d19c589361001b4f38cd05f828cb16b4c645292c65e266e42c873ff,af4df0f16941f432b974d6e8b45e35a5d7c1137eb538357ab65e2c7289f95a43,2026-08-11T15:27:22.193528+00:00,W2023,14738,35,0.00135561868885219,0.0006013871447245718,0.00013308033600652398,0.3707820696504035,0.6489570632237263
multi_aoi-0153b0621f172bff18e4,multi_aoi,AOI-01,landsat,2024,2025,3fab57b81623045f745beeaa0c1615c51b0d44344beaa74a1025ee4450b699c7,9abcfb4ecbe4b063ec61cc922755009544dc617843ae27ba909a649bab41a3d6,18ae788e0cf1ef68015dfee09e2ef7a0a1af4676e0b5d436994b707dfe92dec3,a8f53f162d19c589361001b4f38cd05f828cb16b4c645292c65e266e42c873ff,af4df0f16941f432b974d6e8b45e35a5d7c1137eb538357ab65e2c7289f95a43,2026-08-11T15:27:22.261468+00:00,W2024,14738,35,0.001375221648064254,0.0006170496079467353,0.0001349960854972197,0.35245285149110284,0.6404183852649107
multi_aoi-e961157ed39ff32391fa,multi_aoi,AOI-01,landsat,2022;2023,2025,3fab57b81623045f745beeaa0c1615c51b0d44344beaa74a1025ee4450b699c7,9abcfb4ecbe4b063ec61cc922755009544dc617843ae27ba909a649bab41a3d6,18ae788e0cf1ef68015dfee09e2ef7a0a1af4676e0b5d436994b707dfe92dec3,a8f53f162d19c589361001b4f38cd05f828cb16b4c645292c65e266e42c873ff,af4df0f16941f432b974d6e8b45e35a5d7c1137eb538357ab65e2c7289f95a43,2026-08-11T15:27:22.338220+00:00,W2022_2023,14738,35,0.0013713010198709206,0.0005540147435389919,4.798856368002982e-05,0.3561397810590151,0.6558753778521125
multi_aoi-17f608c32f85b504a42a,multi_aoi,AOI-01,landsat,2023;2024,2025,3fab57b81623045f745beeaa0c1615c51b0d44344beaa74a1025ee4450b699c7,9abcfb4ecbe4b063ec61cc922755009544dc617843ae27ba909a649bab41a3d6,18ae788e0cf1ef68015dfee09e2ef7a0a1af4676e0b5d436994b707dfe92dec3,a8f53f162d19c589361001b4f38cd05f828cb16b4c645292c65e266e42c873ff,af4df0f16941f432b974d6e8b45e35a5d7c1137eb538357ab65e2c7289f95a43,2026-08-11T15:27:22.463921+00:00,W2023_2024,14738,35,0.0013650952252453096,0.0006097352173020438,0.0001351132243413226,0.3619541472415132,0.6447416215787831
multi_aoi-2c09911f517b431148e3,multi_aoi,AOI-01,landsat,2022;2023;2024,2025,3fab57b81623045f745beeaa0c1615c51b0d44344beaa74a1025ee4450b699c7,9abcfb4ecbe4b063ec61cc922755009544dc617843ae27ba909a649bab41a3d6,18ae788e0cf1ef68015dfee09e2ef7a0a1af4676e0b5d436994b707dfe92dec3,a8f53f162d19c589361001b4f38cd05f828cb16b4c645292c65e266e42c873ff,af4df0f16941f432b974d6e8b45e35a5d7c1137eb538357ab65e2c7289f95a43,2026-08-11T15:27:22.594652+00:00,W2022_2024,14738,35,0.001372422338251498,0.0005738149403587615,7.480297583573888e-05,0.3550863763471589,0.6505171709492424
multi_aoi-56f72ff5e981be70371d,multi_aoi,AOI-01,modis,2022,2025,3fab57b81623045f745beeaa0c1615c51b0d44344beaa74a1025ee4450b699c7,9abcfb4ecbe4b063ec61cc922755009544dc617843ae27ba909a649bab41a3d6,18ae788e0cf1ef68015dfee09e2ef7a0a1af4676e0b5d436994b707dfe92dec3,a8f53f162d19c589361001b4f38cd05f828cb16b4c645292c65e266e42c873ff,af4df0f16941f432b974d6e8b45e35a5d7c1137eb538357ab65e2c7289f95a43,2026-08-11T15:27:22.791895+00:00,W2022,19878,35,0.0013974994908815535,0.0005742492357957356,0.0001561161452490064,0.3569199582033443,0.6717992420444419
multi_aoi-1b3788664b1356720965,multi_aoi,AOI-01,modis,2023,2025,3fab57b81623045f745beeaa0c1615c51b0d44344beaa74a1025ee4450b699c7,9abcfb4ecbe4b063ec61cc922755009544dc617843ae27ba909a649bab41a3d6,18ae788e0cf1ef68015dfee09e2ef7a0a1af4676e0b5d436994b707dfe92dec3,a8f53f162d19c589361001b4f38cd05f828cb16b4c645292c65e266e42c873ff,af4df0f16941f432b974d6e8b45e35a5d7c1137eb538357ab65e2c7289f95a43,2026-08-11T15:27:22.862924+00:00,W2023,19878,35,0.0014177528791645552,0.0005203806900668374,6.465544643525729e-05,0.3381450969537696,0.6830310593402389
multi_aoi-dfc8e0368af4eff139ab,multi_aoi,AOI-01,modis,2024,2025,3fab57b81623045f745beeaa0c1615c51b0d44344beaa74a1025ee4450b699c7,9abcfb4ecbe4b063ec61cc922755009544dc617843ae27ba909a649bab41a3d6,18ae788e0cf1ef68015dfee09e2ef7a0a1af4676e0b5d436994b707dfe92dec3,a8f53f162d19c589361001b4f38cd05f828cb16b4c645292c65e266e42c873ff,af4df0f16941f432b974d6e8b45e35a5d7c1137eb538357ab65e2c7289f95a43,2026-08-11T15:27:22.930390+00:00,W2024,19878,35,0.0015301914218663604,0.000472833643629273,-7.073827276235444e-05,0.2290020191971791,0.6684975744159392
multi_aoi-4345171fab6f74744cb9,multi_aoi,AOI-01,modis,2022;2023,2025,3fab57b81623045f745beeaa0c1615c51b0d44344beaa74a1025ee4450b699c7,9abcfb4ecbe4b063ec61cc922755009544dc617843ae27ba909a649bab41a3d6,18ae788e0cf1ef68015dfee09e2ef7a0a1af4676e0b5d436994b707dfe92dec3,a8f53f162d19c589361001b4f38cd05f828cb16b4c645292c65e266e42c873ff,af4df0f16941f432b974d6e8b45e35a5d7c1137eb538357ab65e2c7289f95a43,2026-08-11T15:27:23.006900+00:00,W2022_2023,19878,35,0.0014088636621423366,0.0005436925003089312,0.00010323943365615068,0.34641865122382665,0.6773116880380224
multi_aoi-41ad1ec1787b6534457c,multi_aoi,AOI-01,modis,2023;2024,2025,3fab57b81623045f745beeaa0c1615c51b0d44344beaa74a1025ee4450b699c7,9abcfb4ecbe4b063ec61cc922755009544dc617843ae27ba909a649bab41a3d6,18ae788e0cf1ef68015dfee09e2ef7a0a1af4676e0b5d436994b707dfe92dec3,a8f53f162d19c589361001b4f38cd05f828cb16b4c645292c65e266e42c873ff,af4df0f16941f432b974d6e8b45e35a5d7c1137eb538357ab65e2c7289f95a43,2026-08-11T15:27:23.128918+00:00,W2023_2024,19878,35,0.0014734826564928472,0.0004930812955601761,-1.0024037016673305e-05,0.28508934238526695,0.6778159407140044
multi_aoi-b80c98fb9760ee7383c0,multi_aoi,AOI-01,modis,2022;2023;2024,2025,3fab57b81623045f745beeaa0c1615c51b0d44344beaa74a1025ee4450b699c7,9abcfb4ecbe4b063ec61cc922755009544dc617843ae27ba909a649bab41a3d6,18ae788e0cf1ef68015dfee09e2ef7a0a1af4676e0b5d436994b707dfe92dec3,a8f53f162d19c589361001b4f38cd05f828cb16b4c645292c65e266e42c873ff,af4df0f16941f432b974d6e8b45e35a5d7c1137eb538357ab65e2c7289f95a43,2026-08-11T15:27:23.262204+00:00,W2022_2024,19878,35,0.0014507230444003477,0.0005119764291834618,2.9472812236953387e-05,0.30700398991242583,0.6763311041706928
multi_aoi-3382c22fcaa13a695bc4,multi_aoi,AOI-02,sentinel2,2022,2025,3fab57b81623045f745beeaa0c1615c51b0d44344beaa74a1025ee4450b699c7,9abcfb4ecbe4b063ec61cc922755009544dc617843ae27ba909a649bab41a3d6,ffcd445586dcd3b933d48bcc1cbd5c7c04e40be18f8c37915aa1d54e8887a72f,7418af55cae20a34b58eafb2985c4939c8fac1747c8ce9f0144dda0f812ea640,af4df0f16941f432b974d6e8b45e35a5d7c1137eb538357ab65e2c7289f95a43,2026-08-11T15:27:23.462762+00:00,W2022,18534,38,0.0605503260563768,0.04670950023920667,-0.01603281084349137,0.8735199262236242,0.93941203928624
multi_aoi-6a52f20280f515104ff7,multi_aoi,AOI-02,sentinel2,2023,2025,3fab57b81623045f745beeaa0c1615c51b0d44344beaa74a1025ee4450b699c7,9abcfb4ecbe4b063ec61cc922755009544dc617843ae27ba909a649bab41a3d6,ffcd445586dcd3b933d48bcc1cbd5c7c04e40be18f8c37915aa1d54e8887a72f,9ac861fd948e2b129a3e4cc00e21d44adea6f28f0b8d629d25a9593d4edc1922,af4df0f16941f432b974d6e8b45e35a5d7c1137eb538357ab65e2c7289f95a43,2026-08-11T15:27:23.525132+00:00,W2023,18534,38,0.06050776597371707,0.047041194917173464,0.015590138274695993,0.873697666325849,0.9394120392862391
multi_aoi-a2d502f24b3a98591029,multi_aoi,AOI-02,sentinel2,2024,2025,3fab57b81623045f745beeaa0c1615c51b0d44344beaa74a1025ee4450b699c7,9abcfb4ecbe4b063ec61cc922755009544dc617843ae27ba909a649bab41a3d6,ffcd445586dcd3b933d48bcc1cbd5c7c04e40be18f8c37915aa1d54e8887a72f,7418af55cae20a34b58eafb2985c4939c8fac1747c8ce9f0144dda0f812ea640,af4df0f16941f432b974d6e8b45e35a5d7c1137eb538357ab65e2c7289f95a43,2026-08-11T15:27:23.582443+00:00,W2024,18534,38,0.058608124197518034,0.04532243195480059,0.005316096771066517,0.881503702338176,0.9394120392862394
multi_aoi-2f9f8e5aa328bc07af30,multi_aoi,AOI-02,sentinel2,2022;2023,2025,3fab57b81623045f745beeaa0c1615c51b0d44344beaa74a1025ee4450b699c7,9abcfb4ecbe4b063ec61cc922755009544dc617843ae27ba909a649bab41a3d6,ffcd445586dcd3b933d48bcc1cbd5c7c04e40be18f8c37915aa1d54e8887a72f,9ac861fd948e2b129a3e4cc00e21d44adea6f28f0b8d629d25a9593d4edc1922,af4df0f16941f432b974d6e8b45e35a5d7c1137eb538357ab65e2c7289f95a43,2026-08-11T15:27:23.652145+00:00,W2022_2023,18534,38,0.05885414933396514,0.045257276789612694,-0.007124335469310317,0.8805067669281802,0.9394120392862397
multi_aoi-b99fb230478db7265030,multi_aoi,AOI-02,sentinel2,2023;2024,2025,3fab57b81623045f745beeaa0c1615c51b0d44344beaa74a1025ee4450b699c7,9abcfb4ecbe4b063ec61cc922755009544dc617843ae27ba909a649bab41a3d6,ffcd445586dcd3b933d48bcc1cbd5c7c04e40be18f8c37915aa1d54e8887a72f,9ac861fd948e2b129a3e4cc00e21d44adea6f28f0b8d629d25a9593d4edc1922,af4df0f16941f432b974d6e8b45e35a5d7c1137eb538357ab65e2c7289f95a43,2026-08-11T15:27:23.760675+00:00,W2023_2024,18534,38,0.058888992705033096,0.04557792733028711,0.007856088726505832,0.8803652380953709,0.9394120392862397
multi_aoi-105166673e0e35a47f2a,multi_aoi,AOI-02,sentinel2,2022;2023;2024,2025,3fab57b81623045f745beeaa0c1615c51b0d44344beaa74a1025ee4450b699c7,9abcfb4ecbe4b063ec61cc922755009544dc617843ae27ba909a649bab41a3d6,ffcd445586dcd3b933d48bcc1cbd5c7c04e40be18f8c37915aa1d54e8887a72f,9ac861fd948e2b129a3e4cc00e21d44adea6f28f0b8d629d25a9593d4edc1922,af4df0f16941f432b974d6e8b45e35a5d7c1137eb538357ab65e2c7289f95a43,2026-08-11T15:27:23.877248+00:00,W2022_2024,18534,38,0.058441757115295166,0.04501297827989674,-0.002545979717764819,0.8821754830274435,0.9394120392862395
multi_aoi-00107429b44e2cfa94ff,multi_aoi,AOI-02,landsat,2022,2025,3fab57b81623045f745beeaa0c1615c51b0d44344beaa74a1025ee4450b699c7,9abcfb4ecbe4b063ec61cc922755009544dc617843ae27ba909a649bab41a3d6,ffcd445586dcd3b933d48bcc1cbd5c7c04e40be18f8c37915aa1d54e8887a72f,4ef3f2238e463ae841222959294750959b47274df54c0134e4c80be3a75e4891,af4df0f16941f432b974d6e8b45e35a5d7c1137eb538357ab65e2c7289f95a43,2026-08-11T15:27:24.052949+00:00,W2022,7600,36,0.05642310551500826,0.043486605363749084,0.0022533289255756857,0.8639456084714267,0.9296188720290788
multi_aoi-99757fd8a95a9a628a54,multi_aoi,AOI-02,landsat,2023,2025,3fab57b81623045f745beeaa0c1615c51b0d44344beaa74a1025ee4450b699c7,9abcfb4ecbe4b063ec61cc922755009544dc617843ae27ba909a649bab41a3d6,ffcd445586dcd3b933d48bcc1cbd5c7c04e40be18f8c37915aa1d54e8887a72f,1afbdf5fe2c5cb53aacfdd97048cc74a2094c0a49ffac44d791da0ae62f6187c,af4df0f16941f432b974d6e8b45e35a5d7c1137eb538357ab65e2c7289f95a43,2026-08-11T15:27:24.108038+00:00,W2023,7600,36,0.06222378910802782,0.04843737970494634,0.02535824638622101,0.834532959139618,0.9296188720290792
multi_aoi-451ffc919b335f8bfd3e,multi_aoi,AOI-02,landsat,2024,2025,3fab57b81623045f745beeaa0c1615c51b0d44344beaa74a1025ee4450b699c7,9abcfb4ecbe4b063ec61cc922755009544dc617843ae27ba909a649bab41a3d6,ffcd445586dcd3b933d48bcc1cbd5c7c04e40be18f8c37915aa1d54e8887a72f,792e207368a1d79debf7e74afbbe8683dc0b35312b28d62ef8007e358b4b1c9d,af4df0f16941f432b974d6e8b45e35a5d7c1137eb538357ab65e2c7289f95a43,2026-08-11T15:27:24.145288+00:00,W2024,7600,36,0.0583223975344482,0.04488035725039942,0.014264307424891954,0.8546318277236518,0.9296188720290797
multi_aoi-96b6c8b4e3c3e4296e0d,multi_aoi,AOI-02,landsat,2022;2023,2025,3fab57b81623045f745beeaa0c1615c51b0d44344beaa74a1025ee4450b699c7,9abcfb4ecbe4b063ec61cc922755009544dc617843ae27ba909a649bab41a3d6,ffcd445586dcd3b933d48bcc1cbd5c7c04e40be18f8c37915aa1d54e8887a72f,1afbdf5fe2c5cb53aacfdd97048cc74a2094c0a49ffac44d791da0ae62f6187c,af4df0f16941f432b974d6e8b45e35a5d7c1137eb538357ab65e2c7289f95a43,2026-08-11T15:27:24.192264+00:00,W2022_2023,7600,36,0.05713461974428642,0.04394988440805559,0.009139457611868145,0.8604925902778102,0.9296188720290792
multi_aoi-2601e49dcbee21b2af98,multi_aoi,AOI-02,landsat,2023;2024,2025,3fab57b81623045f745beeaa0c1615c51b0d44344beaa74a1025ee4450b699c7,9abcfb4ecbe4b063ec61cc922755009544dc617843ae27ba909a649bab41a3d6,ffcd445586dcd3b933d48bcc1cbd5c7c04e40be18f8c37915aa1d54e8887a72f,d8d8622ac2510e2f32e79cb38264f0b686b3f8f62664a25b0afe44fbaa6e6752,af4df0f16941f432b974d6e8b45e35a5d7c1137eb538357ab65e2c7289f95a43,2026-08-11T15:27:24.248437+00:00,W2023_2024,7600,36,0.0621950237358768,0.04844910986697031,0.02560273265802513,0.8346859109573713,0.9296188720290792
multi_aoi-7e4b7d5e72139724180a,multi_aoi,AOI-02,landsat,2022;2023;2024,2025,3fab57b81623045f745beeaa0c1615c51b0d44344beaa74a1025ee4450b699c7,9abcfb4ecbe4b063ec61cc922755009544dc617843ae27ba909a649bab41a3d6,ffcd445586dcd3b933d48bcc1cbd5c7c04e40be18f8c37915aa1d54e8887a72f,d8d8622ac2510e2f32e79cb38264f0b686b3f8f62664a25b0afe44fbaa6e6752,af4df0f16941f432b974d6e8b45e35a5d7c1137eb538357ab65e2c7289f95a43,2026-08-11T15:27:24.301602+00:00,W2022_2024,7600,36,0.05740059364326423,0.04419814090768832,0.010745809036536694,0.8591906932319451,0.9296188720290786
multi_aoi-b0a0121b8b97f5af972b,multi_aoi,AOI-02,modis,2022,2025,3fab57b81623045f745beeaa0c1615c51b0d44344beaa74a1025ee4450b699c7,9abcfb4ecbe4b063ec61cc922755009544dc617843ae27ba909a649bab41a3d6,ffcd445586dcd3b933d48bcc1cbd5c7c04e40be18f8c37915aa1d54e8887a72f,7418af55cae20a34b58eafb2985c4939c8fac1747c8ce9f0144dda0f812ea640,af4df0f16941f432b974d6e8b45e35a5d7c1137eb538357ab65e2c7289f95a43,2026-08-11T15:27:24.416015+00:00,W2022,16568,38,0.054210033999200984,0.042539099241467204,0.02545076071892079,0.8962245981261968,0.958767551298315
multi_aoi-c9e27577761c00c8ac9b,multi_aoi,AOI-02,modis,2023,2025,3fab57b81623045f745beeaa0c1615c51b0d44344beaa74a1025ee4450b699c7,9abcfb4ecbe4b063ec61cc922755009544dc617843ae27ba909a649bab41a3d6,ffcd445586dcd3b933d48bcc1cbd5c7c04e40be18f8c37915aa1d54e8887a72f,7d066ffd64956f6bd7b0aa6e03fba448950b6ee43b72f2b6e4515d06f01600af,af4df0f16941f432b974d6e8b45e35a5d7c1137eb538357ab65e2c7289f95a43,2026-08-11T15:27:24.479312+00:00,W2023,16568,38,0.048153280024952186,0.03699569261896542,0.002930327431786121,0.9181183068195169,0.9588053085050121
multi_aoi-3bfa30fcb7508f09ea2f,multi_aoi,AOI-02,modis,2024,2025,3fab57b81623045f745beeaa0c1615c51b0d44344beaa74a1025ee4450b699c7,9abcfb4ecbe4b063ec61cc922755009544dc617843ae27ba909a649bab41a3d6,ffcd445586dcd3b933d48bcc1cbd5c7c04e40be18f8c37915aa1d54e8887a72f,7418af55cae20a34b58eafb2985c4939c8fac1747c8ce9f0144dda0f812ea640,af4df0f16941f432b974d6e8b45e35a5d7c1137eb538357ab65e2c7289f95a43,2026-08-11T15:27:24.538061+00:00,W2024,16568,38,0.0546623987120001,0.04296589170806379,0.02639474157400855,0.8944854294225392,0.9587673277944574
multi_aoi-e4eb93cf7d4ec3749f43,multi_aoi,AOI-02,modis,2022;2023,2025,3fab57b81623045f745beeaa0c1615c51b0d44344beaa74a1025ee4450b699c7,9abcfb4ecbe4b063ec61cc922755009544dc617843ae27ba909a649bab41a3d6,ffcd445586dcd3b933d48bcc1cbd5c7c04e40be18f8c37915aa1d54e8887a72f,7d066ffd64956f6bd7b0aa6e03fba448950b6ee43b72f2b6e4515d06f01600af,af4df0f16941f432b974d6e8b45e35a5d7c1137eb538357ab65e2c7289f95a43,2026-08-11T15:27:24.610516+00:00,W2022_2023,16568,38,0.0511316663190923,0.03972975723742736,0.018088235673345235,0.907675926784101,0.9587675416927959
multi_aoi-d8577ef83e48679cf7fe,multi_aoi,AOI-02,modis,2023;2024,2025,3fab57b81623045f745beeaa0c1615c51b0d44344beaa74a1025ee4450b699c7,9abcfb4ecbe4b063ec61cc922755009544dc617843ae27ba909a649bab41a3d6,ffcd445586dcd3b933d48bcc1cbd5c7c04e40be18f8c37915aa1d54e8887a72f,7d066ffd64956f6bd7b0aa6e03fba448950b6ee43b72f2b6e4515d06f01600af,af4df0f16941f432b974d6e8b45e35a5d7c1137eb538357ab65e2c7289f95a43,2026-08-11T15:27:24.718494+00:00,W2023_2024,16568,38,0.05129372337244615,0.03980992633749384,0.01849344613966667,0.9070897742762098,0.9587698393509935
multi_aoi-0a35068846c28919d0c6,multi_aoi,AOI-02,modis,2022;2023;2024,2025,3fab57b81623045f745beeaa0c1615c51b0d44344beaa74a1025ee4450b699c7,9abcfb4ecbe4b063ec61cc922755009544dc617843ae27ba909a649bab41a3d6,ffcd445586dcd3b933d48bcc1cbd5c7c04e40be18f8c37915aa1d54e8887a72f,7d066ffd64956f6bd7b0aa6e03fba448950b6ee43b72f2b6e4515d06f01600af,af4df0f16941f432b974d6e8b45e35a5d7c1137eb538357ab65e2c7289f95a43,2026-08-11T15:27:24.843625+00:00,W2022_2024,16568,38,0.052361871732329555,0.04083741555911612,0.021306404149102273,0.9031799306167723,0.9587677386349794
multi_aoi-f61a0360d96c4f74e404,multi_aoi,AOI-03,sentinel2,2022,2025,3fab57b81623045f745beeaa0c1615c51b0d44344beaa74a1025ee4450b699c7,9abcfb4ecbe4b063ec61cc922755009544dc617843ae27ba909a649bab41a3d6,57ca12641709501bb5f30118c491acefed62396c209537573d7eed1d5b0cca15,01a26d6bd2027252499854440f74cd91f849b7842c624201085745012e51f0bb,af4df0f16941f432b974d6e8b45e35a5d7c1137eb538357ab65e2c7289f95a43,2026-08-11T15:27:25.018593+00:00,W2022,18857,35,0.03951876065417722,0.02735860690305402,-0.002053011051756294,0.8492832978981008,0.9221149698776745
multi_aoi-8aeafa51bd99f34af2ae,multi_aoi,AOI-03,sentinel2,2023,2025,3fab57b81623045f745beeaa0c1615c51b0d44344beaa74a1025ee4450b699c7,9abcfb4ecbe4b063ec61cc922755009544dc617843ae27ba909a649bab41a3d6,57ca12641709501bb5f30118c491acefed62396c209537573d7eed1d5b0cca15,01a26d6bd2027252499854440f74cd91f849b7842c624201085745012e51f0bb,af4df0f16941f432b974d6e8b45e35a5d7c1137eb538357ab65e2c7289f95a43,2026-08-11T15:27:25.083784+00:00,W2023,18857,35,0.039786712180285164,0.027126749575029772,-0.004005228405597666,0.8472325411759636,0.9221122032332009
multi_aoi-a10708ea994114329641,multi_aoi,AOI-03,sentinel2,2024,2025,3fab57b81623045f745beeaa0c1615c51b0d44344beaa74a1025ee4450b699c7,9abcfb4ecbe4b063ec61cc922755009544dc617843ae27ba909a649bab41a3d6,57ca12641709501bb5f30118c491acefed62396c209537573d7eed1d5b0cca15,01a26d6bd2027252499854440f74cd91f849b7842c624201085745012e51f0bb,af4df0f16941f432b974d6e8b45e35a5d7c1137eb538357ab65e2c7289f95a43,2026-08-11T15:27:25.147377+00:00,W2024,18857,35,0.03962049382151596,0.02805127634825195,0.00046716003125803885,0.848506318916378,0.9220066543467396
multi_aoi-39485d7bed89cea1b464,multi_aoi,AOI-03,sentinel2,2022;2023,2025,3fab57b81623045f745beeaa0c1615c51b0d44344beaa74a1025ee4450b699c7,9abcfb4ecbe4b063ec61cc922755009544dc617843ae27ba909a649bab41a3d6,57ca12641709501bb5f30118c491acefed62396c209537573d7eed1d5b0cca15,01a26d6bd2027252499854440f74cd91f849b7842c624201085745012e51f0bb,af4df0f16941f432b974d6e8b45e35a5d7c1137eb538357ab65e2c7289f95a43,2026-08-11T15:27:25.219182+00:00,W2022_2023,18857,35,0.039646545427459975,0.027236482760993767,-0.0030368742485098878,0.8483070305774125,0.9221091495745114
multi_aoi-8f4dc0535effe377dbd5,multi_aoi,AOI-03,sentinel2,2023;2024,2025,3fab57b81623045f745beeaa0c1615c51b0d44344beaa74a1025ee4450b699c7,9abcfb4ecbe4b063ec61cc922755009544dc617843ae27ba909a649bab41a3d6,57ca12641709501bb5f30118c491acefed62396c209537573d7eed1d5b0cca15,01a26d6bd2027252499854440f74cd91f849b7842c624201085745012e51f0bb,af4df0f16941f432b974d6e8b45e35a5d7c1137eb538357ab65e2c7289f95a43,2026-08-11T15:27:25.332765+00:00,W2023_2024,18857,35,0.039645666464630594,0.0275690781412779,-0.0015974424581981235,0.848313756560833,0.9220492995359216
multi_aoi-857f30914aa6022016e6,multi_aoi,AOI-03,sentinel2,2022;2023;2024,2025,3fab57b81623045f745beeaa0c1615c51b0d44344beaa74a1025ee4450b699c7,9abcfb4ecbe4b063ec61cc922755009544dc617843ae27ba909a649bab41a3d6,57ca12641709501bb5f30118c491acefed62396c209537573d7eed1d5b0cca15,01a26d6bd2027252499854440f74cd91f849b7842c624201085745012e51f0bb,af4df0f16941f432b974d6e8b45e35a5d7c1137eb538357ab65e2c7289f95a43,2026-08-11T15:27:25.457475+00:00,W2022_2024,18857,35,0.03960142659358215,0.02747547288985161,-0.0018325935137303915,0.8486520954685244,0.9220716518121864
multi_aoi-0afd38339cf775848833,multi_aoi,AOI-03,landsat,2022,2025,3fab57b81623045f745beeaa0c1615c51b0d44344beaa74a1025ee4450b699c7,9abcfb4ecbe4b063ec61cc922755009544dc617843ae27ba909a649bab41a3d6,57ca12641709501bb5f30118c491acefed62396c209537573d7eed1d5b0cca15,01a26d6bd2027252499854440f74cd91f849b7842c624201085745012e51f0bb,af4df0f16941f432b974d6e8b45e35a5d7c1137eb538357ab65e2c7289f95a43,2026-08-11T15:27:25.643548+00:00,W2022,14402,35,0.03525327081797773,0.025386190696769013,8.771279047055058e-05,0.8784288833879982,0.9373203389781679
multi_aoi-6eebff4a27fbdf1ef135,multi_aoi,AOI-03,landsat,2023,2025,3fab57b81623045f745beeaa0c1615c51b0d44344beaa74a1025ee4450b699c7,9abcfb4ecbe4b063ec61cc922755009544dc617843ae27ba909a649bab41a3d6,57ca12641709501bb5f30118c491acefed62396c209537573d7eed1d5b0cca15,01a26d6bd2027252499854440f74cd91f849b7842c624201085745012e51f0bb,af4df0f16941f432b974d6e8b45e35a5d7c1137eb538357ab65e2c7289f95a43,2026-08-11T15:27:25.702681+00:00,W2023,14402,35,0.04237940869529899,0.03360818044786372,0.022058142171610614,0.8243123002170549,0.9371070493023295
multi_aoi-7901b773558bbec52925,multi_aoi,AOI-03,landsat,2024,2025,3fab57b81623045f745beeaa0c1615c51b0d44344beaa74a1025ee4450b699c7,9abcfb4ecbe4b063ec61cc922755009544dc617843ae27ba909a649bab41a3d6,57ca12641709501bb5f30118c491acefed62396c209537573d7eed1d5b0cca15,01a26d6bd2027252499854440f74cd91f849b7842c624201085745012e51f0bb,af4df0f16941f432b974d6e8b45e35a5d7c1137eb538357ab65e2c7289f95a43,2026-08-11T15:27:25.758773+00:00,W2024,14402,35,0.035961685341230364,0.026941335824254554,0.006985483956223608,0.8734938483724931,0.937162382311951
multi_aoi-f31526435766b1646444,multi_aoi,AOI-03,landsat,2022;2023,2025,3fab57b81623045f745beeaa0c1615c51b0d44344beaa74a1025ee4450b699c7,9abcfb4ecbe4b063ec61cc922755009544dc617843ae27ba909a649bab41a3d6,57ca12641709501bb5f30118c491acefed62396c209537573d7eed1d5b0cca15,01a26d6bd2027252499854440f74cd91f849b7842c624201085745012e51f0bb,af4df0f16941f432b974d6e8b45e35a5d7c1137eb538357ab65e2c7289f95a43,2026-08-11T15:27:25.823061+00:00,W2022_2023,14402,35,0.03653143446730626,0.027488200078244637,0.00904871756499709,0.8694535631114149,0.9372269641581711
multi_aoi-0d9c4d047931ccf6e956,multi_aoi,AOI-03,landsat,2023;2024,2025,3fab57b81623045f745beeaa0c1615c51b0d44344beaa74a1025ee4450b699c7,9abcfb4ecbe4b063ec61cc922755009544dc617843ae27ba909a649bab41a3d6,57ca12641709501bb5f30118c491acefed62396c209537573d7eed1d5b0cca15,01a26d6bd2027252499854440f74cd91f849b7842c624201085745012e51f0bb,af4df0f16941f432b974d6e8b45e35a5d7c1137eb538357ab65e2c7289f95a43,2026-08-11T15:27:25.926623+00:00,W2023_2024,14402,35,0.037714332502368594,0.029040264709949394,0.013033995780367394,0.8608624274020508,0.9371285156581727
multi_aoi-457fd1e47aad79344611,multi_aoi,AOI-03,landsat,2022;2023;2024,2025,3fab57b81623045f745beeaa0c1615c51b0d44344beaa74a1025ee4450b699c7,9abcfb4ecbe4b063ec61cc922755009544dc617843ae27ba909a649bab41a3d6,57ca12641709501bb5f30118c491acefed62396c209537573d7eed1d5b0cca15,01a26d6bd2027252499854440f74cd91f849b7842c624201085745012e51f0bb,af4df0f16941f432b974d6e8b45e35a5d7c1137eb538357ab65e2c7289f95a43,2026-08-11T15:27:26.038256+00:00,W2022_2024,14402,35,0.03624529886394073,0.027231689080630377,0.008191369113455511,0.8714905865617243,0.9372000064427638
multi_aoi-b76061afda8574ae309a,multi_aoi,AOI-03,modis,2022,2025,3fab57b81623045f745beeaa0c1615c51b0d44344beaa74a1025ee4450b699c7,9abcfb4ecbe4b063ec61cc922755009544dc617843ae27ba909a649bab41a3d6,57ca12641709501bb5f30118c491acefed62396c209537573d7eed1d5b0cca15,01a26d6bd2027252499854440f74cd91f849b7842c624201085745012e51f0bb,af4df0f16941f432b974d6e8b45e35a5d7c1137eb538357ab65e2c7289f95a43,2026-08-11T15:27:26.213434+00:00,W2022,17860,35,0.029232283804308066,0.02339651934632828,0.011241532508911084,0.9191402203765808,0.9660073923688975
multi_aoi-29ec68b91373506d8f24,multi_aoi,AOI-03,modis,2023,2025,3fab57b81623045f745beeaa0c1615c51b0d44344beaa74a1025ee4450b699c7,9abcfb4ecbe4b063ec61cc922755009544dc617843ae27ba909a649bab41a3d6,57ca12641709501bb5f30118c491acefed62396c209537573d7eed1d5b0cca15,01a26d6bd2027252499854440f74cd91f849b7842c624201085745012e51f0bb,af4df0f16941f432b974d6e8b45e35a5d7c1137eb538357ab65e2c7289f95a43,2026-08-11T15:27:26.278639+00:00,W2023,17860,35,0.03337330731418148,0.027551983665077714,0.020122363933461476,0.8946085072647207,0.9658999345079082
multi_aoi-57334b35ec7e973e17de,multi_aoi,AOI-03,modis,2024,2025,3fab57b81623045f745beeaa0c1615c51b0d44344beaa74a1025ee4450b699c7,9abcfb4ecbe4b063ec61cc922755009544dc617843ae27ba909a649bab41a3d6,57ca12641709501bb5f30118c491acefed62396c209537573d7eed1d5b0cca15,01a26d6bd2027252499854440f74cd91f849b7842c624201085745012e51f0bb,af4df0f16941f432b974d6e8b45e35a5d7c1137eb538357ab65e2c7289f95a43,2026-08-11T15:27:26.343333+00:00,W2024,17860,35,0.028290118730593852,0.020383211338155665,-0.004259977231123499,0.924268492688769,0.966580831796315
multi_aoi-ab2fb068dd8fef35c03c,multi_aoi,AOI-03,modis,2022;2023,2025,3fab57b81623045f745beeaa0c1615c51b0d44344beaa74a1025ee4450b699c7,9abcfb4ecbe4b063ec61cc922755009544dc617843ae27ba909a649bab41a3d6,57ca12641709501bb5f30118c491acefed62396c209537573d7eed1d5b0cca15,01a26d6bd2027252499854440f74cd91f849b7842c624201085745012e51f0bb,af4df0f16941f432b974d6e8b45e35a5d7c1137eb538357ab65e2c7289f95a43,2026-08-11T15:27:26.415913+00:00,W2022_2023,17860,35,0.030992121697762255,0.025227746680105287,0.01576594475203228,0.9091113447140327,0.965972638209182
multi_aoi-b19400a0cc81aecb9fcb,multi_aoi,AOI-03,modis,2023;2024,2025,3fab57b81623045f745beeaa0c1615c51b0d44344beaa74a1025ee4450b699c7,9abcfb4ecbe4b063ec61cc922755009544dc617843ae27ba909a649bab41a3d6,57ca12641709501bb5f30118c491acefed62396c209537573d7eed1d5b0cca15,01a26d6bd2027252499854440f74cd91f849b7842c624201085745012e51f0bb,af4df0f16941f432b974d6e8b45e35a5d7c1137eb538357ab65e2c7289f95a43,2026-08-11T15:27:26.530271+00:00,W2023_2024,17860,35,0.028398861421267022,0.022270319766877288,0.007351475658778255,0.9236851741498807,0.9660369316900681
multi_aoi-7b37e5abe16164620cff,multi_aoi,AOI-03,modis,2022;2023;2024,2025,3fab57b81623045f745beeaa0c1615c51b0d44344beaa74a1025ee4450b699c7,9abcfb4ecbe4b063ec61cc922755009544dc617843ae27ba909a649bab41a3d6,57ca12641709501bb5f30118c491acefed62396c209537573d7eed1d5b0cca15,01a26d6bd2027252499854440f74cd91f849b7842c624201085745012e51f0bb,af4df0f16941f432b974d6e8b45e35a5d7c1137eb538357ab65e2c7289f95a43,2026-08-11T15:27:26.652382+00:00,W2022_2024,17860,35,0.02864881688159606,0.022635038955022536,0.008546520200180506,0.9223358768123577,0.9660086616446903
