sensor,AOI,year,aerosol_mode,observations_before_aerosol_qa,observations_after_aerosol_qa,observations_removed,retention_fraction,missing_aerosol_QA_count,retained_300m_identities
landsat,AOI-00,2021,primary_no_aerosol_filter,18094,18094,0,1.0,0,18094
landsat,AOI-00,2022,primary_no_aerosol_filter,18588,18588,0,1.0,0,18588
landsat,AOI-00,2023,primary_no_aerosol_filter,19556,19556,0,1.0,0,19556
landsat,AOI-00,2024,primary_no_aerosol_filter,20186,20186,0,1.0,0,20186
landsat,AOI-00,2025,primary_no_aerosol_filter,20251,20251,0,1.0,0,20251
landsat,AOI-01,2021,primary_no_aerosol_filter,11150,11150,0,1.0,0,11150
landsat,AOI-01,2022,primary_no_aerosol_filter,19149,19149,0,1.0,0,19149
landsat,AOI-01,2023,primary_no_aerosol_filter,19878,19878,0,1.0,0,19878
landsat,AOI-01,2024,primary_no_aerosol_filter,19872,19872,0,1.0,0,19872
landsat,AOI-01,2025,primary_no_aerosol_filter,14738,14738,0,1.0,0,14738
landsat,AOI-02,2021,primary_no_aerosol_filter,1040,1040,0,1.0,0,1040
landsat,AOI-02,2022,primary_no_aerosol_filter,15357,15357,0,1.0,0,15357
landsat,AOI-02,2023,primary_no_aerosol_filter,2686,2686,0,1.0,0,2686
landsat,AOI-02,2024,primary_no_aerosol_filter,1542,1542,0,1.0,0,1542
landsat,AOI-02,2025,primary_no_aerosol_filter,7600,7600,0,1.0,0,7600
landsat,AOI-03,2021,primary_no_aerosol_filter,714,714,0,1.0,0,714
landsat,AOI-03,2022,primary_no_aerosol_filter,16230,16230,0,1.0,0,16230
landsat,AOI-03,2023,primary_no_aerosol_filter,11178,11178,0,1.0,0,11178
landsat,AOI-03,2024,primary_no_aerosol_filter,15551,15551,0,1.0,0,15551
landsat,AOI-03,2025,primary_no_aerosol_filter,14402,14402,0,1.0,0,14402
landsat,AOI-00,2021,exclude_high_aerosol,18094,17563,531,0.9706532552227257,0,17563
landsat,AOI-00,2022,exclude_high_aerosol,18588,18434,154,0.991715085001076,0,18434
landsat,AOI-00,2023,exclude_high_aerosol,19556,19433,123,0.9937103702188587,0,19433
landsat,AOI-00,2024,exclude_high_aerosol,20186,20103,83,0.9958882393738234,0,20103
landsat,AOI-00,2025,exclude_high_aerosol,20251,20233,18,0.9991111550046912,0,20233
landsat,AOI-01,2021,exclude_high_aerosol,11150,10878,272,0.9756053811659193,0,10878
landsat,AOI-01,2022,exclude_high_aerosol,19149,18658,491,0.9743589743589743,0,18658
landsat,AOI-01,2023,exclude_high_aerosol,19878,19829,49,0.9975349632759835,0,19829
landsat,AOI-01,2024,exclude_high_aerosol,19872,18783,1089,0.9451992753623188,0,18783
landsat,AOI-01,2025,exclude_high_aerosol,14738,10301,4437,0.6989415117383634,0,10301
landsat,AOI-02,2021,exclude_high_aerosol,1040,880,160,0.8461538461538461,0,880
landsat,AOI-02,2022,exclude_high_aerosol,15357,14809,548,0.9643159471250895,0,14809
landsat,AOI-02,2023,exclude_high_aerosol,2686,2063,623,0.7680565897244974,0,2063
landsat,AOI-02,2024,exclude_high_aerosol,1542,942,600,0.6108949416342413,0,942
landsat,AOI-02,2025,exclude_high_aerosol,7600,5083,2517,0.6688157894736843,0,5083
landsat,AOI-03,2021,exclude_high_aerosol,714,692,22,0.969187675070028,0,692
landsat,AOI-03,2022,exclude_high_aerosol,16230,16077,153,0.9905730129390018,0,16077
landsat,AOI-03,2023,exclude_high_aerosol,11178,7359,3819,0.6583467525496511,0,7359
landsat,AOI-03,2024,exclude_high_aerosol,15551,15093,458,0.970548517780207,0,15093
landsat,AOI-03,2025,exclude_high_aerosol,14402,13996,406,0.9718094709068185,0,13996
landsat,AOI-00,2021,valid_retrieval_no_high,18094,17159,935,0.9483254117386979,0,17159
landsat,AOI-00,2022,valid_retrieval_no_high,18588,18175,413,0.9777813643210673,0,18175
landsat,AOI-00,2023,valid_retrieval_no_high,19556,19318,238,0.9878298220494989,0,19318
landsat,AOI-00,2024,valid_retrieval_no_high,20186,20037,149,0.9926186465867433,0,20037
landsat,AOI-00,2025,valid_retrieval_no_high,20251,20220,31,0.9984692113969681,0,20220
landsat,AOI-01,2021,valid_retrieval_no_high,11150,10793,357,0.9679820627802691,0,10793
landsat,AOI-01,2022,valid_retrieval_no_high,19149,18430,719,0.9624523473810643,0,18430
landsat,AOI-01,2023,valid_retrieval_no_high,19878,19807,71,0.996428212093772,0,19807
landsat,AOI-01,2024,valid_retrieval_no_high,19872,18610,1262,0.9364935587761675,0,18610
landsat,AOI-01,2025,valid_retrieval_no_high,14738,9498,5240,0.6444565069887366,0,9498
landsat,AOI-02,2021,valid_retrieval_no_high,1040,818,222,0.7865384615384615,0,818
landsat,AOI-02,2022,valid_retrieval_no_high,15357,14148,1209,0.921273686266849,0,14148
landsat,AOI-02,2023,valid_retrieval_no_high,2686,1943,743,0.7233804914370812,0,1943
landsat,AOI-02,2024,valid_retrieval_no_high,1542,819,723,0.5311284046692607,0,819
landsat,AOI-02,2025,valid_retrieval_no_high,7600,4584,3016,0.6031578947368421,0,4584
landsat,AOI-03,2021,valid_retrieval_no_high,714,656,58,0.9187675070028011,0,656
landsat,AOI-03,2022,valid_retrieval_no_high,16230,15763,467,0.971226124460875,0,15763
landsat,AOI-03,2023,valid_retrieval_no_high,11178,6904,4274,0.6176417963857578,0,6904
landsat,AOI-03,2024,valid_retrieval_no_high,15551,14872,679,0.956337213040962,0,14872
landsat,AOI-03,2025,valid_retrieval_no_high,14402,13217,1185,0.9177197611442856,0,13217
landsat,AOI-00,2021,strict_aerosol,18094,16514,1580,0.912678235879297,0,16514
landsat,AOI-00,2022,strict_aerosol,18588,17709,879,0.9527114267269206,0,17709
landsat,AOI-00,2023,strict_aerosol,19556,18637,919,0.9530067498465944,0,18637
landsat,AOI-00,2024,strict_aerosol,20186,19655,531,0.9736946398494005,0,19655
landsat,AOI-00,2025,strict_aerosol,20251,20158,93,0.9954076341909042,0,20158
landsat,AOI-01,2021,strict_aerosol,11150,9913,1237,0.8890582959641256,0,9913
landsat,AOI-01,2022,strict_aerosol,19149,16076,3073,0.8395216460389576,0,16076
landsat,AOI-01,2023,strict_aerosol,19878,18809,1069,0.9462219539189053,0,18809
landsat,AOI-01,2024,strict_aerosol,19872,16065,3807,0.8084239130434783,0,16065
landsat,AOI-01,2025,strict_aerosol,14738,8560,6178,0.5808115076672548,0,8560
landsat,AOI-02,2021,strict_aerosol,1040,756,284,0.7269230769230769,0,756
landsat,AOI-02,2022,strict_aerosol,15357,12670,2687,0.8250309305202839,0,12670
landsat,AOI-02,2023,strict_aerosol,2686,1479,1207,0.5506329113924051,0,1479
landsat,AOI-02,2024,strict_aerosol,1542,548,994,0.3553826199740597,0,548
landsat,AOI-02,2025,strict_aerosol,7600,3006,4594,0.39552631578947367,0,3006
landsat,AOI-03,2021,strict_aerosol,714,591,123,0.8277310924369747,0,591
landsat,AOI-03,2022,strict_aerosol,16230,14794,1436,0.9115218730745533,0,14794
landsat,AOI-03,2023,strict_aerosol,11178,5295,5883,0.4736983360171766,0,5295
landsat,AOI-03,2024,strict_aerosol,15551,13404,2147,0.8619381390264291,0,13404
landsat,AOI-03,2025,strict_aerosol,14402,11693,2709,0.8119011248437717,0,11693
