execution_id,experiment,AOI,sensor,train_years,target_year,processing_hash,source_manifest_hash,AOI_geometry_hash,block_manifest_hash,code_version,timestamp,rolling_id,history_length,target_n,target_block_n,RMSE,MAE,Bias,R2,Pearson_r,n,history_length_rank_by_global_RMSE
rolling_origin-c24cf32cd0b4030fa5a4,rolling_origin,AOI-00,sentinel2,2023,2024,3fab57b81623045f745beeaa0c1615c51b0d44344beaa74a1025ee4450b699c7,9abcfb4ecbe4b063ec61cc922755009544dc617843ae27ba909a649bab41a3d6,1546767a1ff01463f1bf4ea81cd86b44fbf42ba20f48c2d45d50120a3bab3ca5,da07a6bbac9293f09a6effffcf5dbea99b553c25f0c77c183163cdcec9ea4121,4f4edd63727cab87abbe3961a2b2203656f8bcd1d1ef5702a3c6764ff611f672,2026-08-29T05:02:46.001853+00:00,R2024-H1,1,15819,39,0.06195879704205142,0.04838205727919556,0.0012095943697210938,0.5533298137635385,0.7591731831827759,15819,2.0
rolling_origin-e272caf0b3629f8ea204,rolling_origin,AOI-00,sentinel2,2022;2023,2024,3fab57b81623045f745beeaa0c1615c51b0d44344beaa74a1025ee4450b699c7,9abcfb4ecbe4b063ec61cc922755009544dc617843ae27ba909a649bab41a3d6,1546767a1ff01463f1bf4ea81cd86b44fbf42ba20f48c2d45d50120a3bab3ca5,da07a6bbac9293f09a6effffcf5dbea99b553c25f0c77c183163cdcec9ea4121,4f4edd63727cab87abbe3961a2b2203656f8bcd1d1ef5702a3c6764ff611f672,2026-08-29T05:02:46.033241+00:00,R2024-H2,2,15819,39,0.061625151976880364,0.0482686752266148,0.0021346058500921316,0.5581274551887887,0.7591706043119126,15819,1.0
rolling_origin-5f8ac5fb97abaced1244,rolling_origin,AOI-00,sentinel2,2021;2022;2023,2024,3fab57b81623045f745beeaa0c1615c51b0d44344beaa74a1025ee4450b699c7,9abcfb4ecbe4b063ec61cc922755009544dc617843ae27ba909a649bab41a3d6,1546767a1ff01463f1bf4ea81cd86b44fbf42ba20f48c2d45d50120a3bab3ca5,da07a6bbac9293f09a6effffcf5dbea99b553c25f0c77c183163cdcec9ea4121,4f4edd63727cab87abbe3961a2b2203656f8bcd1d1ef5702a3c6764ff611f672,2026-08-29T05:02:46.067455+00:00,R2024-H3,3,15819,39,0.062407772065704116,0.04923844587240268,0.011376970264674099,0.5468329038170205,0.759163345054446,15819,3.0
rolling_origin-ede872fd9ca5576b6ebe,rolling_origin,AOI-00,sentinel2,2024,2025,3fab57b81623045f745beeaa0c1615c51b0d44344beaa74a1025ee4450b699c7,9abcfb4ecbe4b063ec61cc922755009544dc617843ae27ba909a649bab41a3d6,1546767a1ff01463f1bf4ea81cd86b44fbf42ba20f48c2d45d50120a3bab3ca5,da07a6bbac9293f09a6effffcf5dbea99b553c25f0c77c183163cdcec9ea4121,4f4edd63727cab87abbe3961a2b2203656f8bcd1d1ef5702a3c6764ff611f672,2026-08-29T05:02:46.092618+00:00,R2025-H1,1,19233,39,0.0657804286961394,0.05366386427684627,-0.030175287594914984,0.5492768605473173,0.8066261669952048,19233,3.0
rolling_origin-ccfcb37fbe7da4fb1594,rolling_origin,AOI-00,sentinel2,2023;2024,2025,3fab57b81623045f745beeaa0c1615c51b0d44344beaa74a1025ee4450b699c7,9abcfb4ecbe4b063ec61cc922755009544dc617843ae27ba909a649bab41a3d6,1546767a1ff01463f1bf4ea81cd86b44fbf42ba20f48c2d45d50120a3bab3ca5,da07a6bbac9293f09a6effffcf5dbea99b553c25f0c77c183163cdcec9ea4121,4f4edd63727cab87abbe3961a2b2203656f8bcd1d1ef5702a3c6764ff611f672,2026-08-29T05:02:46.120760+00:00,R2025-H2,2,19233,39,0.0636924625340405,0.05173767226390861,-0.02650588494890715,0.5774359597685467,0.8066261669952032,19233,2.0
rolling_origin-bab0b4eb26800afe0cd2,rolling_origin,AOI-00,sentinel2,2022;2023;2024,2025,3fab57b81623045f745beeaa0c1615c51b0d44344beaa74a1025ee4450b699c7,9abcfb4ecbe4b063ec61cc922755009544dc617843ae27ba909a649bab41a3d6,1546767a1ff01463f1bf4ea81cd86b44fbf42ba20f48c2d45d50120a3bab3ca5,da07a6bbac9293f09a6effffcf5dbea99b553c25f0c77c183163cdcec9ea4121,4f4edd63727cab87abbe3961a2b2203656f8bcd1d1ef5702a3c6764ff611f672,2026-08-29T05:02:46.152827+00:00,R2025-H3,3,19233,39,0.06351907062745758,0.05157105451348397,-0.026067722528482776,0.5797335457065202,0.8066261669952041,19233,1.0
rolling_origin-4c3f1ea4a5623c0976d8,rolling_origin,AOI-00,landsat,2023,2024,3fab57b81623045f745beeaa0c1615c51b0d44344beaa74a1025ee4450b699c7,9abcfb4ecbe4b063ec61cc922755009544dc617843ae27ba909a649bab41a3d6,1546767a1ff01463f1bf4ea81cd86b44fbf42ba20f48c2d45d50120a3bab3ca5,da07a6bbac9293f09a6effffcf5dbea99b553c25f0c77c183163cdcec9ea4121,4f4edd63727cab87abbe3961a2b2203656f8bcd1d1ef5702a3c6764ff611f672,2026-08-29T05:02:46.224882+00:00,R2024-H1,1,20186,39,0.053372821640600185,0.04341159041091878,0.022798545199474253,0.667898639718175,0.8542145165039157,20186,3.0
rolling_origin-c831d1003c1c1ae1a639,rolling_origin,AOI-00,landsat,2022;2023,2024,3fab57b81623045f745beeaa0c1615c51b0d44344beaa74a1025ee4450b699c7,9abcfb4ecbe4b063ec61cc922755009544dc617843ae27ba909a649bab41a3d6,1546767a1ff01463f1bf4ea81cd86b44fbf42ba20f48c2d45d50120a3bab3ca5,da07a6bbac9293f09a6effffcf5dbea99b553c25f0c77c183163cdcec9ea4121,4f4edd63727cab87abbe3961a2b2203656f8bcd1d1ef5702a3c6764ff611f672,2026-08-29T05:02:46.254868+00:00,R2024-H2,2,20186,39,0.05223999101389107,0.04243817178459477,0.01927251121001164,0.6818466390847546,0.8542145165039182,20186,2.0
rolling_origin-7a0f9ecb938966029535,rolling_origin,AOI-00,landsat,2021;2022;2023,2024,3fab57b81623045f745beeaa0c1615c51b0d44344beaa74a1025ee4450b699c7,9abcfb4ecbe4b063ec61cc922755009544dc617843ae27ba909a649bab41a3d6,1546767a1ff01463f1bf4ea81cd86b44fbf42ba20f48c2d45d50120a3bab3ca5,da07a6bbac9293f09a6effffcf5dbea99b553c25f0c77c183163cdcec9ea4121,4f4edd63727cab87abbe3961a2b2203656f8bcd1d1ef5702a3c6764ff611f672,2026-08-29T05:02:46.287303+00:00,R2024-H3,3,20186,39,0.05194068260483451,0.04222499940610409,0.01914394081990233,0.6854819068708957,0.8542145165039171,20186,1.0
rolling_origin-2a05c85d513f9483cae8,rolling_origin,AOI-00,landsat,2024,2025,3fab57b81623045f745beeaa0c1615c51b0d44344beaa74a1025ee4450b699c7,9abcfb4ecbe4b063ec61cc922755009544dc617843ae27ba909a649bab41a3d6,1546767a1ff01463f1bf4ea81cd86b44fbf42ba20f48c2d45d50120a3bab3ca5,da07a6bbac9293f09a6effffcf5dbea99b553c25f0c77c183163cdcec9ea4121,4f4edd63727cab87abbe3961a2b2203656f8bcd1d1ef5702a3c6764ff611f672,2026-08-29T05:02:46.313852+00:00,R2025-H1,1,20251,39,0.0545914869893199,0.04345535278618511,-0.026620959027305754,0.6913419838552175,0.8753008071620639,20251,3.0
rolling_origin-ce58854ce20207e5069d,rolling_origin,AOI-00,landsat,2023;2024,2025,3fab57b81623045f745beeaa0c1615c51b0d44344beaa74a1025ee4450b699c7,9abcfb4ecbe4b063ec61cc922755009544dc617843ae27ba909a649bab41a3d6,1546767a1ff01463f1bf4ea81cd86b44fbf42ba20f48c2d45d50120a3bab3ca5,da07a6bbac9293f09a6effffcf5dbea99b553c25f0c77c183163cdcec9ea4121,4f4edd63727cab87abbe3961a2b2203656f8bcd1d1ef5702a3c6764ff611f672,2026-08-29T05:02:46.343661+00:00,R2025-H2,2,20251,39,0.04992647284457529,0.04024357008372468,-0.01515288336156502,0.7418396842401008,0.8753008071620672,20251,2.0
rolling_origin-2181f6b6e0bb0f057e2d,rolling_origin,AOI-00,landsat,2022;2023;2024,2025,3fab57b81623045f745beeaa0c1615c51b0d44344beaa74a1025ee4450b699c7,9abcfb4ecbe4b063ec61cc922755009544dc617843ae27ba909a649bab41a3d6,1546767a1ff01463f1bf4ea81cd86b44fbf42ba20f48c2d45d50120a3bab3ca5,da07a6bbac9293f09a6effffcf5dbea99b553c25f0c77c183163cdcec9ea4121,4f4edd63727cab87abbe3961a2b2203656f8bcd1d1ef5702a3c6764ff611f672,2026-08-29T05:02:46.376024+00:00,R2025-H3,3,20251,39,0.04941579865093187,0.0398007839971875,-0.013564831734708419,0.7470938734763888,0.875300807162066,20251,1.0
rolling_origin-11f50937d0c846a20e4e,rolling_origin,AOI-00,modis,2023,2024,3fab57b81623045f745beeaa0c1615c51b0d44344beaa74a1025ee4450b699c7,9abcfb4ecbe4b063ec61cc922755009544dc617843ae27ba909a649bab41a3d6,1546767a1ff01463f1bf4ea81cd86b44fbf42ba20f48c2d45d50120a3bab3ca5,da07a6bbac9293f09a6effffcf5dbea99b553c25f0c77c183163cdcec9ea4121,4f4edd63727cab87abbe3961a2b2203656f8bcd1d1ef5702a3c6764ff611f672,2026-08-29T05:02:46.450241+00:00,R2024-H1,1,20256,39,0.04563912665302199,0.03737105013442317,0.017348173704043245,0.7595941942574856,0.8921070756870437,20256,3.0
rolling_origin-290191cac79a90db9b7f,rolling_origin,AOI-00,modis,2022;2023,2024,3fab57b81623045f745beeaa0c1615c51b0d44344beaa74a1025ee4450b699c7,9abcfb4ecbe4b063ec61cc922755009544dc617843ae27ba909a649bab41a3d6,1546767a1ff01463f1bf4ea81cd86b44fbf42ba20f48c2d45d50120a3bab3ca5,da07a6bbac9293f09a6effffcf5dbea99b553c25f0c77c183163cdcec9ea4121,4f4edd63727cab87abbe3961a2b2203656f8bcd1d1ef5702a3c6764ff611f672,2026-08-29T05:02:46.478921+00:00,R2024-H2,2,20256,39,0.04518691537902302,0.036921101155368695,0.015595780097063167,0.7643346716066601,0.8921236198273842,20256,2.0
rolling_origin-3447a23284ae6c531bc3,rolling_origin,AOI-00,modis,2021;2022;2023,2024,3fab57b81623045f745beeaa0c1615c51b0d44344beaa74a1025ee4450b699c7,9abcfb4ecbe4b063ec61cc922755009544dc617843ae27ba909a649bab41a3d6,1546767a1ff01463f1bf4ea81cd86b44fbf42ba20f48c2d45d50120a3bab3ca5,da07a6bbac9293f09a6effffcf5dbea99b553c25f0c77c183163cdcec9ea4121,4f4edd63727cab87abbe3961a2b2203656f8bcd1d1ef5702a3c6764ff611f672,2026-08-29T05:02:46.512236+00:00,R2024-H3,3,20256,39,0.04433428920759967,0.036186264331741956,0.01357061085127728,0.7731442449939067,0.8921089734613143,20256,1.0
rolling_origin-1e37c4924fd51893ef96,rolling_origin,AOI-00,modis,2024,2025,3fab57b81623045f745beeaa0c1615c51b0d44344beaa74a1025ee4450b699c7,9abcfb4ecbe4b063ec61cc922755009544dc617843ae27ba909a649bab41a3d6,1546767a1ff01463f1bf4ea81cd86b44fbf42ba20f48c2d45d50120a3bab3ca5,da07a6bbac9293f09a6effffcf5dbea99b553c25f0c77c183163cdcec9ea4121,4f4edd63727cab87abbe3961a2b2203656f8bcd1d1ef5702a3c6764ff611f672,2026-08-29T05:02:46.538416+00:00,R2025-H1,1,20256,39,0.04322787930996629,0.0336620010550069,-0.017883078265251123,0.8074946500900887,0.918938144275343,20256,3.0
rolling_origin-dc5f01a0a517946b1599,rolling_origin,AOI-00,modis,2023;2024,2025,3fab57b81623045f745beeaa0c1615c51b0d44344beaa74a1025ee4450b699c7,9abcfb4ecbe4b063ec61cc922755009544dc617843ae27ba909a649bab41a3d6,1546767a1ff01463f1bf4ea81cd86b44fbf42ba20f48c2d45d50120a3bab3ca5,da07a6bbac9293f09a6effffcf5dbea99b553c25f0c77c183163cdcec9ea4121,4f4edd63727cab87abbe3961a2b2203656f8bcd1d1ef5702a3c6764ff611f672,2026-08-29T05:02:46.567566+00:00,R2025-H2,2,20256,39,0.04002219403667385,0.03149873150648683,-0.008592155694392995,0.8349875435965004,0.9189381442753424,20256,2.0
rolling_origin-e6c3d366eda005cb8ab1,rolling_origin,AOI-00,modis,2022;2023;2024,2025,3fab57b81623045f745beeaa0c1615c51b0d44344beaa74a1025ee4450b699c7,9abcfb4ecbe4b063ec61cc922755009544dc617843ae27ba909a649bab41a3d6,1546767a1ff01463f1bf4ea81cd86b44fbf42ba20f48c2d45d50120a3bab3ca5,da07a6bbac9293f09a6effffcf5dbea99b553c25f0c77c183163cdcec9ea4121,4f4edd63727cab87abbe3961a2b2203656f8bcd1d1ef5702a3c6764ff611f672,2026-08-29T05:02:46.600876+00:00,R2025-H3,3,20256,39,0.039507932464609805,0.0311795790203667,-0.006579829909269168,0.8392009241772134,0.9189381442753416,20256,1.0
rolling_origin-6c5bd88a424b22f1b463,rolling_origin,AOI-01,sentinel2,2023,2024,3fab57b81623045f745beeaa0c1615c51b0d44344beaa74a1025ee4450b699c7,9abcfb4ecbe4b063ec61cc922755009544dc617843ae27ba909a649bab41a3d6,18ae788e0cf1ef68015dfee09e2ef7a0a1af4676e0b5d436994b707dfe92dec3,a8f53f162d19c589361001b4f38cd05f828cb16b4c645292c65e266e42c873ff,4f4edd63727cab87abbe3961a2b2203656f8bcd1d1ef5702a3c6764ff611f672,2026-08-29T05:02:46.672400+00:00,R2024-H1,1,19878,35,0.001262532688527511,0.00038251896581068,0.00011587511667801135,0.3566886020710126,0.721618340955829,19878,2.0
rolling_origin-8b841fba2567db142124,rolling_origin,AOI-01,sentinel2,2022;2023,2024,3fab57b81623045f745beeaa0c1615c51b0d44344beaa74a1025ee4450b699c7,9abcfb4ecbe4b063ec61cc922755009544dc617843ae27ba909a649bab41a3d6,18ae788e0cf1ef68015dfee09e2ef7a0a1af4676e0b5d436994b707dfe92dec3,a8f53f162d19c589361001b4f38cd05f828cb16b4c645292c65e266e42c873ff,4f4edd63727cab87abbe3961a2b2203656f8bcd1d1ef5702a3c6764ff611f672,2026-08-29T05:02:46.702112+00:00,R2024-H2,2,19878,35,0.001283010828018938,0.0004401441957590559,0.00017571242968058223,0.3356504782832469,0.6966180048661349,19878,3.0
rolling_origin-ffc88af5bfa3b14e1e8c,rolling_origin,AOI-01,sentinel2,2021;2022;2023,2024,3fab57b81623045f745beeaa0c1615c51b0d44344beaa74a1025ee4450b699c7,9abcfb4ecbe4b063ec61cc922755009544dc617843ae27ba909a649bab41a3d6,18ae788e0cf1ef68015dfee09e2ef7a0a1af4676e0b5d436994b707dfe92dec3,a8f53f162d19c589361001b4f38cd05f828cb16b4c645292c65e266e42c873ff,4f4edd63727cab87abbe3961a2b2203656f8bcd1d1ef5702a3c6764ff611f672,2026-08-29T05:02:46.735416+00:00,R2024-H3,3,19878,35,0.0012558276218619594,0.0003945561781271218,0.0001318545960316553,0.36350346225029695,0.7195757572646169,19878,1.0
rolling_origin-b6c52692cf48be1ae45e,rolling_origin,AOI-01,sentinel2,2024,2025,3fab57b81623045f745beeaa0c1615c51b0d44344beaa74a1025ee4450b699c7,9abcfb4ecbe4b063ec61cc922755009544dc617843ae27ba909a649bab41a3d6,18ae788e0cf1ef68015dfee09e2ef7a0a1af4676e0b5d436994b707dfe92dec3,a8f53f162d19c589361001b4f38cd05f828cb16b4c645292c65e266e42c873ff,4f4edd63727cab87abbe3961a2b2203656f8bcd1d1ef5702a3c6764ff611f672,2026-08-29T05:02:46.761755+00:00,R2025-H1,1,19878,35,0.0013951338201383312,0.00032595071153869004,-0.0002328025825148485,0.35909531213758494,0.8470703341120515,19878,3.0
rolling_origin-f5bd6d07f7976de0dbbf,rolling_origin,AOI-01,sentinel2,2023;2024,2025,3fab57b81623045f745beeaa0c1615c51b0d44344beaa74a1025ee4450b699c7,9abcfb4ecbe4b063ec61cc922755009544dc617843ae27ba909a649bab41a3d6,18ae788e0cf1ef68015dfee09e2ef7a0a1af4676e0b5d436994b707dfe92dec3,a8f53f162d19c589361001b4f38cd05f828cb16b4c645292c65e266e42c873ff,4f4edd63727cab87abbe3961a2b2203656f8bcd1d1ef5702a3c6764ff611f672,2026-08-29T05:02:46.790269+00:00,R2025-H2,2,19878,35,0.0013658898120329913,0.0003207465893720884,-0.00022872737577569834,0.38568227531703714,0.8475791954719489,19878,2.0
rolling_origin-cd3a82bce60aaa0c1512,rolling_origin,AOI-01,sentinel2,2022;2023;2024,2025,3fab57b81623045f745beeaa0c1615c51b0d44344beaa74a1025ee4450b699c7,9abcfb4ecbe4b063ec61cc922755009544dc617843ae27ba909a649bab41a3d6,18ae788e0cf1ef68015dfee09e2ef7a0a1af4676e0b5d436994b707dfe92dec3,a8f53f162d19c589361001b4f38cd05f828cb16b4c645292c65e266e42c873ff,4f4edd63727cab87abbe3961a2b2203656f8bcd1d1ef5702a3c6764ff611f672,2026-08-29T05:02:46.822916+00:00,R2025-H3,3,19878,35,0.0013568861977573923,0.00032877467150374973,-0.0002134852983773004,0.39375444924926095,0.8460051752069516,19878,1.0
rolling_origin-dcae383708c42d8c5e33,rolling_origin,AOI-01,landsat,2023,2024,3fab57b81623045f745beeaa0c1615c51b0d44344beaa74a1025ee4450b699c7,9abcfb4ecbe4b063ec61cc922755009544dc617843ae27ba909a649bab41a3d6,18ae788e0cf1ef68015dfee09e2ef7a0a1af4676e0b5d436994b707dfe92dec3,a8f53f162d19c589361001b4f38cd05f828cb16b4c645292c65e266e42c873ff,4f4edd63727cab87abbe3961a2b2203656f8bcd1d1ef5702a3c6764ff611f672,2026-08-29T05:02:46.892953+00:00,R2024-H1,1,19872,35,0.001167263452443233,0.00043329393839509244,0.00022542268807187335,0.4502763445266329,0.7349565179115117,19872,1.0
rolling_origin-bde86f10613872b2c966,rolling_origin,AOI-01,landsat,2022;2023,2024,3fab57b81623045f745beeaa0c1615c51b0d44344beaa74a1025ee4450b699c7,9abcfb4ecbe4b063ec61cc922755009544dc617843ae27ba909a649bab41a3d6,18ae788e0cf1ef68015dfee09e2ef7a0a1af4676e0b5d436994b707dfe92dec3,a8f53f162d19c589361001b4f38cd05f828cb16b4c645292c65e266e42c873ff,4f4edd63727cab87abbe3961a2b2203656f8bcd1d1ef5702a3c6764ff611f672,2026-08-29T05:02:46.921512+00:00,R2024-H2,2,19872,35,0.0011817737260908703,0.0003813881692805187,0.0001546346218398443,0.4365241456741199,0.7452122277692741,19872,3.0
rolling_origin-0229cb90eed163fe1754,rolling_origin,AOI-01,landsat,2021;2022;2023,2024,3fab57b81623045f745beeaa0c1615c51b0d44344beaa74a1025ee4450b699c7,9abcfb4ecbe4b063ec61cc922755009544dc617843ae27ba909a649bab41a3d6,18ae788e0cf1ef68015dfee09e2ef7a0a1af4676e0b5d436994b707dfe92dec3,a8f53f162d19c589361001b4f38cd05f828cb16b4c645292c65e266e42c873ff,4f4edd63727cab87abbe3961a2b2203656f8bcd1d1ef5702a3c6764ff611f672,2026-08-29T05:02:46.953310+00:00,R2024-H3,3,19872,35,0.0011809444966472103,0.00035918725558190673,0.0001280057962282033,0.43731463005897453,0.7532417502327515,19872,2.0
rolling_origin-8dba7896042634100b38,rolling_origin,AOI-01,landsat,2024,2025,3fab57b81623045f745beeaa0c1615c51b0d44344beaa74a1025ee4450b699c7,9abcfb4ecbe4b063ec61cc922755009544dc617843ae27ba909a649bab41a3d6,18ae788e0cf1ef68015dfee09e2ef7a0a1af4676e0b5d436994b707dfe92dec3,a8f53f162d19c589361001b4f38cd05f828cb16b4c645292c65e266e42c873ff,4f4edd63727cab87abbe3961a2b2203656f8bcd1d1ef5702a3c6764ff611f672,2026-08-29T05:02:46.979362+00:00,R2025-H1,1,14738,35,0.001375221648064254,0.0006170496079467353,0.0001349960854972197,0.35245285149110284,0.6404183852649107,14738,3.0
rolling_origin-ba6abeab42dffea2ea57,rolling_origin,AOI-01,landsat,2023;2024,2025,3fab57b81623045f745beeaa0c1615c51b0d44344beaa74a1025ee4450b699c7,9abcfb4ecbe4b063ec61cc922755009544dc617843ae27ba909a649bab41a3d6,18ae788e0cf1ef68015dfee09e2ef7a0a1af4676e0b5d436994b707dfe92dec3,a8f53f162d19c589361001b4f38cd05f828cb16b4c645292c65e266e42c873ff,4f4edd63727cab87abbe3961a2b2203656f8bcd1d1ef5702a3c6764ff611f672,2026-08-29T05:02:47.007954+00:00,R2025-H2,2,14738,35,0.0013650952252453096,0.0006097352173020438,0.0001351132243413226,0.3619541472415132,0.6447416215787831,14738,1.0
rolling_origin-5432cebe5b4fb27e3d62,rolling_origin,AOI-01,landsat,2022;2023;2024,2025,3fab57b81623045f745beeaa0c1615c51b0d44344beaa74a1025ee4450b699c7,9abcfb4ecbe4b063ec61cc922755009544dc617843ae27ba909a649bab41a3d6,18ae788e0cf1ef68015dfee09e2ef7a0a1af4676e0b5d436994b707dfe92dec3,a8f53f162d19c589361001b4f38cd05f828cb16b4c645292c65e266e42c873ff,4f4edd63727cab87abbe3961a2b2203656f8bcd1d1ef5702a3c6764ff611f672,2026-08-29T05:02:47.039428+00:00,R2025-H3,3,14738,35,0.001372422338251498,0.0005738149403587615,7.480297583573888e-05,0.3550863763471589,0.6505171709492424,14738,2.0
rolling_origin-e1502f87eb93875bfe49,rolling_origin,AOI-01,modis,2023,2024,3fab57b81623045f745beeaa0c1615c51b0d44344beaa74a1025ee4450b699c7,9abcfb4ecbe4b063ec61cc922755009544dc617843ae27ba909a649bab41a3d6,18ae788e0cf1ef68015dfee09e2ef7a0a1af4676e0b5d436994b707dfe92dec3,a8f53f162d19c589361001b4f38cd05f828cb16b4c645292c65e266e42c873ff,4f4edd63727cab87abbe3961a2b2203656f8bcd1d1ef5702a3c6764ff611f672,2026-08-29T05:02:47.111429+00:00,R2024-H1,1,19878,35,0.0013786732482322923,0.00046091235754468164,0.00020068261519353616,0.23288816930172695,0.5602291444857145,19878,2.0
rolling_origin-9eccf2ccb8bb98c8fe91,rolling_origin,AOI-01,modis,2022;2023,2024,3fab57b81623045f745beeaa0c1615c51b0d44344beaa74a1025ee4450b699c7,9abcfb4ecbe4b063ec61cc922755009544dc617843ae27ba909a649bab41a3d6,18ae788e0cf1ef68015dfee09e2ef7a0a1af4676e0b5d436994b707dfe92dec3,a8f53f162d19c589361001b4f38cd05f828cb16b4c645292c65e266e42c873ff,4f4edd63727cab87abbe3961a2b2203656f8bcd1d1ef5702a3c6764ff611f672,2026-08-29T05:02:47.141017+00:00,R2024-H2,2,19878,35,0.0013800483780977775,0.0004921620121813846,0.00023877468116969812,0.2313571256356295,0.5529276202179613,19878,3.0
rolling_origin-c6c133b2a6ed266271a7,rolling_origin,AOI-01,modis,2021;2022;2023,2024,3fab57b81623045f745beeaa0c1615c51b0d44344beaa74a1025ee4450b699c7,9abcfb4ecbe4b063ec61cc922755009544dc617843ae27ba909a649bab41a3d6,18ae788e0cf1ef68015dfee09e2ef7a0a1af4676e0b5d436994b707dfe92dec3,a8f53f162d19c589361001b4f38cd05f828cb16b4c645292c65e266e42c873ff,4f4edd63727cab87abbe3961a2b2203656f8bcd1d1ef5702a3c6764ff611f672,2026-08-29T05:02:47.174108+00:00,R2024-H3,3,19878,35,0.0013713851121106816,0.0004408871812431159,0.000179839220793206,0.24097716061702512,0.5712188417264286,19878,1.0
rolling_origin-1edf8a914ae58a0804f2,rolling_origin,AOI-01,modis,2024,2025,3fab57b81623045f745beeaa0c1615c51b0d44344beaa74a1025ee4450b699c7,9abcfb4ecbe4b063ec61cc922755009544dc617843ae27ba909a649bab41a3d6,18ae788e0cf1ef68015dfee09e2ef7a0a1af4676e0b5d436994b707dfe92dec3,a8f53f162d19c589361001b4f38cd05f828cb16b4c645292c65e266e42c873ff,4f4edd63727cab87abbe3961a2b2203656f8bcd1d1ef5702a3c6764ff611f672,2026-08-29T05:02:47.201048+00:00,R2025-H1,1,19878,35,0.0015301914218663604,0.000472833643629273,-7.073827276235444e-05,0.2290020191971791,0.6684975744159392,19878,3.0
rolling_origin-bc599ffbebeb4084ffac,rolling_origin,AOI-01,modis,2023;2024,2025,3fab57b81623045f745beeaa0c1615c51b0d44344beaa74a1025ee4450b699c7,9abcfb4ecbe4b063ec61cc922755009544dc617843ae27ba909a649bab41a3d6,18ae788e0cf1ef68015dfee09e2ef7a0a1af4676e0b5d436994b707dfe92dec3,a8f53f162d19c589361001b4f38cd05f828cb16b4c645292c65e266e42c873ff,4f4edd63727cab87abbe3961a2b2203656f8bcd1d1ef5702a3c6764ff611f672,2026-08-29T05:02:47.230341+00:00,R2025-H2,2,19878,35,0.0014734826564928472,0.0004930812955601761,-1.0024037016673305e-05,0.28508934238526695,0.6778159407140044,19878,2.0
rolling_origin-75eccc56a024e5e0f497,rolling_origin,AOI-01,modis,2022;2023;2024,2025,3fab57b81623045f745beeaa0c1615c51b0d44344beaa74a1025ee4450b699c7,9abcfb4ecbe4b063ec61cc922755009544dc617843ae27ba909a649bab41a3d6,18ae788e0cf1ef68015dfee09e2ef7a0a1af4676e0b5d436994b707dfe92dec3,a8f53f162d19c589361001b4f38cd05f828cb16b4c645292c65e266e42c873ff,4f4edd63727cab87abbe3961a2b2203656f8bcd1d1ef5702a3c6764ff611f672,2026-08-29T05:02:47.263220+00:00,R2025-H3,3,19878,35,0.0014507230444003477,0.0005119764291834618,2.9472812236953387e-05,0.30700398991242583,0.6763311041706928,19878,1.0
rolling_origin-f28f528a7092c8c229f2,rolling_origin,AOI-02,sentinel2,2023,2024,3fab57b81623045f745beeaa0c1615c51b0d44344beaa74a1025ee4450b699c7,9abcfb4ecbe4b063ec61cc922755009544dc617843ae27ba909a649bab41a3d6,ffcd445586dcd3b933d48bcc1cbd5c7c04e40be18f8c37915aa1d54e8887a72f,9ac861fd948e2b129a3e4cc00e21d44adea6f28f0b8d629d25a9593d4edc1922,4f4edd63727cab87abbe3961a2b2203656f8bcd1d1ef5702a3c6764ff611f672,2026-08-29T05:02:47.334227+00:00,R2024-H1,1,18284,38,0.05872964836575145,0.04523643595693457,0.0112377634456201,0.883868713481342,0.942721191904112,18284,2.0
rolling_origin-c3ed6da7870f0686a434,rolling_origin,AOI-02,sentinel2,2022;2023,2024,3fab57b81623045f745beeaa0c1615c51b0d44344beaa74a1025ee4450b699c7,9abcfb4ecbe4b063ec61cc922755009544dc617843ae27ba909a649bab41a3d6,ffcd445586dcd3b933d48bcc1cbd5c7c04e40be18f8c37915aa1d54e8887a72f,9ac861fd948e2b129a3e4cc00e21d44adea6f28f0b8d629d25a9593d4edc1922,4f4edd63727cab87abbe3961a2b2203656f8bcd1d1ef5702a3c6764ff611f672,2026-08-29T05:02:47.362177+00:00,R2024-H2,2,18284,38,0.05875890149596883,0.04558267665442289,-0.011670973137420647,0.8837529951069995,0.942721191904113,18284,3.0
rolling_origin-51c3f71be4fe337f8e52,rolling_origin,AOI-02,sentinel2,2021;2022;2023,2024,3fab57b81623045f745beeaa0c1615c51b0d44344beaa74a1025ee4450b699c7,9abcfb4ecbe4b063ec61cc922755009544dc617843ae27ba909a649bab41a3d6,ffcd445586dcd3b933d48bcc1cbd5c7c04e40be18f8c37915aa1d54e8887a72f,9ac861fd948e2b129a3e4cc00e21d44adea6f28f0b8d629d25a9593d4edc1922,4f4edd63727cab87abbe3961a2b2203656f8bcd1d1ef5702a3c6764ff611f672,2026-08-29T05:02:47.394844+00:00,R2024-H3,3,18284,38,0.0579153279391262,0.044525295891383265,0.004028046101404561,0.8870668412050655,0.9427211919041123,18284,1.0
rolling_origin-e8b94203b57f372b2c5c,rolling_origin,AOI-02,sentinel2,2024,2025,3fab57b81623045f745beeaa0c1615c51b0d44344beaa74a1025ee4450b699c7,9abcfb4ecbe4b063ec61cc922755009544dc617843ae27ba909a649bab41a3d6,ffcd445586dcd3b933d48bcc1cbd5c7c04e40be18f8c37915aa1d54e8887a72f,7418af55cae20a34b58eafb2985c4939c8fac1747c8ce9f0144dda0f812ea640,4f4edd63727cab87abbe3961a2b2203656f8bcd1d1ef5702a3c6764ff611f672,2026-08-29T05:02:47.419869+00:00,R2025-H1,1,18534,38,0.058608124197518034,0.04532243195480059,0.005316096771066517,0.881503702338176,0.9394120392862394,18534,2.0
rolling_origin-674b9d82e949a515febe,rolling_origin,AOI-02,sentinel2,2023;2024,2025,3fab57b81623045f745beeaa0c1615c51b0d44344beaa74a1025ee4450b699c7,9abcfb4ecbe4b063ec61cc922755009544dc617843ae27ba909a649bab41a3d6,ffcd445586dcd3b933d48bcc1cbd5c7c04e40be18f8c37915aa1d54e8887a72f,9ac861fd948e2b129a3e4cc00e21d44adea6f28f0b8d629d25a9593d4edc1922,4f4edd63727cab87abbe3961a2b2203656f8bcd1d1ef5702a3c6764ff611f672,2026-08-29T05:02:47.447297+00:00,R2025-H2,2,18534,38,0.058888992705033096,0.04557792733028711,0.007856088726505832,0.8803652380953709,0.9394120392862397,18534,3.0
rolling_origin-6d1bcf71fe74b3fbb83e,rolling_origin,AOI-02,sentinel2,2022;2023;2024,2025,3fab57b81623045f745beeaa0c1615c51b0d44344beaa74a1025ee4450b699c7,9abcfb4ecbe4b063ec61cc922755009544dc617843ae27ba909a649bab41a3d6,ffcd445586dcd3b933d48bcc1cbd5c7c04e40be18f8c37915aa1d54e8887a72f,9ac861fd948e2b129a3e4cc00e21d44adea6f28f0b8d629d25a9593d4edc1922,4f4edd63727cab87abbe3961a2b2203656f8bcd1d1ef5702a3c6764ff611f672,2026-08-29T05:02:47.479190+00:00,R2025-H3,3,18534,38,0.058441757115295166,0.04501297827989674,-0.002545979717764819,0.8821754830274435,0.9394120392862395,18534,1.0
rolling_origin-cc5a65c95b38f71ba757,rolling_origin,AOI-02,landsat,2023,2024,3fab57b81623045f745beeaa0c1615c51b0d44344beaa74a1025ee4450b699c7,9abcfb4ecbe4b063ec61cc922755009544dc617843ae27ba909a649bab41a3d6,ffcd445586dcd3b933d48bcc1cbd5c7c04e40be18f8c37915aa1d54e8887a72f,1afbdf5fe2c5cb53aacfdd97048cc74a2094c0a49ffac44d791da0ae62f6187c,4f4edd63727cab87abbe3961a2b2203656f8bcd1d1ef5702a3c6764ff611f672,2026-08-29T05:02:47.545229+00:00,R2024-H1,1,1542,30,0.061153345629038805,0.0470908739790961,0.009833169569222847,0.903787324519462,0.9521390822006974,1542,3.0
rolling_origin-f77a137abeec76db39ad,rolling_origin,AOI-02,landsat,2022;2023,2024,3fab57b81623045f745beeaa0c1615c51b0d44344beaa74a1025ee4450b699c7,9abcfb4ecbe4b063ec61cc922755009544dc617843ae27ba909a649bab41a3d6,ffcd445586dcd3b933d48bcc1cbd5c7c04e40be18f8c37915aa1d54e8887a72f,1afbdf5fe2c5cb53aacfdd97048cc74a2094c0a49ffac44d791da0ae62f6187c,4f4edd63727cab87abbe3961a2b2203656f8bcd1d1ef5702a3c6764ff611f672,2026-08-29T05:02:47.565543+00:00,R2024-H2,2,1542,30,0.06048621084188809,0.04683752569868093,-0.0038078728634271743,0.9058750830322841,0.9521390822006972,1542,1.0
rolling_origin-2e12355628e8555f00e7,rolling_origin,AOI-02,landsat,2021;2022;2023,2024,3fab57b81623045f745beeaa0c1615c51b0d44344beaa74a1025ee4450b699c7,9abcfb4ecbe4b063ec61cc922755009544dc617843ae27ba909a649bab41a3d6,ffcd445586dcd3b933d48bcc1cbd5c7c04e40be18f8c37915aa1d54e8887a72f,f2e4a77c2097a95e55eb10053c2045d5e8fc4384cc96e4aa75d8a1633e8dfcde,4f4edd63727cab87abbe3961a2b2203656f8bcd1d1ef5702a3c6764ff611f672,2026-08-29T05:02:47.585838+00:00,R2024-H3,3,1542,30,0.06107455111050393,0.047415357864618264,-0.00828523699330934,0.9040350999234452,0.9521390822006977,1542,2.0
rolling_origin-c6c55011ffd98b3800d8,rolling_origin,AOI-02,landsat,2024,2025,3fab57b81623045f745beeaa0c1615c51b0d44344beaa74a1025ee4450b699c7,9abcfb4ecbe4b063ec61cc922755009544dc617843ae27ba909a649bab41a3d6,ffcd445586dcd3b933d48bcc1cbd5c7c04e40be18f8c37915aa1d54e8887a72f,792e207368a1d79debf7e74afbbe8683dc0b35312b28d62ef8007e358b4b1c9d,4f4edd63727cab87abbe3961a2b2203656f8bcd1d1ef5702a3c6764ff611f672,2026-08-29T05:02:47.602860+00:00,R2025-H1,1,7600,36,0.0583223975344482,0.04488035725039942,0.014264307424891954,0.8546318277236518,0.9296188720290797,7600,2.0
rolling_origin-1fe64155ecb32d82e960,rolling_origin,AOI-02,landsat,2023;2024,2025,3fab57b81623045f745beeaa0c1615c51b0d44344beaa74a1025ee4450b699c7,9abcfb4ecbe4b063ec61cc922755009544dc617843ae27ba909a649bab41a3d6,ffcd445586dcd3b933d48bcc1cbd5c7c04e40be18f8c37915aa1d54e8887a72f,d8d8622ac2510e2f32e79cb38264f0b686b3f8f62664a25b0afe44fbaa6e6752,4f4edd63727cab87abbe3961a2b2203656f8bcd1d1ef5702a3c6764ff611f672,2026-08-29T05:02:47.623458+00:00,R2025-H2,2,7600,36,0.0621950237358768,0.04844910986697031,0.02560273265802513,0.8346859109573713,0.9296188720290792,7600,3.0
rolling_origin-177fbfecb3e1b9be89e7,rolling_origin,AOI-02,landsat,2022;2023;2024,2025,3fab57b81623045f745beeaa0c1615c51b0d44344beaa74a1025ee4450b699c7,9abcfb4ecbe4b063ec61cc922755009544dc617843ae27ba909a649bab41a3d6,ffcd445586dcd3b933d48bcc1cbd5c7c04e40be18f8c37915aa1d54e8887a72f,d8d8622ac2510e2f32e79cb38264f0b686b3f8f62664a25b0afe44fbaa6e6752,4f4edd63727cab87abbe3961a2b2203656f8bcd1d1ef5702a3c6764ff611f672,2026-08-29T05:02:47.646889+00:00,R2025-H3,3,7600,36,0.05740059364326423,0.04419814090768832,0.010745809036536694,0.8591906932319451,0.9296188720290786,7600,1.0
rolling_origin-6a4e6fccd266bd0df382,rolling_origin,AOI-02,modis,2023,2024,3fab57b81623045f745beeaa0c1615c51b0d44344beaa74a1025ee4450b699c7,9abcfb4ecbe4b063ec61cc922755009544dc617843ae27ba909a649bab41a3d6,ffcd445586dcd3b933d48bcc1cbd5c7c04e40be18f8c37915aa1d54e8887a72f,7d066ffd64956f6bd7b0aa6e03fba448950b6ee43b72f2b6e4515d06f01600af,4f4edd63727cab87abbe3961a2b2203656f8bcd1d1ef5702a3c6764ff611f672,2026-08-29T05:02:47.713166+00:00,R2024-H1,1,17909,38,0.04987285678171402,0.03944157618835699,-0.02322987380235443,0.9179810397874637,0.9675042317774883,17909,3.0
rolling_origin-404b0a473c16dabca52e,rolling_origin,AOI-02,modis,2022;2023,2024,3fab57b81623045f745beeaa0c1615c51b0d44344beaa74a1025ee4450b699c7,9abcfb4ecbe4b063ec61cc922755009544dc617843ae27ba909a649bab41a3d6,ffcd445586dcd3b933d48bcc1cbd5c7c04e40be18f8c37915aa1d54e8887a72f,7d066ffd64956f6bd7b0aa6e03fba448950b6ee43b72f2b6e4515d06f01600af,4f4edd63727cab87abbe3961a2b2203656f8bcd1d1ef5702a3c6764ff611f672,2026-08-29T05:02:47.741807+00:00,R2024-H2,2,17909,38,0.0449361517040894,0.034524811158377765,-0.008458068234676467,0.9334148286659731,0.9674628316087888,17909,2.0
rolling_origin-563dc112a5fc286e1453,rolling_origin,AOI-02,modis,2021;2022;2023,2024,3fab57b81623045f745beeaa0c1615c51b0d44344beaa74a1025ee4450b699c7,9abcfb4ecbe4b063ec61cc922755009544dc617843ae27ba909a649bab41a3d6,ffcd445586dcd3b933d48bcc1cbd5c7c04e40be18f8c37915aa1d54e8887a72f,0640ff84eba160d873e28e20c3326bedb1df4014a170e847a4aa5ee90af16715,4f4edd63727cab87abbe3961a2b2203656f8bcd1d1ef5702a3c6764ff611f672,2026-08-29T05:02:47.772892+00:00,R2024-H3,3,17909,38,0.044662751993496744,0.03419558875524072,-0.007304743727672142,0.9342225964230021,0.967466095690737,17909,1.0
rolling_origin-d5f3af73dedc6eeed665,rolling_origin,AOI-02,modis,2024,2025,3fab57b81623045f745beeaa0c1615c51b0d44344beaa74a1025ee4450b699c7,9abcfb4ecbe4b063ec61cc922755009544dc617843ae27ba909a649bab41a3d6,ffcd445586dcd3b933d48bcc1cbd5c7c04e40be18f8c37915aa1d54e8887a72f,7418af55cae20a34b58eafb2985c4939c8fac1747c8ce9f0144dda0f812ea640,4f4edd63727cab87abbe3961a2b2203656f8bcd1d1ef5702a3c6764ff611f672,2026-08-29T05:02:47.797353+00:00,R2025-H1,1,16568,38,0.0546623987120001,0.04296589170806379,0.02639474157400855,0.8944854294225392,0.9587673277944574,16568,3.0
rolling_origin-fd246409c7e4347a363d,rolling_origin,AOI-02,modis,2023;2024,2025,3fab57b81623045f745beeaa0c1615c51b0d44344beaa74a1025ee4450b699c7,9abcfb4ecbe4b063ec61cc922755009544dc617843ae27ba909a649bab41a3d6,ffcd445586dcd3b933d48bcc1cbd5c7c04e40be18f8c37915aa1d54e8887a72f,7d066ffd64956f6bd7b0aa6e03fba448950b6ee43b72f2b6e4515d06f01600af,4f4edd63727cab87abbe3961a2b2203656f8bcd1d1ef5702a3c6764ff611f672,2026-08-29T05:02:47.824839+00:00,R2025-H2,2,16568,38,0.05129372337244615,0.03980992633749384,0.01849344613966667,0.9070897742762098,0.9587698393509935,16568,1.0
rolling_origin-22ee2af6f7259b9c6301,rolling_origin,AOI-02,modis,2022;2023;2024,2025,3fab57b81623045f745beeaa0c1615c51b0d44344beaa74a1025ee4450b699c7,9abcfb4ecbe4b063ec61cc922755009544dc617843ae27ba909a649bab41a3d6,ffcd445586dcd3b933d48bcc1cbd5c7c04e40be18f8c37915aa1d54e8887a72f,7d066ffd64956f6bd7b0aa6e03fba448950b6ee43b72f2b6e4515d06f01600af,4f4edd63727cab87abbe3961a2b2203656f8bcd1d1ef5702a3c6764ff611f672,2026-08-29T05:02:47.856709+00:00,R2025-H3,3,16568,38,0.052361871732329555,0.04083741555911612,0.021306404149102273,0.9031799306167723,0.9587677386349794,16568,2.0
rolling_origin-253cc491af15bb427748,rolling_origin,AOI-03,sentinel2,2023,2024,3fab57b81623045f745beeaa0c1615c51b0d44344beaa74a1025ee4450b699c7,9abcfb4ecbe4b063ec61cc922755009544dc617843ae27ba909a649bab41a3d6,57ca12641709501bb5f30118c491acefed62396c209537573d7eed1d5b0cca15,01a26d6bd2027252499854440f74cd91f849b7842c624201085745012e51f0bb,4f4edd63727cab87abbe3961a2b2203656f8bcd1d1ef5702a3c6764ff611f672,2026-08-29T05:02:47.928011+00:00,R2024-H1,1,19142,35,0.035319399623427616,0.024413565672781887,-0.0043802517436222045,0.8801161167581693,0.9391272968581381,19142,3.0
rolling_origin-4710e93e99a0188a0b5e,rolling_origin,AOI-03,sentinel2,2022;2023,2024,3fab57b81623045f745beeaa0c1615c51b0d44344beaa74a1025ee4450b699c7,9abcfb4ecbe4b063ec61cc922755009544dc617843ae27ba909a649bab41a3d6,57ca12641709501bb5f30118c491acefed62396c209537573d7eed1d5b0cca15,01a26d6bd2027252499854440f74cd91f849b7842c624201085745012e51f0bb,4f4edd63727cab87abbe3961a2b2203656f8bcd1d1ef5702a3c6764ff611f672,2026-08-29T05:02:47.955069+00:00,R2024-H2,2,19142,35,0.035207663709435004,0.024416497370248386,-0.003304846093221356,0.8808734425774315,0.939126439540895,19142,2.0
rolling_origin-5ca01bd18ab3bdfcd5e5,rolling_origin,AOI-03,sentinel2,2021;2022;2023,2024,3fab57b81623045f745beeaa0c1615c51b0d44344beaa74a1025ee4450b699c7,9abcfb4ecbe4b063ec61cc922755009544dc617843ae27ba909a649bab41a3d6,57ca12641709501bb5f30118c491acefed62396c209537573d7eed1d5b0cca15,01a26d6bd2027252499854440f74cd91f849b7842c624201085745012e51f0bb,4f4edd63727cab87abbe3961a2b2203656f8bcd1d1ef5702a3c6764ff611f672,2026-08-29T05:02:47.986352+00:00,R2024-H3,3,19142,35,0.03507105550166564,0.024635024990198186,-0.0007321357853781126,0.8817960879513906,0.9391108966641067,19142,1.0
rolling_origin-31ce3d7c223e62990bf2,rolling_origin,AOI-03,sentinel2,2024,2025,3fab57b81623045f745beeaa0c1615c51b0d44344beaa74a1025ee4450b699c7,9abcfb4ecbe4b063ec61cc922755009544dc617843ae27ba909a649bab41a3d6,57ca12641709501bb5f30118c491acefed62396c209537573d7eed1d5b0cca15,01a26d6bd2027252499854440f74cd91f849b7842c624201085745012e51f0bb,4f4edd63727cab87abbe3961a2b2203656f8bcd1d1ef5702a3c6764ff611f672,2026-08-29T05:02:48.011289+00:00,R2025-H1,1,18857,35,0.03962049382151596,0.02805127634825195,0.00046716003125803885,0.848506318916378,0.9220066543467396,18857,2.0
rolling_origin-babee2d575fc1b38cb83,rolling_origin,AOI-03,sentinel2,2023;2024,2025,3fab57b81623045f745beeaa0c1615c51b0d44344beaa74a1025ee4450b699c7,9abcfb4ecbe4b063ec61cc922755009544dc617843ae27ba909a649bab41a3d6,57ca12641709501bb5f30118c491acefed62396c209537573d7eed1d5b0cca15,01a26d6bd2027252499854440f74cd91f849b7842c624201085745012e51f0bb,4f4edd63727cab87abbe3961a2b2203656f8bcd1d1ef5702a3c6764ff611f672,2026-08-29T05:02:48.038386+00:00,R2025-H2,2,18857,35,0.039645666464630594,0.0275690781412779,-0.0015974424581981235,0.848313756560833,0.9220492995359216,18857,3.0
rolling_origin-7d204c6c091e0b25aa5b,rolling_origin,AOI-03,sentinel2,2022;2023;2024,2025,3fab57b81623045f745beeaa0c1615c51b0d44344beaa74a1025ee4450b699c7,9abcfb4ecbe4b063ec61cc922755009544dc617843ae27ba909a649bab41a3d6,57ca12641709501bb5f30118c491acefed62396c209537573d7eed1d5b0cca15,01a26d6bd2027252499854440f74cd91f849b7842c624201085745012e51f0bb,4f4edd63727cab87abbe3961a2b2203656f8bcd1d1ef5702a3c6764ff611f672,2026-08-29T05:02:48.069194+00:00,R2025-H3,3,18857,35,0.03960142659358215,0.02747547288985161,-0.0018325935137303915,0.8486520954685244,0.9220716518121864,18857,1.0
rolling_origin-6f79cbaa32772998b90e,rolling_origin,AOI-03,landsat,2023,2024,3fab57b81623045f745beeaa0c1615c51b0d44344beaa74a1025ee4450b699c7,9abcfb4ecbe4b063ec61cc922755009544dc617843ae27ba909a649bab41a3d6,57ca12641709501bb5f30118c491acefed62396c209537573d7eed1d5b0cca15,01a26d6bd2027252499854440f74cd91f849b7842c624201085745012e51f0bb,4f4edd63727cab87abbe3961a2b2203656f8bcd1d1ef5702a3c6764ff611f672,2026-08-29T05:02:48.136235+00:00,R2024-H1,1,15551,35,0.0366725052882726,0.028260908685778737,0.016506302140208807,0.869128948413187,0.9498769568720911,15551,3.0
rolling_origin-caecf3e3f224912c4fc5,rolling_origin,AOI-03,landsat,2022;2023,2024,3fab57b81623045f745beeaa0c1615c51b0d44344beaa74a1025ee4450b699c7,9abcfb4ecbe4b063ec61cc922755009544dc617843ae27ba909a649bab41a3d6,57ca12641709501bb5f30118c491acefed62396c209537573d7eed1d5b0cca15,01a26d6bd2027252499854440f74cd91f849b7842c624201085745012e51f0bb,4f4edd63727cab87abbe3961a2b2203656f8bcd1d1ef5702a3c6764ff611f672,2026-08-29T05:02:48.161081+00:00,R2024-H2,2,15551,35,0.03195255354684338,0.02243793378861154,0.0026966815618511327,0.9006486952354196,0.9499401959596183,15551,1.0
rolling_origin-51d3182182bbcd8434be,rolling_origin,AOI-03,landsat,2021;2022;2023,2024,3fab57b81623045f745beeaa0c1615c51b0d44344beaa74a1025ee4450b699c7,9abcfb4ecbe4b063ec61cc922755009544dc617843ae27ba909a649bab41a3d6,57ca12641709501bb5f30118c491acefed62396c209537573d7eed1d5b0cca15,d73bd7af84286421b3c3b68cdb7fc0ea151d5a4c7c6def3ab29e3691e25de5cf,4f4edd63727cab87abbe3961a2b2203656f8bcd1d1ef5702a3c6764ff611f672,2026-08-29T05:02:48.186892+00:00,R2024-H3,3,15551,35,0.03228619380570805,0.02302877256291571,0.004881163761884751,0.8985630619681374,0.9499259361101391,15551,2.0
rolling_origin-95522d5c9e1b65ae6fba,rolling_origin,AOI-03,landsat,2024,2025,3fab57b81623045f745beeaa0c1615c51b0d44344beaa74a1025ee4450b699c7,9abcfb4ecbe4b063ec61cc922755009544dc617843ae27ba909a649bab41a3d6,57ca12641709501bb5f30118c491acefed62396c209537573d7eed1d5b0cca15,01a26d6bd2027252499854440f74cd91f849b7842c624201085745012e51f0bb,4f4edd63727cab87abbe3961a2b2203656f8bcd1d1ef5702a3c6764ff611f672,2026-08-29T05:02:48.209401+00:00,R2025-H1,1,14402,35,0.035961685341230364,0.026941335824254554,0.006985483956223608,0.8734938483724931,0.937162382311951,14402,1.0
rolling_origin-85e1e4abade5d32e86e3,rolling_origin,AOI-03,landsat,2023;2024,2025,3fab57b81623045f745beeaa0c1615c51b0d44344beaa74a1025ee4450b699c7,9abcfb4ecbe4b063ec61cc922755009544dc617843ae27ba909a649bab41a3d6,57ca12641709501bb5f30118c491acefed62396c209537573d7eed1d5b0cca15,01a26d6bd2027252499854440f74cd91f849b7842c624201085745012e51f0bb,4f4edd63727cab87abbe3961a2b2203656f8bcd1d1ef5702a3c6764ff611f672,2026-08-29T05:02:48.234520+00:00,R2025-H2,2,14402,35,0.037714332502368594,0.029040264709949394,0.013033995780367394,0.8608624274020508,0.9371285156581727,14402,3.0
rolling_origin-9266ef7b7907088729d3,rolling_origin,AOI-03,landsat,2022;2023;2024,2025,3fab57b81623045f745beeaa0c1615c51b0d44344beaa74a1025ee4450b699c7,9abcfb4ecbe4b063ec61cc922755009544dc617843ae27ba909a649bab41a3d6,57ca12641709501bb5f30118c491acefed62396c209537573d7eed1d5b0cca15,01a26d6bd2027252499854440f74cd91f849b7842c624201085745012e51f0bb,4f4edd63727cab87abbe3961a2b2203656f8bcd1d1ef5702a3c6764ff611f672,2026-08-29T05:02:48.262872+00:00,R2025-H3,3,14402,35,0.03624529886394073,0.027231689080630377,0.008191369113455511,0.8714905865617243,0.9372000064427638,14402,2.0
rolling_origin-3dce9afab7106b68bf53,rolling_origin,AOI-03,modis,2023,2024,3fab57b81623045f745beeaa0c1615c51b0d44344beaa74a1025ee4450b699c7,9abcfb4ecbe4b063ec61cc922755009544dc617843ae27ba909a649bab41a3d6,57ca12641709501bb5f30118c491acefed62396c209537573d7eed1d5b0cca15,01a26d6bd2027252499854440f74cd91f849b7842c624201085745012e51f0bb,4f4edd63727cab87abbe3961a2b2203656f8bcd1d1ef5702a3c6764ff611f672,2026-08-29T05:02:48.331994+00:00,R2024-H1,1,18695,35,0.04273299204423575,0.03153119027836989,0.026874523439092433,0.82176800058503,0.9483223753441992,18695,3.0
rolling_origin-749df0b357c7787de2df,rolling_origin,AOI-03,modis,2022;2023,2024,3fab57b81623045f745beeaa0c1615c51b0d44344beaa74a1025ee4450b699c7,9abcfb4ecbe4b063ec61cc922755009544dc617843ae27ba909a649bab41a3d6,57ca12641709501bb5f30118c491acefed62396c209537573d7eed1d5b0cca15,01a26d6bd2027252499854440f74cd91f849b7842c624201085745012e51f0bb,4f4edd63727cab87abbe3961a2b2203656f8bcd1d1ef5702a3c6764ff611f672,2026-08-29T05:02:48.359360+00:00,R2024-H2,2,18695,35,0.039580195973503166,0.02858070837711823,0.022129280979870533,0.8470973700081356,0.9483802543195893,18695,2.0
rolling_origin-58c32fd9c190107902a9,rolling_origin,AOI-03,modis,2021;2022;2023,2024,3fab57b81623045f745beeaa0c1615c51b0d44344beaa74a1025ee4450b699c7,9abcfb4ecbe4b063ec61cc922755009544dc617843ae27ba909a649bab41a3d6,57ca12641709501bb5f30118c491acefed62396c209537573d7eed1d5b0cca15,01a26d6bd2027252499854440f74cd91f849b7842c624201085745012e51f0bb,4f4edd63727cab87abbe3961a2b2203656f8bcd1d1ef5702a3c6764ff611f672,2026-08-29T05:02:48.390077+00:00,R2024-H3,3,18695,35,0.035474433543486866,0.02497746867170899,0.014364446700107685,0.8771740833792643,0.9485517540946949,18695,1.0
rolling_origin-569288644b00ccdc4f86,rolling_origin,AOI-03,modis,2024,2025,3fab57b81623045f745beeaa0c1615c51b0d44344beaa74a1025ee4450b699c7,9abcfb4ecbe4b063ec61cc922755009544dc617843ae27ba909a649bab41a3d6,57ca12641709501bb5f30118c491acefed62396c209537573d7eed1d5b0cca15,01a26d6bd2027252499854440f74cd91f849b7842c624201085745012e51f0bb,4f4edd63727cab87abbe3961a2b2203656f8bcd1d1ef5702a3c6764ff611f672,2026-08-29T05:02:48.414926+00:00,R2025-H1,1,17860,35,0.028290118730593852,0.020383211338155665,-0.004259977231123499,0.924268492688769,0.966580831796315,17860,1.0
rolling_origin-49c561146ab50a2c3c62,rolling_origin,AOI-03,modis,2023;2024,2025,3fab57b81623045f745beeaa0c1615c51b0d44344beaa74a1025ee4450b699c7,9abcfb4ecbe4b063ec61cc922755009544dc617843ae27ba909a649bab41a3d6,57ca12641709501bb5f30118c491acefed62396c209537573d7eed1d5b0cca15,01a26d6bd2027252499854440f74cd91f849b7842c624201085745012e51f0bb,4f4edd63727cab87abbe3961a2b2203656f8bcd1d1ef5702a3c6764ff611f672,2026-08-29T05:02:48.442657+00:00,R2025-H2,2,17860,35,0.028398861421267022,0.022270319766877288,0.007351475658778255,0.9236851741498807,0.9660369316900681,17860,2.0
rolling_origin-9c232a91b03a332ad036,rolling_origin,AOI-03,modis,2022;2023;2024,2025,3fab57b81623045f745beeaa0c1615c51b0d44344beaa74a1025ee4450b699c7,9abcfb4ecbe4b063ec61cc922755009544dc617843ae27ba909a649bab41a3d6,57ca12641709501bb5f30118c491acefed62396c209537573d7eed1d5b0cca15,01a26d6bd2027252499854440f74cd91f849b7842c624201085745012e51f0bb,4f4edd63727cab87abbe3961a2b2203656f8bcd1d1ef5702a3c6764ff611f672,2026-08-29T05:02:48.474035+00:00,R2025-H3,3,17860,35,0.02864881688159606,0.022635038955022536,0.008546520200180506,0.9223358768123577,0.9660086616446903,17860,3.0
